id,channel,source,release,version,index_family,effective_variant,wheel_variant,python_tag,abi_tag,operating_system,architecture,platform_tag,filename,index_url,download_url,install_command,commit,published_at,size
6be2ddeaeacb623c,commit,wheels.vllm.ai,,0.27.2rc1.dev122+g8efa13b70,main,cpu,cpu,cp312,cp312,macOS,arm64,macosx_11_0_arm64,vllm-0.27.2rc1.dev122+g8efa13b70.cpu-cp312-cp312-macosx_11_0_arm64.whl,https://wheels.vllm.ai/8efa13b700f1836657699cae2503dc2feab27fa0/cpu,https://wheels.vllm.ai/8efa13b700f1836657699cae2503dc2feab27fa0/vllm-0.27.2rc1.dev122%2Bg8efa13b70.cpu-cp312-cp312-macosx_11_0_arm64.whl,"uv pip install -U ""vllm"" --extra-index-url ""https://wheels.vllm.ai/8efa13b700f1836657699cae2503dc2feab27fa0/cpu"" --index-strategy first-index --torch-backend cpu",8efa13b700f1836657699cae2503dc2feab27fa0,,
3fe1cc8eca62c678,commit,wheels.vllm.ai,,0.27.2rc1.dev122+g8efa13b70,main,cpu,cpu,cp38,abi3,Linux,aarch64,manylinux_2_34_aarch64,vllm-0.27.2rc1.dev122+g8efa13b70.cpu-cp38-abi3-manylinux_2_34_aarch64.whl,https://wheels.vllm.ai/8efa13b700f1836657699cae2503dc2feab27fa0/cpu,https://wheels.vllm.ai/8efa13b700f1836657699cae2503dc2feab27fa0/vllm-0.27.2rc1.dev122%2Bg8efa13b70.cpu-cp38-abi3-manylinux_2_34_aarch64.whl,"uv pip install -U ""vllm"" --extra-index-url ""https://wheels.vllm.ai/8efa13b700f1836657699cae2503dc2feab27fa0/cpu"" --index-strategy first-index --torch-backend cpu",8efa13b700f1836657699cae2503dc2feab27fa0,,
2349c56f1f4f7691,commit,wheels.vllm.ai,,0.27.2rc1.dev122+g8efa13b70,main,cpu,cpu,cp38,abi3,Linux,x86_64,manylinux_2_34_x86_64,vllm-0.27.2rc1.dev122+g8efa13b70.cpu-cp38-abi3-manylinux_2_34_x86_64.whl,https://wheels.vllm.ai/8efa13b700f1836657699cae2503dc2feab27fa0/cpu,https://wheels.vllm.ai/8efa13b700f1836657699cae2503dc2feab27fa0/vllm-0.27.2rc1.dev122%2Bg8efa13b70.cpu-cp38-abi3-manylinux_2_34_x86_64.whl,"uv pip install -U ""vllm"" --extra-index-url ""https://wheels.vllm.ai/8efa13b700f1836657699cae2503dc2feab27fa0/cpu"" --index-strategy first-index --torch-backend cpu",8efa13b700f1836657699cae2503dc2feab27fa0,,
6c43932c8756b4e8,commit,wheels.vllm.ai,,0.27.2rc1.dev122+g8efa13b70,main,cu129,cu129,cp38,abi3,Linux,aarch64,manylinux_2_28_aarch64,vllm-0.27.2rc1.dev122+g8efa13b70.cu129-cp38-abi3-manylinux_2_28_aarch64.whl,https://wheels.vllm.ai/8efa13b700f1836657699cae2503dc2feab27fa0/cu129,https://wheels.vllm.ai/8efa13b700f1836657699cae2503dc2feab27fa0/vllm-0.27.2rc1.dev122%2Bg8efa13b70.cu129-cp38-abi3-manylinux_2_28_aarch64.whl,"uv pip install -U ""vllm"" --extra-index-url ""https://wheels.vllm.ai/8efa13b700f1836657699cae2503dc2feab27fa0/cu129"" --torch-backend auto",8efa13b700f1836657699cae2503dc2feab27fa0,,
9b5f3b57a2e5aa8e,commit,wheels.vllm.ai,,0.27.2rc1.dev122+g8efa13b70,main,cu129,cu129,cp38,abi3,Linux,x86_64,manylinux_2_28_x86_64,vllm-0.27.2rc1.dev122+g8efa13b70.cu129-cp38-abi3-manylinux_2_28_x86_64.whl,https://wheels.vllm.ai/8efa13b700f1836657699cae2503dc2feab27fa0/cu129,https://wheels.vllm.ai/8efa13b700f1836657699cae2503dc2feab27fa0/vllm-0.27.2rc1.dev122%2Bg8efa13b70.cu129-cp38-abi3-manylinux_2_28_x86_64.whl,"uv pip install -U ""vllm"" --extra-index-url ""https://wheels.vllm.ai/8efa13b700f1836657699cae2503dc2feab27fa0/cu129"" --torch-backend auto",8efa13b700f1836657699cae2503dc2feab27fa0,,
5ab55b1663ddd7f6,commit,wheels.vllm.ai,,0.27.2rc1.dev122+g8efa13b70,main,cu130,,cp38,abi3,Linux,aarch64,manylinux_2_28_aarch64,vllm-0.27.2rc1.dev122+g8efa13b70-cp38-abi3-manylinux_2_28_aarch64.whl,https://wheels.vllm.ai/8efa13b700f1836657699cae2503dc2feab27fa0/cu130,https://wheels.vllm.ai/8efa13b700f1836657699cae2503dc2feab27fa0/vllm-0.27.2rc1.dev122%2Bg8efa13b70-cp38-abi3-manylinux_2_28_aarch64.whl,"uv pip install -U ""vllm"" --extra-index-url ""https://wheels.vllm.ai/8efa13b700f1836657699cae2503dc2feab27fa0/cu130"" --torch-backend auto",8efa13b700f1836657699cae2503dc2feab27fa0,,
69d32517084e12d6,commit,wheels.vllm.ai,,0.27.2rc1.dev122+g8efa13b70,main,cu130,,cp38,abi3,Linux,x86_64,manylinux_2_28_x86_64,vllm-0.27.2rc1.dev122+g8efa13b70-cp38-abi3-manylinux_2_28_x86_64.whl,https://wheels.vllm.ai/8efa13b700f1836657699cae2503dc2feab27fa0/cu130,https://wheels.vllm.ai/8efa13b700f1836657699cae2503dc2feab27fa0/vllm-0.27.2rc1.dev122%2Bg8efa13b70-cp38-abi3-manylinux_2_28_x86_64.whl,"uv pip install -U ""vllm"" --extra-index-url ""https://wheels.vllm.ai/8efa13b700f1836657699cae2503dc2feab27fa0/cu130"" --torch-backend auto",8efa13b700f1836657699cae2503dc2feab27fa0,,
37376a7c3a131a2d,commit,wheels.vllm.ai,,0.27.2rc1.dev122+g8efa13b70,main,default,,cp38,abi3,Linux,aarch64,manylinux_2_28_aarch64,vllm-0.27.2rc1.dev122+g8efa13b70-cp38-abi3-manylinux_2_28_aarch64.whl,https://wheels.vllm.ai/8efa13b700f1836657699cae2503dc2feab27fa0,https://wheels.vllm.ai/8efa13b700f1836657699cae2503dc2feab27fa0/vllm-0.27.2rc1.dev122%2Bg8efa13b70-cp38-abi3-manylinux_2_28_aarch64.whl,"uv pip install -U ""vllm"" --extra-index-url ""https://wheels.vllm.ai/8efa13b700f1836657699cae2503dc2feab27fa0"" --torch-backend auto",8efa13b700f1836657699cae2503dc2feab27fa0,,
640a365260226295,commit,wheels.vllm.ai,,0.27.2rc1.dev122+g8efa13b70,main,default,,cp38,abi3,Linux,x86_64,manylinux_2_28_x86_64,vllm-0.27.2rc1.dev122+g8efa13b70-cp38-abi3-manylinux_2_28_x86_64.whl,https://wheels.vllm.ai/8efa13b700f1836657699cae2503dc2feab27fa0,https://wheels.vllm.ai/8efa13b700f1836657699cae2503dc2feab27fa0/vllm-0.27.2rc1.dev122%2Bg8efa13b70-cp38-abi3-manylinux_2_28_x86_64.whl,"uv pip install -U ""vllm"" --extra-index-url ""https://wheels.vllm.ai/8efa13b700f1836657699cae2503dc2feab27fa0"" --torch-backend auto",8efa13b700f1836657699cae2503dc2feab27fa0,,
79613b6bddca157b,commit,wheels.vllm.ai,,0.27.2rc1.dev122+g8efa13b70,main,xpu,xpu,cp38,abi3,Linux,x86_64,manylinux_2_34_x86_64,vllm-0.27.2rc1.dev122+g8efa13b70.xpu-cp38-abi3-manylinux_2_34_x86_64.whl,https://wheels.vllm.ai/8efa13b700f1836657699cae2503dc2feab27fa0/xpu,https://wheels.vllm.ai/8efa13b700f1836657699cae2503dc2feab27fa0/vllm-0.27.2rc1.dev122%2Bg8efa13b70.xpu-cp38-abi3-manylinux_2_34_x86_64.whl,"uv pip install -U ""vllm"" --extra-index-url ""https://wheels.vllm.ai/8efa13b700f1836657699cae2503dc2feab27fa0/xpu"" --torch-backend auto",8efa13b700f1836657699cae2503dc2feab27fa0,,
f77c7afe26e9d398,nightly,wheels.vllm.ai,,0.27.2rc1.dev122+g8efa13b70,main,cpu,cpu,cp312,cp312,macOS,arm64,macosx_11_0_arm64,vllm-0.27.2rc1.dev122+g8efa13b70.cpu-cp312-cp312-macosx_11_0_arm64.whl,https://wheels.vllm.ai/nightly/cpu,https://wheels.vllm.ai/8efa13b700f1836657699cae2503dc2feab27fa0/vllm-0.27.2rc1.dev122%2Bg8efa13b70.cpu-cp312-cp312-macosx_11_0_arm64.whl,"uv pip install -U ""vllm"" --extra-index-url ""https://wheels.vllm.ai/nightly/cpu"" --index-strategy first-index --torch-backend cpu",8efa13b700f1836657699cae2503dc2feab27fa0,,
1db420cbfa08e911,nightly,wheels.vllm.ai,,0.27.2rc1.dev122+g8efa13b70,main,cpu,cpu,cp38,abi3,Linux,aarch64,manylinux_2_34_aarch64,vllm-0.27.2rc1.dev122+g8efa13b70.cpu-cp38-abi3-manylinux_2_34_aarch64.whl,https://wheels.vllm.ai/nightly/cpu,https://wheels.vllm.ai/8efa13b700f1836657699cae2503dc2feab27fa0/vllm-0.27.2rc1.dev122%2Bg8efa13b70.cpu-cp38-abi3-manylinux_2_34_aarch64.whl,"uv pip install -U ""vllm"" --extra-index-url ""https://wheels.vllm.ai/nightly/cpu"" --index-strategy first-index --torch-backend cpu",8efa13b700f1836657699cae2503dc2feab27fa0,,
1f0826a817ce5bb7,nightly,wheels.vllm.ai,,0.27.2rc1.dev122+g8efa13b70,main,cpu,cpu,cp38,abi3,Linux,x86_64,manylinux_2_34_x86_64,vllm-0.27.2rc1.dev122+g8efa13b70.cpu-cp38-abi3-manylinux_2_34_x86_64.whl,https://wheels.vllm.ai/nightly/cpu,https://wheels.vllm.ai/8efa13b700f1836657699cae2503dc2feab27fa0/vllm-0.27.2rc1.dev122%2Bg8efa13b70.cpu-cp38-abi3-manylinux_2_34_x86_64.whl,"uv pip install -U ""vllm"" --extra-index-url ""https://wheels.vllm.ai/nightly/cpu"" --index-strategy first-index --torch-backend cpu",8efa13b700f1836657699cae2503dc2feab27fa0,,
31ab9644af4c188b,nightly,wheels.vllm.ai,,0.27.2rc1.dev122+g8efa13b70,main,cu129,cu129,cp38,abi3,Linux,aarch64,manylinux_2_28_aarch64,vllm-0.27.2rc1.dev122+g8efa13b70.cu129-cp38-abi3-manylinux_2_28_aarch64.whl,https://wheels.vllm.ai/nightly/cu129,https://wheels.vllm.ai/8efa13b700f1836657699cae2503dc2feab27fa0/vllm-0.27.2rc1.dev122%2Bg8efa13b70.cu129-cp38-abi3-manylinux_2_28_aarch64.whl,"uv pip install -U ""vllm"" --extra-index-url ""https://wheels.vllm.ai/nightly/cu129"" --torch-backend auto",8efa13b700f1836657699cae2503dc2feab27fa0,,
9ed528be1202d48e,nightly,wheels.vllm.ai,,0.27.2rc1.dev122+g8efa13b70,main,cu129,cu129,cp38,abi3,Linux,x86_64,manylinux_2_28_x86_64,vllm-0.27.2rc1.dev122+g8efa13b70.cu129-cp38-abi3-manylinux_2_28_x86_64.whl,https://wheels.vllm.ai/nightly/cu129,https://wheels.vllm.ai/8efa13b700f1836657699cae2503dc2feab27fa0/vllm-0.27.2rc1.dev122%2Bg8efa13b70.cu129-cp38-abi3-manylinux_2_28_x86_64.whl,"uv pip install -U ""vllm"" --extra-index-url ""https://wheels.vllm.ai/nightly/cu129"" --torch-backend auto",8efa13b700f1836657699cae2503dc2feab27fa0,,
3ff85c86d424c6c1,nightly,wheels.vllm.ai,,0.27.2rc1.dev122+g8efa13b70,main,cu130,,cp38,abi3,Linux,aarch64,manylinux_2_28_aarch64,vllm-0.27.2rc1.dev122+g8efa13b70-cp38-abi3-manylinux_2_28_aarch64.whl,https://wheels.vllm.ai/nightly/cu130,https://wheels.vllm.ai/8efa13b700f1836657699cae2503dc2feab27fa0/vllm-0.27.2rc1.dev122%2Bg8efa13b70-cp38-abi3-manylinux_2_28_aarch64.whl,"uv pip install -U ""vllm"" --extra-index-url ""https://wheels.vllm.ai/nightly/cu130"" --torch-backend auto",8efa13b700f1836657699cae2503dc2feab27fa0,,
2a91e737d24e6b93,nightly,wheels.vllm.ai,,0.27.2rc1.dev122+g8efa13b70,main,cu130,,cp38,abi3,Linux,x86_64,manylinux_2_28_x86_64,vllm-0.27.2rc1.dev122+g8efa13b70-cp38-abi3-manylinux_2_28_x86_64.whl,https://wheels.vllm.ai/nightly/cu130,https://wheels.vllm.ai/8efa13b700f1836657699cae2503dc2feab27fa0/vllm-0.27.2rc1.dev122%2Bg8efa13b70-cp38-abi3-manylinux_2_28_x86_64.whl,"uv pip install -U ""vllm"" --extra-index-url ""https://wheels.vllm.ai/nightly/cu130"" --torch-backend auto",8efa13b700f1836657699cae2503dc2feab27fa0,,
11b7e7e3980d9947,nightly,wheels.vllm.ai,,0.27.2rc1.dev122+g8efa13b70,main,default,,cp38,abi3,Linux,aarch64,manylinux_2_28_aarch64,vllm-0.27.2rc1.dev122+g8efa13b70-cp38-abi3-manylinux_2_28_aarch64.whl,https://wheels.vllm.ai/nightly,https://wheels.vllm.ai/8efa13b700f1836657699cae2503dc2feab27fa0/vllm-0.27.2rc1.dev122%2Bg8efa13b70-cp38-abi3-manylinux_2_28_aarch64.whl,"uv pip install -U ""vllm"" --extra-index-url ""https://wheels.vllm.ai/nightly"" --torch-backend auto",8efa13b700f1836657699cae2503dc2feab27fa0,,
a8222fadcad7ca06,nightly,wheels.vllm.ai,,0.27.2rc1.dev122+g8efa13b70,main,default,,cp38,abi3,Linux,x86_64,manylinux_2_28_x86_64,vllm-0.27.2rc1.dev122+g8efa13b70-cp38-abi3-manylinux_2_28_x86_64.whl,https://wheels.vllm.ai/nightly,https://wheels.vllm.ai/8efa13b700f1836657699cae2503dc2feab27fa0/vllm-0.27.2rc1.dev122%2Bg8efa13b70-cp38-abi3-manylinux_2_28_x86_64.whl,"uv pip install -U ""vllm"" --extra-index-url ""https://wheels.vllm.ai/nightly"" --torch-backend auto",8efa13b700f1836657699cae2503dc2feab27fa0,,
26c54f57533d5cc5,nightly,wheels.vllm.ai,,0.27.2rc1.dev122+g8efa13b70,rocm,rocm723,rocm723,cp312,cp312,Linux,x86_64,manylinux_2_39_x86_64,vllm-0.27.2rc1.dev122+g8efa13b70.rocm723-cp312-cp312-manylinux_2_39_x86_64.whl,https://wheels.vllm.ai/rocm/nightly/rocm723,https://wheels.vllm.ai/rocm/8efa13b700f1836657699cae2503dc2feab27fa0/vllm-0.27.2rc1.dev122%2Bg8efa13b70.rocm723-cp312-cp312-manylinux_2_39_x86_64.whl,"uv pip install -U ""vllm"" --extra-index-url ""https://wheels.vllm.ai/rocm/nightly/rocm723"" --torch-backend auto",8efa13b700f1836657699cae2503dc2feab27fa0,,
2f2b1bcf218ead44,nightly,wheels.vllm.ai,,0.27.2rc1.dev122+g8efa13b70,main,xpu,xpu,cp38,abi3,Linux,x86_64,manylinux_2_34_x86_64,vllm-0.27.2rc1.dev122+g8efa13b70.xpu-cp38-abi3-manylinux_2_34_x86_64.whl,https://wheels.vllm.ai/nightly/xpu,https://wheels.vllm.ai/8efa13b700f1836657699cae2503dc2feab27fa0/vllm-0.27.2rc1.dev122%2Bg8efa13b70.xpu-cp38-abi3-manylinux_2_34_x86_64.whl,"uv pip install -U ""vllm"" --extra-index-url ""https://wheels.vllm.ai/nightly/xpu"" --torch-backend auto",8efa13b700f1836657699cae2503dc2feab27fa0,,
8a44d0c5523c5acf,commit,wheels.vllm.ai,,0.27.2rc1.dev121+g6593754e6,main,cu130,,cp38,abi3,Linux,aarch64,manylinux_2_28_aarch64,vllm-0.27.2rc1.dev121+g6593754e6-cp38-abi3-manylinux_2_28_aarch64.whl,https://wheels.vllm.ai/6593754e61a45b27a93e40fa0479568945d38661/cu130,https://wheels.vllm.ai/6593754e61a45b27a93e40fa0479568945d38661/vllm-0.27.2rc1.dev121%2Bg6593754e6-cp38-abi3-manylinux_2_28_aarch64.whl,"uv pip install -U ""vllm"" --extra-index-url ""https://wheels.vllm.ai/6593754e61a45b27a93e40fa0479568945d38661/cu130"" --torch-backend auto",6593754e61a45b27a93e40fa0479568945d38661,,
6f9062d4909c9295,commit,wheels.vllm.ai,,0.27.2rc1.dev121+g6593754e6,main,cu130,,cp38,abi3,Linux,x86_64,manylinux_2_28_x86_64,vllm-0.27.2rc1.dev121+g6593754e6-cp38-abi3-manylinux_2_28_x86_64.whl,https://wheels.vllm.ai/6593754e61a45b27a93e40fa0479568945d38661/cu130,https://wheels.vllm.ai/6593754e61a45b27a93e40fa0479568945d38661/vllm-0.27.2rc1.dev121%2Bg6593754e6-cp38-abi3-manylinux_2_28_x86_64.whl,"uv pip install -U ""vllm"" --extra-index-url ""https://wheels.vllm.ai/6593754e61a45b27a93e40fa0479568945d38661/cu130"" --torch-backend auto",6593754e61a45b27a93e40fa0479568945d38661,,
adb3220e8a9dc909,commit,wheels.vllm.ai,,0.27.2rc1.dev121+g6593754e6,main,default,,cp38,abi3,Linux,aarch64,manylinux_2_28_aarch64,vllm-0.27.2rc1.dev121+g6593754e6-cp38-abi3-manylinux_2_28_aarch64.whl,https://wheels.vllm.ai/6593754e61a45b27a93e40fa0479568945d38661,https://wheels.vllm.ai/6593754e61a45b27a93e40fa0479568945d38661/vllm-0.27.2rc1.dev121%2Bg6593754e6-cp38-abi3-manylinux_2_28_aarch64.whl,"uv pip install -U ""vllm"" --extra-index-url ""https://wheels.vllm.ai/6593754e61a45b27a93e40fa0479568945d38661"" --torch-backend auto",6593754e61a45b27a93e40fa0479568945d38661,,
9f52388e5eb679de,commit,wheels.vllm.ai,,0.27.2rc1.dev121+g6593754e6,main,default,,cp38,abi3,Linux,x86_64,manylinux_2_28_x86_64,vllm-0.27.2rc1.dev121+g6593754e6-cp38-abi3-manylinux_2_28_x86_64.whl,https://wheels.vllm.ai/6593754e61a45b27a93e40fa0479568945d38661,https://wheels.vllm.ai/6593754e61a45b27a93e40fa0479568945d38661/vllm-0.27.2rc1.dev121%2Bg6593754e6-cp38-abi3-manylinux_2_28_x86_64.whl,"uv pip install -U ""vllm"" --extra-index-url ""https://wheels.vllm.ai/6593754e61a45b27a93e40fa0479568945d38661"" --torch-backend auto",6593754e61a45b27a93e40fa0479568945d38661,,
89af8479721a86ce,commit,wheels.vllm.ai,,0.27.2rc1.dev120+gedd4c8176,main,cu130,,cp38,abi3,Linux,aarch64,manylinux_2_28_aarch64,vllm-0.27.2rc1.dev120+gedd4c8176-cp38-abi3-manylinux_2_28_aarch64.whl,https://wheels.vllm.ai/edd4c8176cfd98ece8a29beda574378c42971967/cu130,https://wheels.vllm.ai/edd4c8176cfd98ece8a29beda574378c42971967/vllm-0.27.2rc1.dev120%2Bgedd4c8176-cp38-abi3-manylinux_2_28_aarch64.whl,"uv pip install -U ""vllm"" --extra-index-url ""https://wheels.vllm.ai/edd4c8176cfd98ece8a29beda574378c42971967/cu130"" --torch-backend auto",edd4c8176cfd98ece8a29beda574378c42971967,,
ee57e0d8e8098051,commit,wheels.vllm.ai,,0.27.2rc1.dev120+gedd4c8176,main,cu130,,cp38,abi3,Linux,x86_64,manylinux_2_28_x86_64,vllm-0.27.2rc1.dev120+gedd4c8176-cp38-abi3-manylinux_2_28_x86_64.whl,https://wheels.vllm.ai/edd4c8176cfd98ece8a29beda574378c42971967/cu130,https://wheels.vllm.ai/edd4c8176cfd98ece8a29beda574378c42971967/vllm-0.27.2rc1.dev120%2Bgedd4c8176-cp38-abi3-manylinux_2_28_x86_64.whl,"uv pip install -U ""vllm"" --extra-index-url ""https://wheels.vllm.ai/edd4c8176cfd98ece8a29beda574378c42971967/cu130"" --torch-backend auto",edd4c8176cfd98ece8a29beda574378c42971967,,
c2fab9394a5406b1,commit,wheels.vllm.ai,,0.27.2rc1.dev120+gedd4c8176,main,default,,cp38,abi3,Linux,aarch64,manylinux_2_28_aarch64,vllm-0.27.2rc1.dev120+gedd4c8176-cp38-abi3-manylinux_2_28_aarch64.whl,https://wheels.vllm.ai/edd4c8176cfd98ece8a29beda574378c42971967,https://wheels.vllm.ai/edd4c8176cfd98ece8a29beda574378c42971967/vllm-0.27.2rc1.dev120%2Bgedd4c8176-cp38-abi3-manylinux_2_28_aarch64.whl,"uv pip install -U ""vllm"" --extra-index-url ""https://wheels.vllm.ai/edd4c8176cfd98ece8a29beda574378c42971967"" --torch-backend auto",edd4c8176cfd98ece8a29beda574378c42971967,,
b3eef50bd2df109b,commit,wheels.vllm.ai,,0.27.2rc1.dev120+gedd4c8176,main,default,,cp38,abi3,Linux,x86_64,manylinux_2_28_x86_64,vllm-0.27.2rc1.dev120+gedd4c8176-cp38-abi3-manylinux_2_28_x86_64.whl,https://wheels.vllm.ai/edd4c8176cfd98ece8a29beda574378c42971967,https://wheels.vllm.ai/edd4c8176cfd98ece8a29beda574378c42971967/vllm-0.27.2rc1.dev120%2Bgedd4c8176-cp38-abi3-manylinux_2_28_x86_64.whl,"uv pip install -U ""vllm"" --extra-index-url ""https://wheels.vllm.ai/edd4c8176cfd98ece8a29beda574378c42971967"" --torch-backend auto",edd4c8176cfd98ece8a29beda574378c42971967,,
1761817ba938f94a,commit,wheels.vllm.ai,,0.27.2rc1.dev119+gfa9d67f78,main,cu130,,cp38,abi3,Linux,aarch64,manylinux_2_28_aarch64,vllm-0.27.2rc1.dev119+gfa9d67f78-cp38-abi3-manylinux_2_28_aarch64.whl,https://wheels.vllm.ai/fa9d67f7828e9bc105912ddf41dc384105732b1e/cu130,https://wheels.vllm.ai/fa9d67f7828e9bc105912ddf41dc384105732b1e/vllm-0.27.2rc1.dev119%2Bgfa9d67f78-cp38-abi3-manylinux_2_28_aarch64.whl,"uv pip install -U ""vllm"" --extra-index-url ""https://wheels.vllm.ai/fa9d67f7828e9bc105912ddf41dc384105732b1e/cu130"" --torch-backend auto",fa9d67f7828e9bc105912ddf41dc384105732b1e,,
65f7b6d9feb96de0,commit,wheels.vllm.ai,,0.27.2rc1.dev119+gfa9d67f78,main,cu130,,cp38,abi3,Linux,x86_64,manylinux_2_28_x86_64,vllm-0.27.2rc1.dev119+gfa9d67f78-cp38-abi3-manylinux_2_28_x86_64.whl,https://wheels.vllm.ai/fa9d67f7828e9bc105912ddf41dc384105732b1e/cu130,https://wheels.vllm.ai/fa9d67f7828e9bc105912ddf41dc384105732b1e/vllm-0.27.2rc1.dev119%2Bgfa9d67f78-cp38-abi3-manylinux_2_28_x86_64.whl,"uv pip install -U ""vllm"" --extra-index-url ""https://wheels.vllm.ai/fa9d67f7828e9bc105912ddf41dc384105732b1e/cu130"" --torch-backend auto",fa9d67f7828e9bc105912ddf41dc384105732b1e,,
1c996a7017da1a24,commit,wheels.vllm.ai,,0.27.2rc1.dev119+gfa9d67f78,main,default,,cp38,abi3,Linux,aarch64,manylinux_2_28_aarch64,vllm-0.27.2rc1.dev119+gfa9d67f78-cp38-abi3-manylinux_2_28_aarch64.whl,https://wheels.vllm.ai/fa9d67f7828e9bc105912ddf41dc384105732b1e,https://wheels.vllm.ai/fa9d67f7828e9bc105912ddf41dc384105732b1e/vllm-0.27.2rc1.dev119%2Bgfa9d67f78-cp38-abi3-manylinux_2_28_aarch64.whl,"uv pip install -U ""vllm"" --extra-index-url ""https://wheels.vllm.ai/fa9d67f7828e9bc105912ddf41dc384105732b1e"" --torch-backend auto",fa9d67f7828e9bc105912ddf41dc384105732b1e,,
963253e668b81894,commit,wheels.vllm.ai,,0.27.2rc1.dev119+gfa9d67f78,main,default,,cp38,abi3,Linux,x86_64,manylinux_2_28_x86_64,vllm-0.27.2rc1.dev119+gfa9d67f78-cp38-abi3-manylinux_2_28_x86_64.whl,https://wheels.vllm.ai/fa9d67f7828e9bc105912ddf41dc384105732b1e,https://wheels.vllm.ai/fa9d67f7828e9bc105912ddf41dc384105732b1e/vllm-0.27.2rc1.dev119%2Bgfa9d67f78-cp38-abi3-manylinux_2_28_x86_64.whl,"uv pip install -U ""vllm"" --extra-index-url ""https://wheels.vllm.ai/fa9d67f7828e9bc105912ddf41dc384105732b1e"" --torch-backend auto",fa9d67f7828e9bc105912ddf41dc384105732b1e,,
ad3f81e574f5a666,commit,wheels.vllm.ai,,0.27.2rc1.dev118+gc94cdd0ae,main,cu130,,cp38,abi3,Linux,aarch64,manylinux_2_28_aarch64,vllm-0.27.2rc1.dev118+gc94cdd0ae-cp38-abi3-manylinux_2_28_aarch64.whl,https://wheels.vllm.ai/c94cdd0ae03865c00b694ca6f13b2d2bc4360fcd/cu130,https://wheels.vllm.ai/c94cdd0ae03865c00b694ca6f13b2d2bc4360fcd/vllm-0.27.2rc1.dev118%2Bgc94cdd0ae-cp38-abi3-manylinux_2_28_aarch64.whl,"uv pip install -U ""vllm"" --extra-index-url ""https://wheels.vllm.ai/c94cdd0ae03865c00b694ca6f13b2d2bc4360fcd/cu130"" --torch-backend auto",c94cdd0ae03865c00b694ca6f13b2d2bc4360fcd,,
73e2a5375e6bcc39,commit,wheels.vllm.ai,,0.27.2rc1.dev118+gc94cdd0ae,main,cu130,,cp38,abi3,Linux,x86_64,manylinux_2_28_x86_64,vllm-0.27.2rc1.dev118+gc94cdd0ae-cp38-abi3-manylinux_2_28_x86_64.whl,https://wheels.vllm.ai/c94cdd0ae03865c00b694ca6f13b2d2bc4360fcd/cu130,https://wheels.vllm.ai/c94cdd0ae03865c00b694ca6f13b2d2bc4360fcd/vllm-0.27.2rc1.dev118%2Bgc94cdd0ae-cp38-abi3-manylinux_2_28_x86_64.whl,"uv pip install -U ""vllm"" --extra-index-url ""https://wheels.vllm.ai/c94cdd0ae03865c00b694ca6f13b2d2bc4360fcd/cu130"" --torch-backend auto",c94cdd0ae03865c00b694ca6f13b2d2bc4360fcd,,
19708cbe5c6fac3a,commit,wheels.vllm.ai,,0.27.2rc1.dev118+gc94cdd0ae,main,default,,cp38,abi3,Linux,aarch64,manylinux_2_28_aarch64,vllm-0.27.2rc1.dev118+gc94cdd0ae-cp38-abi3-manylinux_2_28_aarch64.whl,https://wheels.vllm.ai/c94cdd0ae03865c00b694ca6f13b2d2bc4360fcd,https://wheels.vllm.ai/c94cdd0ae03865c00b694ca6f13b2d2bc4360fcd/vllm-0.27.2rc1.dev118%2Bgc94cdd0ae-cp38-abi3-manylinux_2_28_aarch64.whl,"uv pip install -U ""vllm"" --extra-index-url ""https://wheels.vllm.ai/c94cdd0ae03865c00b694ca6f13b2d2bc4360fcd"" --torch-backend auto",c94cdd0ae03865c00b694ca6f13b2d2bc4360fcd,,
a104d13217b8c31d,commit,wheels.vllm.ai,,0.27.2rc1.dev118+gc94cdd0ae,main,default,,cp38,abi3,Linux,x86_64,manylinux_2_28_x86_64,vllm-0.27.2rc1.dev118+gc94cdd0ae-cp38-abi3-manylinux_2_28_x86_64.whl,https://wheels.vllm.ai/c94cdd0ae03865c00b694ca6f13b2d2bc4360fcd,https://wheels.vllm.ai/c94cdd0ae03865c00b694ca6f13b2d2bc4360fcd/vllm-0.27.2rc1.dev118%2Bgc94cdd0ae-cp38-abi3-manylinux_2_28_x86_64.whl,"uv pip install -U ""vllm"" --extra-index-url ""https://wheels.vllm.ai/c94cdd0ae03865c00b694ca6f13b2d2bc4360fcd"" --torch-backend auto",c94cdd0ae03865c00b694ca6f13b2d2bc4360fcd,,
983fc15f52646b08,commit,wheels.vllm.ai,,0.27.2rc1.dev117+ged0f4750f,main,cu130,,cp38,abi3,Linux,aarch64,manylinux_2_28_aarch64,vllm-0.27.2rc1.dev117+ged0f4750f-cp38-abi3-manylinux_2_28_aarch64.whl,https://wheels.vllm.ai/ed0f4750f8766c2cc3984be4f1ba073a6915d4ed/cu130,https://wheels.vllm.ai/ed0f4750f8766c2cc3984be4f1ba073a6915d4ed/vllm-0.27.2rc1.dev117%2Bged0f4750f-cp38-abi3-manylinux_2_28_aarch64.whl,"uv pip install -U ""vllm"" --extra-index-url ""https://wheels.vllm.ai/ed0f4750f8766c2cc3984be4f1ba073a6915d4ed/cu130"" --torch-backend auto",ed0f4750f8766c2cc3984be4f1ba073a6915d4ed,,
4d74dc8977064b9f,commit,wheels.vllm.ai,,0.27.2rc1.dev117+ged0f4750f,main,cu130,,cp38,abi3,Linux,x86_64,manylinux_2_28_x86_64,vllm-0.27.2rc1.dev117+ged0f4750f-cp38-abi3-manylinux_2_28_x86_64.whl,https://wheels.vllm.ai/ed0f4750f8766c2cc3984be4f1ba073a6915d4ed/cu130,https://wheels.vllm.ai/ed0f4750f8766c2cc3984be4f1ba073a6915d4ed/vllm-0.27.2rc1.dev117%2Bged0f4750f-cp38-abi3-manylinux_2_28_x86_64.whl,"uv pip install -U ""vllm"" --extra-index-url ""https://wheels.vllm.ai/ed0f4750f8766c2cc3984be4f1ba073a6915d4ed/cu130"" --torch-backend auto",ed0f4750f8766c2cc3984be4f1ba073a6915d4ed,,
0e410f3f42d3a07a,commit,wheels.vllm.ai,,0.27.2rc1.dev117+ged0f4750f,main,default,,cp38,abi3,Linux,aarch64,manylinux_2_28_aarch64,vllm-0.27.2rc1.dev117+ged0f4750f-cp38-abi3-manylinux_2_28_aarch64.whl,https://wheels.vllm.ai/ed0f4750f8766c2cc3984be4f1ba073a6915d4ed,https://wheels.vllm.ai/ed0f4750f8766c2cc3984be4f1ba073a6915d4ed/vllm-0.27.2rc1.dev117%2Bged0f4750f-cp38-abi3-manylinux_2_28_aarch64.whl,"uv pip install -U ""vllm"" --extra-index-url ""https://wheels.vllm.ai/ed0f4750f8766c2cc3984be4f1ba073a6915d4ed"" --torch-backend auto",ed0f4750f8766c2cc3984be4f1ba073a6915d4ed,,
eaff4a7ae4fade66,commit,wheels.vllm.ai,,0.27.2rc1.dev117+ged0f4750f,main,default,,cp38,abi3,Linux,x86_64,manylinux_2_28_x86_64,vllm-0.27.2rc1.dev117+ged0f4750f-cp38-abi3-manylinux_2_28_x86_64.whl,https://wheels.vllm.ai/ed0f4750f8766c2cc3984be4f1ba073a6915d4ed,https://wheels.vllm.ai/ed0f4750f8766c2cc3984be4f1ba073a6915d4ed/vllm-0.27.2rc1.dev117%2Bged0f4750f-cp38-abi3-manylinux_2_28_x86_64.whl,"uv pip install -U ""vllm"" --extra-index-url ""https://wheels.vllm.ai/ed0f4750f8766c2cc3984be4f1ba073a6915d4ed"" --torch-backend auto",ed0f4750f8766c2cc3984be4f1ba073a6915d4ed,,
b3b932778d3f33c3,commit,wheels.vllm.ai,,0.27.2rc1.dev116+gd4801990a,main,cu130,,cp38,abi3,Linux,aarch64,manylinux_2_28_aarch64,vllm-0.27.2rc1.dev116+gd4801990a-cp38-abi3-manylinux_2_28_aarch64.whl,https://wheels.vllm.ai/d4801990a45792c7081652f8ebea4ee56ceb67f9/cu130,https://wheels.vllm.ai/d4801990a45792c7081652f8ebea4ee56ceb67f9/vllm-0.27.2rc1.dev116%2Bgd4801990a-cp38-abi3-manylinux_2_28_aarch64.whl,"uv pip install -U ""vllm"" --extra-index-url ""https://wheels.vllm.ai/d4801990a45792c7081652f8ebea4ee56ceb67f9/cu130"" --torch-backend auto",d4801990a45792c7081652f8ebea4ee56ceb67f9,,
b1447216b16b2fe2,commit,wheels.vllm.ai,,0.27.2rc1.dev116+gd4801990a,main,cu130,,cp38,abi3,Linux,x86_64,manylinux_2_28_x86_64,vllm-0.27.2rc1.dev116+gd4801990a-cp38-abi3-manylinux_2_28_x86_64.whl,https://wheels.vllm.ai/d4801990a45792c7081652f8ebea4ee56ceb67f9/cu130,https://wheels.vllm.ai/d4801990a45792c7081652f8ebea4ee56ceb67f9/vllm-0.27.2rc1.dev116%2Bgd4801990a-cp38-abi3-manylinux_2_28_x86_64.whl,"uv pip install -U ""vllm"" --extra-index-url ""https://wheels.vllm.ai/d4801990a45792c7081652f8ebea4ee56ceb67f9/cu130"" --torch-backend auto",d4801990a45792c7081652f8ebea4ee56ceb67f9,,
c826ae48e07fdc54,commit,wheels.vllm.ai,,0.27.2rc1.dev116+gd4801990a,main,default,,cp38,abi3,Linux,aarch64,manylinux_2_28_aarch64,vllm-0.27.2rc1.dev116+gd4801990a-cp38-abi3-manylinux_2_28_aarch64.whl,https://wheels.vllm.ai/d4801990a45792c7081652f8ebea4ee56ceb67f9,https://wheels.vllm.ai/d4801990a45792c7081652f8ebea4ee56ceb67f9/vllm-0.27.2rc1.dev116%2Bgd4801990a-cp38-abi3-manylinux_2_28_aarch64.whl,"uv pip install -U ""vllm"" --extra-index-url ""https://wheels.vllm.ai/d4801990a45792c7081652f8ebea4ee56ceb67f9"" --torch-backend auto",d4801990a45792c7081652f8ebea4ee56ceb67f9,,
0ae029e2f165ed16,commit,wheels.vllm.ai,,0.27.2rc1.dev116+gd4801990a,main,default,,cp38,abi3,Linux,x86_64,manylinux_2_28_x86_64,vllm-0.27.2rc1.dev116+gd4801990a-cp38-abi3-manylinux_2_28_x86_64.whl,https://wheels.vllm.ai/d4801990a45792c7081652f8ebea4ee56ceb67f9,https://wheels.vllm.ai/d4801990a45792c7081652f8ebea4ee56ceb67f9/vllm-0.27.2rc1.dev116%2Bgd4801990a-cp38-abi3-manylinux_2_28_x86_64.whl,"uv pip install -U ""vllm"" --extra-index-url ""https://wheels.vllm.ai/d4801990a45792c7081652f8ebea4ee56ceb67f9"" --torch-backend auto",d4801990a45792c7081652f8ebea4ee56ceb67f9,,
a532d58da900fd66,commit,wheels.vllm.ai,,0.27.2rc1.dev115+g97388c44f,main,cu130,,cp38,abi3,Linux,aarch64,manylinux_2_28_aarch64,vllm-0.27.2rc1.dev115+g97388c44f-cp38-abi3-manylinux_2_28_aarch64.whl,https://wheels.vllm.ai/97388c44f9c608f83318e0c9540a536cd7de3e0d/cu130,https://wheels.vllm.ai/97388c44f9c608f83318e0c9540a536cd7de3e0d/vllm-0.27.2rc1.dev115%2Bg97388c44f-cp38-abi3-manylinux_2_28_aarch64.whl,"uv pip install -U ""vllm"" --extra-index-url ""https://wheels.vllm.ai/97388c44f9c608f83318e0c9540a536cd7de3e0d/cu130"" --torch-backend auto",97388c44f9c608f83318e0c9540a536cd7de3e0d,,
b133fc42c3692d14,commit,wheels.vllm.ai,,0.27.2rc1.dev115+g97388c44f,main,cu130,,cp38,abi3,Linux,x86_64,manylinux_2_28_x86_64,vllm-0.27.2rc1.dev115+g97388c44f-cp38-abi3-manylinux_2_28_x86_64.whl,https://wheels.vllm.ai/97388c44f9c608f83318e0c9540a536cd7de3e0d/cu130,https://wheels.vllm.ai/97388c44f9c608f83318e0c9540a536cd7de3e0d/vllm-0.27.2rc1.dev115%2Bg97388c44f-cp38-abi3-manylinux_2_28_x86_64.whl,"uv pip install -U ""vllm"" --extra-index-url ""https://wheels.vllm.ai/97388c44f9c608f83318e0c9540a536cd7de3e0d/cu130"" --torch-backend auto",97388c44f9c608f83318e0c9540a536cd7de3e0d,,
b5a27cdc20106f61,commit,wheels.vllm.ai,,0.27.2rc1.dev115+g97388c44f,main,default,,cp38,abi3,Linux,aarch64,manylinux_2_28_aarch64,vllm-0.27.2rc1.dev115+g97388c44f-cp38-abi3-manylinux_2_28_aarch64.whl,https://wheels.vllm.ai/97388c44f9c608f83318e0c9540a536cd7de3e0d,https://wheels.vllm.ai/97388c44f9c608f83318e0c9540a536cd7de3e0d/vllm-0.27.2rc1.dev115%2Bg97388c44f-cp38-abi3-manylinux_2_28_aarch64.whl,"uv pip install -U ""vllm"" --extra-index-url ""https://wheels.vllm.ai/97388c44f9c608f83318e0c9540a536cd7de3e0d"" --torch-backend auto",97388c44f9c608f83318e0c9540a536cd7de3e0d,,
118805421b955ffa,commit,wheels.vllm.ai,,0.27.2rc1.dev115+g97388c44f,main,default,,cp38,abi3,Linux,x86_64,manylinux_2_28_x86_64,vllm-0.27.2rc1.dev115+g97388c44f-cp38-abi3-manylinux_2_28_x86_64.whl,https://wheels.vllm.ai/97388c44f9c608f83318e0c9540a536cd7de3e0d,https://wheels.vllm.ai/97388c44f9c608f83318e0c9540a536cd7de3e0d/vllm-0.27.2rc1.dev115%2Bg97388c44f-cp38-abi3-manylinux_2_28_x86_64.whl,"uv pip install -U ""vllm"" --extra-index-url ""https://wheels.vllm.ai/97388c44f9c608f83318e0c9540a536cd7de3e0d"" --torch-backend auto",97388c44f9c608f83318e0c9540a536cd7de3e0d,,
fccf8818b333f49d,commit,wheels.vllm.ai,,0.27.2rc1.dev114+gac2ae8798,main,cu130,,cp38,abi3,Linux,aarch64,manylinux_2_28_aarch64,vllm-0.27.2rc1.dev114+gac2ae8798-cp38-abi3-manylinux_2_28_aarch64.whl,https://wheels.vllm.ai/ac2ae8798c7ef59c1924d5c0447a4279fa645770/cu130,https://wheels.vllm.ai/ac2ae8798c7ef59c1924d5c0447a4279fa645770/vllm-0.27.2rc1.dev114%2Bgac2ae8798-cp38-abi3-manylinux_2_28_aarch64.whl,"uv pip install -U ""vllm"" --extra-index-url ""https://wheels.vllm.ai/ac2ae8798c7ef59c1924d5c0447a4279fa645770/cu130"" --torch-backend auto",ac2ae8798c7ef59c1924d5c0447a4279fa645770,,
ff9b758cdb02c2e2,commit,wheels.vllm.ai,,0.27.2rc1.dev114+gac2ae8798,main,cu130,,cp38,abi3,Linux,x86_64,manylinux_2_28_x86_64,vllm-0.27.2rc1.dev114+gac2ae8798-cp38-abi3-manylinux_2_28_x86_64.whl,https://wheels.vllm.ai/ac2ae8798c7ef59c1924d5c0447a4279fa645770/cu130,https://wheels.vllm.ai/ac2ae8798c7ef59c1924d5c0447a4279fa645770/vllm-0.27.2rc1.dev114%2Bgac2ae8798-cp38-abi3-manylinux_2_28_x86_64.whl,"uv pip install -U ""vllm"" --extra-index-url ""https://wheels.vllm.ai/ac2ae8798c7ef59c1924d5c0447a4279fa645770/cu130"" --torch-backend auto",ac2ae8798c7ef59c1924d5c0447a4279fa645770,,
3e1875a2c71f5303,commit,wheels.vllm.ai,,0.27.2rc1.dev114+gac2ae8798,main,default,,cp38,abi3,Linux,aarch64,manylinux_2_28_aarch64,vllm-0.27.2rc1.dev114+gac2ae8798-cp38-abi3-manylinux_2_28_aarch64.whl,https://wheels.vllm.ai/ac2ae8798c7ef59c1924d5c0447a4279fa645770,https://wheels.vllm.ai/ac2ae8798c7ef59c1924d5c0447a4279fa645770/vllm-0.27.2rc1.dev114%2Bgac2ae8798-cp38-abi3-manylinux_2_28_aarch64.whl,"uv pip install -U ""vllm"" --extra-index-url ""https://wheels.vllm.ai/ac2ae8798c7ef59c1924d5c0447a4279fa645770"" --torch-backend auto",ac2ae8798c7ef59c1924d5c0447a4279fa645770,,
cb6692a8ec5432e0,commit,wheels.vllm.ai,,0.27.2rc1.dev114+gac2ae8798,main,default,,cp38,abi3,Linux,x86_64,manylinux_2_28_x86_64,vllm-0.27.2rc1.dev114+gac2ae8798-cp38-abi3-manylinux_2_28_x86_64.whl,https://wheels.vllm.ai/ac2ae8798c7ef59c1924d5c0447a4279fa645770,https://wheels.vllm.ai/ac2ae8798c7ef59c1924d5c0447a4279fa645770/vllm-0.27.2rc1.dev114%2Bgac2ae8798-cp38-abi3-manylinux_2_28_x86_64.whl,"uv pip install -U ""vllm"" --extra-index-url ""https://wheels.vllm.ai/ac2ae8798c7ef59c1924d5c0447a4279fa645770"" --torch-backend auto",ac2ae8798c7ef59c1924d5c0447a4279fa645770,,
93437fb1b991f546,commit,wheels.vllm.ai,,0.27.2rc1.dev113+g5cecfc013,main,cu130,,cp38,abi3,Linux,aarch64,manylinux_2_28_aarch64,vllm-0.27.2rc1.dev113+g5cecfc013-cp38-abi3-manylinux_2_28_aarch64.whl,https://wheels.vllm.ai/5cecfc01375052698823fc401e31518fb32a981e/cu130,https://wheels.vllm.ai/5cecfc01375052698823fc401e31518fb32a981e/vllm-0.27.2rc1.dev113%2Bg5cecfc013-cp38-abi3-manylinux_2_28_aarch64.whl,"uv pip install -U ""vllm"" --extra-index-url ""https://wheels.vllm.ai/5cecfc01375052698823fc401e31518fb32a981e/cu130"" --torch-backend auto",5cecfc01375052698823fc401e31518fb32a981e,,
126e074d33e8fd5a,commit,wheels.vllm.ai,,0.27.2rc1.dev113+g5cecfc013,main,cu130,,cp38,abi3,Linux,x86_64,manylinux_2_28_x86_64,vllm-0.27.2rc1.dev113+g5cecfc013-cp38-abi3-manylinux_2_28_x86_64.whl,https://wheels.vllm.ai/5cecfc01375052698823fc401e31518fb32a981e/cu130,https://wheels.vllm.ai/5cecfc01375052698823fc401e31518fb32a981e/vllm-0.27.2rc1.dev113%2Bg5cecfc013-cp38-abi3-manylinux_2_28_x86_64.whl,"uv pip install -U ""vllm"" --extra-index-url ""https://wheels.vllm.ai/5cecfc01375052698823fc401e31518fb32a981e/cu130"" --torch-backend auto",5cecfc01375052698823fc401e31518fb32a981e,,
c9bfb9ceeb09b07b,commit,wheels.vllm.ai,,0.27.2rc1.dev113+g5cecfc013,main,default,,cp38,abi3,Linux,aarch64,manylinux_2_28_aarch64,vllm-0.27.2rc1.dev113+g5cecfc013-cp38-abi3-manylinux_2_28_aarch64.whl,https://wheels.vllm.ai/5cecfc01375052698823fc401e31518fb32a981e,https://wheels.vllm.ai/5cecfc01375052698823fc401e31518fb32a981e/vllm-0.27.2rc1.dev113%2Bg5cecfc013-cp38-abi3-manylinux_2_28_aarch64.whl,"uv pip install -U ""vllm"" --extra-index-url ""https://wheels.vllm.ai/5cecfc01375052698823fc401e31518fb32a981e"" --torch-backend auto",5cecfc01375052698823fc401e31518fb32a981e,,
82f6ba3ed38360ff,commit,wheels.vllm.ai,,0.27.2rc1.dev113+g5cecfc013,main,default,,cp38,abi3,Linux,x86_64,manylinux_2_28_x86_64,vllm-0.27.2rc1.dev113+g5cecfc013-cp38-abi3-manylinux_2_28_x86_64.whl,https://wheels.vllm.ai/5cecfc01375052698823fc401e31518fb32a981e,https://wheels.vllm.ai/5cecfc01375052698823fc401e31518fb32a981e/vllm-0.27.2rc1.dev113%2Bg5cecfc013-cp38-abi3-manylinux_2_28_x86_64.whl,"uv pip install -U ""vllm"" --extra-index-url ""https://wheels.vllm.ai/5cecfc01375052698823fc401e31518fb32a981e"" --torch-backend auto",5cecfc01375052698823fc401e31518fb32a981e,,
fc520216128f7d46,commit,wheels.vllm.ai,,0.27.2rc1.dev112+g42156466d,main,cu130,,cp38,abi3,Linux,aarch64,manylinux_2_28_aarch64,vllm-0.27.2rc1.dev112+g42156466d-cp38-abi3-manylinux_2_28_aarch64.whl,https://wheels.vllm.ai/42156466db66f6d54cbea6075af82304cdfdaa6a/cu130,https://wheels.vllm.ai/42156466db66f6d54cbea6075af82304cdfdaa6a/vllm-0.27.2rc1.dev112%2Bg42156466d-cp38-abi3-manylinux_2_28_aarch64.whl,"uv pip install -U ""vllm"" --extra-index-url ""https://wheels.vllm.ai/42156466db66f6d54cbea6075af82304cdfdaa6a/cu130"" --torch-backend auto",42156466db66f6d54cbea6075af82304cdfdaa6a,,
09a7312ef90cf191,commit,wheels.vllm.ai,,0.27.2rc1.dev112+g42156466d,main,cu130,,cp38,abi3,Linux,x86_64,manylinux_2_28_x86_64,vllm-0.27.2rc1.dev112+g42156466d-cp38-abi3-manylinux_2_28_x86_64.whl,https://wheels.vllm.ai/42156466db66f6d54cbea6075af82304cdfdaa6a/cu130,https://wheels.vllm.ai/42156466db66f6d54cbea6075af82304cdfdaa6a/vllm-0.27.2rc1.dev112%2Bg42156466d-cp38-abi3-manylinux_2_28_x86_64.whl,"uv pip install -U ""vllm"" --extra-index-url ""https://wheels.vllm.ai/42156466db66f6d54cbea6075af82304cdfdaa6a/cu130"" --torch-backend auto",42156466db66f6d54cbea6075af82304cdfdaa6a,,
d684e62e82607486,commit,wheels.vllm.ai,,0.27.2rc1.dev112+g42156466d,main,default,,cp38,abi3,Linux,aarch64,manylinux_2_28_aarch64,vllm-0.27.2rc1.dev112+g42156466d-cp38-abi3-manylinux_2_28_aarch64.whl,https://wheels.vllm.ai/42156466db66f6d54cbea6075af82304cdfdaa6a,https://wheels.vllm.ai/42156466db66f6d54cbea6075af82304cdfdaa6a/vllm-0.27.2rc1.dev112%2Bg42156466d-cp38-abi3-manylinux_2_28_aarch64.whl,"uv pip install -U ""vllm"" --extra-index-url ""https://wheels.vllm.ai/42156466db66f6d54cbea6075af82304cdfdaa6a"" --torch-backend auto",42156466db66f6d54cbea6075af82304cdfdaa6a,,
f851f40c2aad108c,commit,wheels.vllm.ai,,0.27.2rc1.dev112+g42156466d,main,default,,cp38,abi3,Linux,x86_64,manylinux_2_28_x86_64,vllm-0.27.2rc1.dev112+g42156466d-cp38-abi3-manylinux_2_28_x86_64.whl,https://wheels.vllm.ai/42156466db66f6d54cbea6075af82304cdfdaa6a,https://wheels.vllm.ai/42156466db66f6d54cbea6075af82304cdfdaa6a/vllm-0.27.2rc1.dev112%2Bg42156466d-cp38-abi3-manylinux_2_28_x86_64.whl,"uv pip install -U ""vllm"" --extra-index-url ""https://wheels.vllm.ai/42156466db66f6d54cbea6075af82304cdfdaa6a"" --torch-backend auto",42156466db66f6d54cbea6075af82304cdfdaa6a,,
7077fc6b0ca3bf9e,commit,wheels.vllm.ai,,0.27.2rc1.dev111+g44fc57d7b,main,cu130,,cp38,abi3,Linux,aarch64,manylinux_2_28_aarch64,vllm-0.27.2rc1.dev111+g44fc57d7b-cp38-abi3-manylinux_2_28_aarch64.whl,https://wheels.vllm.ai/44fc57d7b72eafaaefdcb0983451e08648be4d49/cu130,https://wheels.vllm.ai/44fc57d7b72eafaaefdcb0983451e08648be4d49/vllm-0.27.2rc1.dev111%2Bg44fc57d7b-cp38-abi3-manylinux_2_28_aarch64.whl,"uv pip install -U ""vllm"" --extra-index-url ""https://wheels.vllm.ai/44fc57d7b72eafaaefdcb0983451e08648be4d49/cu130"" --torch-backend auto",44fc57d7b72eafaaefdcb0983451e08648be4d49,,
ed3bd717d90e46ed,commit,wheels.vllm.ai,,0.27.2rc1.dev111+g44fc57d7b,main,cu130,,cp38,abi3,Linux,x86_64,manylinux_2_28_x86_64,vllm-0.27.2rc1.dev111+g44fc57d7b-cp38-abi3-manylinux_2_28_x86_64.whl,https://wheels.vllm.ai/44fc57d7b72eafaaefdcb0983451e08648be4d49/cu130,https://wheels.vllm.ai/44fc57d7b72eafaaefdcb0983451e08648be4d49/vllm-0.27.2rc1.dev111%2Bg44fc57d7b-cp38-abi3-manylinux_2_28_x86_64.whl,"uv pip install -U ""vllm"" --extra-index-url ""https://wheels.vllm.ai/44fc57d7b72eafaaefdcb0983451e08648be4d49/cu130"" --torch-backend auto",44fc57d7b72eafaaefdcb0983451e08648be4d49,,
89fab7aaab15f073,commit,wheels.vllm.ai,,0.27.2rc1.dev111+g44fc57d7b,main,default,,cp38,abi3,Linux,aarch64,manylinux_2_28_aarch64,vllm-0.27.2rc1.dev111+g44fc57d7b-cp38-abi3-manylinux_2_28_aarch64.whl,https://wheels.vllm.ai/44fc57d7b72eafaaefdcb0983451e08648be4d49,https://wheels.vllm.ai/44fc57d7b72eafaaefdcb0983451e08648be4d49/vllm-0.27.2rc1.dev111%2Bg44fc57d7b-cp38-abi3-manylinux_2_28_aarch64.whl,"uv pip install -U ""vllm"" --extra-index-url ""https://wheels.vllm.ai/44fc57d7b72eafaaefdcb0983451e08648be4d49"" --torch-backend auto",44fc57d7b72eafaaefdcb0983451e08648be4d49,,
7b8e5b29e664badf,commit,wheels.vllm.ai,,0.27.2rc1.dev111+g44fc57d7b,main,default,,cp38,abi3,Linux,x86_64,manylinux_2_28_x86_64,vllm-0.27.2rc1.dev111+g44fc57d7b-cp38-abi3-manylinux_2_28_x86_64.whl,https://wheels.vllm.ai/44fc57d7b72eafaaefdcb0983451e08648be4d49,https://wheels.vllm.ai/44fc57d7b72eafaaefdcb0983451e08648be4d49/vllm-0.27.2rc1.dev111%2Bg44fc57d7b-cp38-abi3-manylinux_2_28_x86_64.whl,"uv pip install -U ""vllm"" --extra-index-url ""https://wheels.vllm.ai/44fc57d7b72eafaaefdcb0983451e08648be4d49"" --torch-backend auto",44fc57d7b72eafaaefdcb0983451e08648be4d49,,
574e8b299dea5e9d,commit,wheels.vllm.ai,,0.27.2rc1.dev110+gacb0f1dcd,main,cpu,cpu,cp312,cp312,macOS,arm64,macosx_11_0_arm64,vllm-0.27.2rc1.dev110+gacb0f1dcd.cpu-cp312-cp312-macosx_11_0_arm64.whl,https://wheels.vllm.ai/acb0f1dcdb668d90bbbf50e57552d2f6f0987c87/cpu,https://wheels.vllm.ai/acb0f1dcdb668d90bbbf50e57552d2f6f0987c87/vllm-0.27.2rc1.dev110%2Bgacb0f1dcd.cpu-cp312-cp312-macosx_11_0_arm64.whl,"uv pip install -U ""vllm"" --extra-index-url ""https://wheels.vllm.ai/acb0f1dcdb668d90bbbf50e57552d2f6f0987c87/cpu"" --index-strategy first-index --torch-backend cpu",acb0f1dcdb668d90bbbf50e57552d2f6f0987c87,,
0ec80f023dc75b9d,commit,wheels.vllm.ai,,0.27.2rc1.dev110+gacb0f1dcd,main,cpu,cpu,cp38,abi3,Linux,aarch64,manylinux_2_34_aarch64,vllm-0.27.2rc1.dev110+gacb0f1dcd.cpu-cp38-abi3-manylinux_2_34_aarch64.whl,https://wheels.vllm.ai/acb0f1dcdb668d90bbbf50e57552d2f6f0987c87/cpu,https://wheels.vllm.ai/acb0f1dcdb668d90bbbf50e57552d2f6f0987c87/vllm-0.27.2rc1.dev110%2Bgacb0f1dcd.cpu-cp38-abi3-manylinux_2_34_aarch64.whl,"uv pip install -U ""vllm"" --extra-index-url ""https://wheels.vllm.ai/acb0f1dcdb668d90bbbf50e57552d2f6f0987c87/cpu"" --index-strategy first-index --torch-backend cpu",acb0f1dcdb668d90bbbf50e57552d2f6f0987c87,,
becb1554cad5cd72,commit,wheels.vllm.ai,,0.27.2rc1.dev110+gacb0f1dcd,main,cpu,cpu,cp38,abi3,Linux,x86_64,manylinux_2_34_x86_64,vllm-0.27.2rc1.dev110+gacb0f1dcd.cpu-cp38-abi3-manylinux_2_34_x86_64.whl,https://wheels.vllm.ai/acb0f1dcdb668d90bbbf50e57552d2f6f0987c87/cpu,https://wheels.vllm.ai/acb0f1dcdb668d90bbbf50e57552d2f6f0987c87/vllm-0.27.2rc1.dev110%2Bgacb0f1dcd.cpu-cp38-abi3-manylinux_2_34_x86_64.whl,"uv pip install -U ""vllm"" --extra-index-url ""https://wheels.vllm.ai/acb0f1dcdb668d90bbbf50e57552d2f6f0987c87/cpu"" --index-strategy first-index --torch-backend cpu",acb0f1dcdb668d90bbbf50e57552d2f6f0987c87,,
2a6c3441073682fc,commit,wheels.vllm.ai,,0.27.2rc1.dev110+gacb0f1dcd,main,cu129,cu129,cp38,abi3,Linux,aarch64,manylinux_2_28_aarch64,vllm-0.27.2rc1.dev110+gacb0f1dcd.cu129-cp38-abi3-manylinux_2_28_aarch64.whl,https://wheels.vllm.ai/acb0f1dcdb668d90bbbf50e57552d2f6f0987c87/cu129,https://wheels.vllm.ai/acb0f1dcdb668d90bbbf50e57552d2f6f0987c87/vllm-0.27.2rc1.dev110%2Bgacb0f1dcd.cu129-cp38-abi3-manylinux_2_28_aarch64.whl,"uv pip install -U ""vllm"" --extra-index-url ""https://wheels.vllm.ai/acb0f1dcdb668d90bbbf50e57552d2f6f0987c87/cu129"" --torch-backend auto",acb0f1dcdb668d90bbbf50e57552d2f6f0987c87,,
85355b201dd6c1e9,commit,wheels.vllm.ai,,0.27.2rc1.dev110+gacb0f1dcd,main,cu129,cu129,cp38,abi3,Linux,x86_64,manylinux_2_28_x86_64,vllm-0.27.2rc1.dev110+gacb0f1dcd.cu129-cp38-abi3-manylinux_2_28_x86_64.whl,https://wheels.vllm.ai/acb0f1dcdb668d90bbbf50e57552d2f6f0987c87/cu129,https://wheels.vllm.ai/acb0f1dcdb668d90bbbf50e57552d2f6f0987c87/vllm-0.27.2rc1.dev110%2Bgacb0f1dcd.cu129-cp38-abi3-manylinux_2_28_x86_64.whl,"uv pip install -U ""vllm"" --extra-index-url ""https://wheels.vllm.ai/acb0f1dcdb668d90bbbf50e57552d2f6f0987c87/cu129"" --torch-backend auto",acb0f1dcdb668d90bbbf50e57552d2f6f0987c87,,
1af3c03dfc0c9cec,commit,wheels.vllm.ai,,0.27.2rc1.dev110+gacb0f1dcd,main,cu130,,cp38,abi3,Linux,aarch64,manylinux_2_28_aarch64,vllm-0.27.2rc1.dev110+gacb0f1dcd-cp38-abi3-manylinux_2_28_aarch64.whl,https://wheels.vllm.ai/acb0f1dcdb668d90bbbf50e57552d2f6f0987c87/cu130,https://wheels.vllm.ai/acb0f1dcdb668d90bbbf50e57552d2f6f0987c87/vllm-0.27.2rc1.dev110%2Bgacb0f1dcd-cp38-abi3-manylinux_2_28_aarch64.whl,"uv pip install -U ""vllm"" --extra-index-url ""https://wheels.vllm.ai/acb0f1dcdb668d90bbbf50e57552d2f6f0987c87/cu130"" --torch-backend auto",acb0f1dcdb668d90bbbf50e57552d2f6f0987c87,,
4448778fd6a44ccf,commit,wheels.vllm.ai,,0.27.2rc1.dev110+gacb0f1dcd,main,cu130,,cp38,abi3,Linux,x86_64,manylinux_2_28_x86_64,vllm-0.27.2rc1.dev110+gacb0f1dcd-cp38-abi3-manylinux_2_28_x86_64.whl,https://wheels.vllm.ai/acb0f1dcdb668d90bbbf50e57552d2f6f0987c87/cu130,https://wheels.vllm.ai/acb0f1dcdb668d90bbbf50e57552d2f6f0987c87/vllm-0.27.2rc1.dev110%2Bgacb0f1dcd-cp38-abi3-manylinux_2_28_x86_64.whl,"uv pip install -U ""vllm"" --extra-index-url ""https://wheels.vllm.ai/acb0f1dcdb668d90bbbf50e57552d2f6f0987c87/cu130"" --torch-backend auto",acb0f1dcdb668d90bbbf50e57552d2f6f0987c87,,
23e0f417b8cb13c0,commit,wheels.vllm.ai,,0.27.2rc1.dev110+gacb0f1dcd,main,default,,cp38,abi3,Linux,aarch64,manylinux_2_28_aarch64,vllm-0.27.2rc1.dev110+gacb0f1dcd-cp38-abi3-manylinux_2_28_aarch64.whl,https://wheels.vllm.ai/acb0f1dcdb668d90bbbf50e57552d2f6f0987c87,https://wheels.vllm.ai/acb0f1dcdb668d90bbbf50e57552d2f6f0987c87/vllm-0.27.2rc1.dev110%2Bgacb0f1dcd-cp38-abi3-manylinux_2_28_aarch64.whl,"uv pip install -U ""vllm"" --extra-index-url ""https://wheels.vllm.ai/acb0f1dcdb668d90bbbf50e57552d2f6f0987c87"" --torch-backend auto",acb0f1dcdb668d90bbbf50e57552d2f6f0987c87,,
fe29a864467c3e95,commit,wheels.vllm.ai,,0.27.2rc1.dev110+gacb0f1dcd,main,default,,cp38,abi3,Linux,x86_64,manylinux_2_28_x86_64,vllm-0.27.2rc1.dev110+gacb0f1dcd-cp38-abi3-manylinux_2_28_x86_64.whl,https://wheels.vllm.ai/acb0f1dcdb668d90bbbf50e57552d2f6f0987c87,https://wheels.vllm.ai/acb0f1dcdb668d90bbbf50e57552d2f6f0987c87/vllm-0.27.2rc1.dev110%2Bgacb0f1dcd-cp38-abi3-manylinux_2_28_x86_64.whl,"uv pip install -U ""vllm"" --extra-index-url ""https://wheels.vllm.ai/acb0f1dcdb668d90bbbf50e57552d2f6f0987c87"" --torch-backend auto",acb0f1dcdb668d90bbbf50e57552d2f6f0987c87,,
2821b1667c45d791,commit,wheels.vllm.ai,,0.27.2rc1.dev110+gacb0f1dcd,main,xpu,xpu,cp38,abi3,Linux,x86_64,manylinux_2_34_x86_64,vllm-0.27.2rc1.dev110+gacb0f1dcd.xpu-cp38-abi3-manylinux_2_34_x86_64.whl,https://wheels.vllm.ai/acb0f1dcdb668d90bbbf50e57552d2f6f0987c87/xpu,https://wheels.vllm.ai/acb0f1dcdb668d90bbbf50e57552d2f6f0987c87/vllm-0.27.2rc1.dev110%2Bgacb0f1dcd.xpu-cp38-abi3-manylinux_2_34_x86_64.whl,"uv pip install -U ""vllm"" --extra-index-url ""https://wheels.vllm.ai/acb0f1dcdb668d90bbbf50e57552d2f6f0987c87/xpu"" --torch-backend auto",acb0f1dcdb668d90bbbf50e57552d2f6f0987c87,,
c3e6eee10de9eac5,commit,wheels.vllm.ai,,0.27.2rc1.dev109+g615d4cfad,main,cu130,,cp38,abi3,Linux,aarch64,manylinux_2_28_aarch64,vllm-0.27.2rc1.dev109+g615d4cfad-cp38-abi3-manylinux_2_28_aarch64.whl,https://wheels.vllm.ai/615d4cfadeb3d5ea1df248eb59aa128af5dbd441/cu130,https://wheels.vllm.ai/615d4cfadeb3d5ea1df248eb59aa128af5dbd441/vllm-0.27.2rc1.dev109%2Bg615d4cfad-cp38-abi3-manylinux_2_28_aarch64.whl,"uv pip install -U ""vllm"" --extra-index-url ""https://wheels.vllm.ai/615d4cfadeb3d5ea1df248eb59aa128af5dbd441/cu130"" --torch-backend auto",615d4cfadeb3d5ea1df248eb59aa128af5dbd441,,
148ffc1275bec20d,commit,wheels.vllm.ai,,0.27.2rc1.dev109+g615d4cfad,main,cu130,,cp38,abi3,Linux,x86_64,manylinux_2_28_x86_64,vllm-0.27.2rc1.dev109+g615d4cfad-cp38-abi3-manylinux_2_28_x86_64.whl,https://wheels.vllm.ai/615d4cfadeb3d5ea1df248eb59aa128af5dbd441/cu130,https://wheels.vllm.ai/615d4cfadeb3d5ea1df248eb59aa128af5dbd441/vllm-0.27.2rc1.dev109%2Bg615d4cfad-cp38-abi3-manylinux_2_28_x86_64.whl,"uv pip install -U ""vllm"" --extra-index-url ""https://wheels.vllm.ai/615d4cfadeb3d5ea1df248eb59aa128af5dbd441/cu130"" --torch-backend auto",615d4cfadeb3d5ea1df248eb59aa128af5dbd441,,
154580e03c62e89a,commit,wheels.vllm.ai,,0.27.2rc1.dev109+g615d4cfad,main,default,,cp38,abi3,Linux,aarch64,manylinux_2_28_aarch64,vllm-0.27.2rc1.dev109+g615d4cfad-cp38-abi3-manylinux_2_28_aarch64.whl,https://wheels.vllm.ai/615d4cfadeb3d5ea1df248eb59aa128af5dbd441,https://wheels.vllm.ai/615d4cfadeb3d5ea1df248eb59aa128af5dbd441/vllm-0.27.2rc1.dev109%2Bg615d4cfad-cp38-abi3-manylinux_2_28_aarch64.whl,"uv pip install -U ""vllm"" --extra-index-url ""https://wheels.vllm.ai/615d4cfadeb3d5ea1df248eb59aa128af5dbd441"" --torch-backend auto",615d4cfadeb3d5ea1df248eb59aa128af5dbd441,,
b1eb5c36e5a52744,commit,wheels.vllm.ai,,0.27.2rc1.dev109+g615d4cfad,main,default,,cp38,abi3,Linux,x86_64,manylinux_2_28_x86_64,vllm-0.27.2rc1.dev109+g615d4cfad-cp38-abi3-manylinux_2_28_x86_64.whl,https://wheels.vllm.ai/615d4cfadeb3d5ea1df248eb59aa128af5dbd441,https://wheels.vllm.ai/615d4cfadeb3d5ea1df248eb59aa128af5dbd441/vllm-0.27.2rc1.dev109%2Bg615d4cfad-cp38-abi3-manylinux_2_28_x86_64.whl,"uv pip install -U ""vllm"" --extra-index-url ""https://wheels.vllm.ai/615d4cfadeb3d5ea1df248eb59aa128af5dbd441"" --torch-backend auto",615d4cfadeb3d5ea1df248eb59aa128af5dbd441,,
7ba86604ece78987,commit,wheels.vllm.ai,,0.27.2rc1.dev108+g7b544ecb5,main,cu130,,cp38,abi3,Linux,aarch64,manylinux_2_28_aarch64,vllm-0.27.2rc1.dev108+g7b544ecb5-cp38-abi3-manylinux_2_28_aarch64.whl,https://wheels.vllm.ai/7b544ecb524b6a5847465b671db2df9b8560ad93/cu130,https://wheels.vllm.ai/7b544ecb524b6a5847465b671db2df9b8560ad93/vllm-0.27.2rc1.dev108%2Bg7b544ecb5-cp38-abi3-manylinux_2_28_aarch64.whl,"uv pip install -U ""vllm"" --extra-index-url ""https://wheels.vllm.ai/7b544ecb524b6a5847465b671db2df9b8560ad93/cu130"" --torch-backend auto",7b544ecb524b6a5847465b671db2df9b8560ad93,,
27dfae67dad3454f,commit,wheels.vllm.ai,,0.27.2rc1.dev108+g7b544ecb5,main,cu130,,cp38,abi3,Linux,x86_64,manylinux_2_28_x86_64,vllm-0.27.2rc1.dev108+g7b544ecb5-cp38-abi3-manylinux_2_28_x86_64.whl,https://wheels.vllm.ai/7b544ecb524b6a5847465b671db2df9b8560ad93/cu130,https://wheels.vllm.ai/7b544ecb524b6a5847465b671db2df9b8560ad93/vllm-0.27.2rc1.dev108%2Bg7b544ecb5-cp38-abi3-manylinux_2_28_x86_64.whl,"uv pip install -U ""vllm"" --extra-index-url ""https://wheels.vllm.ai/7b544ecb524b6a5847465b671db2df9b8560ad93/cu130"" --torch-backend auto",7b544ecb524b6a5847465b671db2df9b8560ad93,,
13e2266f87ce195b,commit,wheels.vllm.ai,,0.27.2rc1.dev108+g7b544ecb5,main,default,,cp38,abi3,Linux,aarch64,manylinux_2_28_aarch64,vllm-0.27.2rc1.dev108+g7b544ecb5-cp38-abi3-manylinux_2_28_aarch64.whl,https://wheels.vllm.ai/7b544ecb524b6a5847465b671db2df9b8560ad93,https://wheels.vllm.ai/7b544ecb524b6a5847465b671db2df9b8560ad93/vllm-0.27.2rc1.dev108%2Bg7b544ecb5-cp38-abi3-manylinux_2_28_aarch64.whl,"uv pip install -U ""vllm"" --extra-index-url ""https://wheels.vllm.ai/7b544ecb524b6a5847465b671db2df9b8560ad93"" --torch-backend auto",7b544ecb524b6a5847465b671db2df9b8560ad93,,
84b5b4e9634ba9bd,commit,wheels.vllm.ai,,0.27.2rc1.dev108+g7b544ecb5,main,default,,cp38,abi3,Linux,x86_64,manylinux_2_28_x86_64,vllm-0.27.2rc1.dev108+g7b544ecb5-cp38-abi3-manylinux_2_28_x86_64.whl,https://wheels.vllm.ai/7b544ecb524b6a5847465b671db2df9b8560ad93,https://wheels.vllm.ai/7b544ecb524b6a5847465b671db2df9b8560ad93/vllm-0.27.2rc1.dev108%2Bg7b544ecb5-cp38-abi3-manylinux_2_28_x86_64.whl,"uv pip install -U ""vllm"" --extra-index-url ""https://wheels.vllm.ai/7b544ecb524b6a5847465b671db2df9b8560ad93"" --torch-backend auto",7b544ecb524b6a5847465b671db2df9b8560ad93,,
3cfcc096cdaa0c55,commit,wheels.vllm.ai,,0.27.2rc1.dev107+gd6f17f3d5,main,cu130,,cp38,abi3,Linux,aarch64,manylinux_2_28_aarch64,vllm-0.27.2rc1.dev107+gd6f17f3d5-cp38-abi3-manylinux_2_28_aarch64.whl,https://wheels.vllm.ai/d6f17f3d530efbd83a730d3d73e9f483726dfde1/cu130,https://wheels.vllm.ai/d6f17f3d530efbd83a730d3d73e9f483726dfde1/vllm-0.27.2rc1.dev107%2Bgd6f17f3d5-cp38-abi3-manylinux_2_28_aarch64.whl,"uv pip install -U ""vllm"" --extra-index-url ""https://wheels.vllm.ai/d6f17f3d530efbd83a730d3d73e9f483726dfde1/cu130"" --torch-backend auto",d6f17f3d530efbd83a730d3d73e9f483726dfde1,,
1c09cda5de0a4e58,commit,wheels.vllm.ai,,0.27.2rc1.dev107+gd6f17f3d5,main,cu130,,cp38,abi3,Linux,x86_64,manylinux_2_28_x86_64,vllm-0.27.2rc1.dev107+gd6f17f3d5-cp38-abi3-manylinux_2_28_x86_64.whl,https://wheels.vllm.ai/d6f17f3d530efbd83a730d3d73e9f483726dfde1/cu130,https://wheels.vllm.ai/d6f17f3d530efbd83a730d3d73e9f483726dfde1/vllm-0.27.2rc1.dev107%2Bgd6f17f3d5-cp38-abi3-manylinux_2_28_x86_64.whl,"uv pip install -U ""vllm"" --extra-index-url ""https://wheels.vllm.ai/d6f17f3d530efbd83a730d3d73e9f483726dfde1/cu130"" --torch-backend auto",d6f17f3d530efbd83a730d3d73e9f483726dfde1,,
8deb898277499fc7,commit,wheels.vllm.ai,,0.27.2rc1.dev107+gd6f17f3d5,main,default,,cp38,abi3,Linux,aarch64,manylinux_2_28_aarch64,vllm-0.27.2rc1.dev107+gd6f17f3d5-cp38-abi3-manylinux_2_28_aarch64.whl,https://wheels.vllm.ai/d6f17f3d530efbd83a730d3d73e9f483726dfde1,https://wheels.vllm.ai/d6f17f3d530efbd83a730d3d73e9f483726dfde1/vllm-0.27.2rc1.dev107%2Bgd6f17f3d5-cp38-abi3-manylinux_2_28_aarch64.whl,"uv pip install -U ""vllm"" --extra-index-url ""https://wheels.vllm.ai/d6f17f3d530efbd83a730d3d73e9f483726dfde1"" --torch-backend auto",d6f17f3d530efbd83a730d3d73e9f483726dfde1,,
60a2f76dcecde311,commit,wheels.vllm.ai,,0.27.2rc1.dev107+gd6f17f3d5,main,default,,cp38,abi3,Linux,x86_64,manylinux_2_28_x86_64,vllm-0.27.2rc1.dev107+gd6f17f3d5-cp38-abi3-manylinux_2_28_x86_64.whl,https://wheels.vllm.ai/d6f17f3d530efbd83a730d3d73e9f483726dfde1,https://wheels.vllm.ai/d6f17f3d530efbd83a730d3d73e9f483726dfde1/vllm-0.27.2rc1.dev107%2Bgd6f17f3d5-cp38-abi3-manylinux_2_28_x86_64.whl,"uv pip install -U ""vllm"" --extra-index-url ""https://wheels.vllm.ai/d6f17f3d530efbd83a730d3d73e9f483726dfde1"" --torch-backend auto",d6f17f3d530efbd83a730d3d73e9f483726dfde1,,
a2b2cf384ae78391,commit,wheels.vllm.ai,,0.27.2rc1.dev106+g9df9b0b0a,main,cu130,,cp38,abi3,Linux,aarch64,manylinux_2_28_aarch64,vllm-0.27.2rc1.dev106+g9df9b0b0a-cp38-abi3-manylinux_2_28_aarch64.whl,https://wheels.vllm.ai/9df9b0b0a1816b6d0d0f6ecd0da563cc37fd72f5/cu130,https://wheels.vllm.ai/9df9b0b0a1816b6d0d0f6ecd0da563cc37fd72f5/vllm-0.27.2rc1.dev106%2Bg9df9b0b0a-cp38-abi3-manylinux_2_28_aarch64.whl,"uv pip install -U ""vllm"" --extra-index-url ""https://wheels.vllm.ai/9df9b0b0a1816b6d0d0f6ecd0da563cc37fd72f5/cu130"" --torch-backend auto",9df9b0b0a1816b6d0d0f6ecd0da563cc37fd72f5,,
6f61896ed8dddbcf,commit,wheels.vllm.ai,,0.27.2rc1.dev106+g9df9b0b0a,main,cu130,,cp38,abi3,Linux,x86_64,manylinux_2_28_x86_64,vllm-0.27.2rc1.dev106+g9df9b0b0a-cp38-abi3-manylinux_2_28_x86_64.whl,https://wheels.vllm.ai/9df9b0b0a1816b6d0d0f6ecd0da563cc37fd72f5/cu130,https://wheels.vllm.ai/9df9b0b0a1816b6d0d0f6ecd0da563cc37fd72f5/vllm-0.27.2rc1.dev106%2Bg9df9b0b0a-cp38-abi3-manylinux_2_28_x86_64.whl,"uv pip install -U ""vllm"" --extra-index-url ""https://wheels.vllm.ai/9df9b0b0a1816b6d0d0f6ecd0da563cc37fd72f5/cu130"" --torch-backend auto",9df9b0b0a1816b6d0d0f6ecd0da563cc37fd72f5,,
9987c111a9c5c581,commit,wheels.vllm.ai,,0.27.2rc1.dev106+g9df9b0b0a,main,default,,cp38,abi3,Linux,aarch64,manylinux_2_28_aarch64,vllm-0.27.2rc1.dev106+g9df9b0b0a-cp38-abi3-manylinux_2_28_aarch64.whl,https://wheels.vllm.ai/9df9b0b0a1816b6d0d0f6ecd0da563cc37fd72f5,https://wheels.vllm.ai/9df9b0b0a1816b6d0d0f6ecd0da563cc37fd72f5/vllm-0.27.2rc1.dev106%2Bg9df9b0b0a-cp38-abi3-manylinux_2_28_aarch64.whl,"uv pip install -U ""vllm"" --extra-index-url ""https://wheels.vllm.ai/9df9b0b0a1816b6d0d0f6ecd0da563cc37fd72f5"" --torch-backend auto",9df9b0b0a1816b6d0d0f6ecd0da563cc37fd72f5,,
4c65dc5f3ff87be3,commit,wheels.vllm.ai,,0.27.2rc1.dev106+g9df9b0b0a,main,default,,cp38,abi3,Linux,x86_64,manylinux_2_28_x86_64,vllm-0.27.2rc1.dev106+g9df9b0b0a-cp38-abi3-manylinux_2_28_x86_64.whl,https://wheels.vllm.ai/9df9b0b0a1816b6d0d0f6ecd0da563cc37fd72f5,https://wheels.vllm.ai/9df9b0b0a1816b6d0d0f6ecd0da563cc37fd72f5/vllm-0.27.2rc1.dev106%2Bg9df9b0b0a-cp38-abi3-manylinux_2_28_x86_64.whl,"uv pip install -U ""vllm"" --extra-index-url ""https://wheels.vllm.ai/9df9b0b0a1816b6d0d0f6ecd0da563cc37fd72f5"" --torch-backend auto",9df9b0b0a1816b6d0d0f6ecd0da563cc37fd72f5,,
5258ab07e1b8ba60,commit,wheels.vllm.ai,,0.27.2rc1.dev105+gbb4b448f9,main,cu130,,cp38,abi3,Linux,aarch64,manylinux_2_28_aarch64,vllm-0.27.2rc1.dev105+gbb4b448f9-cp38-abi3-manylinux_2_28_aarch64.whl,https://wheels.vllm.ai/bb4b448f9896cf3f5607bd5ed4b35b29cd866a6b/cu130,https://wheels.vllm.ai/bb4b448f9896cf3f5607bd5ed4b35b29cd866a6b/vllm-0.27.2rc1.dev105%2Bgbb4b448f9-cp38-abi3-manylinux_2_28_aarch64.whl,"uv pip install -U ""vllm"" --extra-index-url ""https://wheels.vllm.ai/bb4b448f9896cf3f5607bd5ed4b35b29cd866a6b/cu130"" --torch-backend auto",bb4b448f9896cf3f5607bd5ed4b35b29cd866a6b,,
4aec02ea66c4cf65,commit,wheels.vllm.ai,,0.27.2rc1.dev105+gbb4b448f9,main,cu130,,cp38,abi3,Linux,x86_64,manylinux_2_28_x86_64,vllm-0.27.2rc1.dev105+gbb4b448f9-cp38-abi3-manylinux_2_28_x86_64.whl,https://wheels.vllm.ai/bb4b448f9896cf3f5607bd5ed4b35b29cd866a6b/cu130,https://wheels.vllm.ai/bb4b448f9896cf3f5607bd5ed4b35b29cd866a6b/vllm-0.27.2rc1.dev105%2Bgbb4b448f9-cp38-abi3-manylinux_2_28_x86_64.whl,"uv pip install -U ""vllm"" --extra-index-url ""https://wheels.vllm.ai/bb4b448f9896cf3f5607bd5ed4b35b29cd866a6b/cu130"" --torch-backend auto",bb4b448f9896cf3f5607bd5ed4b35b29cd866a6b,,
0a73c45fdae3c0d0,commit,wheels.vllm.ai,,0.27.2rc1.dev105+gbb4b448f9,main,default,,cp38,abi3,Linux,aarch64,manylinux_2_28_aarch64,vllm-0.27.2rc1.dev105+gbb4b448f9-cp38-abi3-manylinux_2_28_aarch64.whl,https://wheels.vllm.ai/bb4b448f9896cf3f5607bd5ed4b35b29cd866a6b,https://wheels.vllm.ai/bb4b448f9896cf3f5607bd5ed4b35b29cd866a6b/vllm-0.27.2rc1.dev105%2Bgbb4b448f9-cp38-abi3-manylinux_2_28_aarch64.whl,"uv pip install -U ""vllm"" --extra-index-url ""https://wheels.vllm.ai/bb4b448f9896cf3f5607bd5ed4b35b29cd866a6b"" --torch-backend auto",bb4b448f9896cf3f5607bd5ed4b35b29cd866a6b,,
cdf5af852d6a8e02,commit,wheels.vllm.ai,,0.27.2rc1.dev105+gbb4b448f9,main,default,,cp38,abi3,Linux,x86_64,manylinux_2_28_x86_64,vllm-0.27.2rc1.dev105+gbb4b448f9-cp38-abi3-manylinux_2_28_x86_64.whl,https://wheels.vllm.ai/bb4b448f9896cf3f5607bd5ed4b35b29cd866a6b,https://wheels.vllm.ai/bb4b448f9896cf3f5607bd5ed4b35b29cd866a6b/vllm-0.27.2rc1.dev105%2Bgbb4b448f9-cp38-abi3-manylinux_2_28_x86_64.whl,"uv pip install -U ""vllm"" --extra-index-url ""https://wheels.vllm.ai/bb4b448f9896cf3f5607bd5ed4b35b29cd866a6b"" --torch-backend auto",bb4b448f9896cf3f5607bd5ed4b35b29cd866a6b,,
e0871331c15d2526,commit,wheels.vllm.ai,,0.27.2rc1.dev104+g81e81dac1,main,cu130,,cp38,abi3,Linux,aarch64,manylinux_2_28_aarch64,vllm-0.27.2rc1.dev104+g81e81dac1-cp38-abi3-manylinux_2_28_aarch64.whl,https://wheels.vllm.ai/81e81dac1f3654564c3c48000edce1cdbe248ab9/cu130,https://wheels.vllm.ai/81e81dac1f3654564c3c48000edce1cdbe248ab9/vllm-0.27.2rc1.dev104%2Bg81e81dac1-cp38-abi3-manylinux_2_28_aarch64.whl,"uv pip install -U ""vllm"" --extra-index-url ""https://wheels.vllm.ai/81e81dac1f3654564c3c48000edce1cdbe248ab9/cu130"" --torch-backend auto",81e81dac1f3654564c3c48000edce1cdbe248ab9,,
76dd99e3a2f68d0d,commit,wheels.vllm.ai,,0.27.2rc1.dev104+g81e81dac1,main,cu130,,cp38,abi3,Linux,x86_64,manylinux_2_28_x86_64,vllm-0.27.2rc1.dev104+g81e81dac1-cp38-abi3-manylinux_2_28_x86_64.whl,https://wheels.vllm.ai/81e81dac1f3654564c3c48000edce1cdbe248ab9/cu130,https://wheels.vllm.ai/81e81dac1f3654564c3c48000edce1cdbe248ab9/vllm-0.27.2rc1.dev104%2Bg81e81dac1-cp38-abi3-manylinux_2_28_x86_64.whl,"uv pip install -U ""vllm"" --extra-index-url ""https://wheels.vllm.ai/81e81dac1f3654564c3c48000edce1cdbe248ab9/cu130"" --torch-backend auto",81e81dac1f3654564c3c48000edce1cdbe248ab9,,
e443ae8e29c964cf,commit,wheels.vllm.ai,,0.27.2rc1.dev104+g81e81dac1,main,default,,cp38,abi3,Linux,aarch64,manylinux_2_28_aarch64,vllm-0.27.2rc1.dev104+g81e81dac1-cp38-abi3-manylinux_2_28_aarch64.whl,https://wheels.vllm.ai/81e81dac1f3654564c3c48000edce1cdbe248ab9,https://wheels.vllm.ai/81e81dac1f3654564c3c48000edce1cdbe248ab9/vllm-0.27.2rc1.dev104%2Bg81e81dac1-cp38-abi3-manylinux_2_28_aarch64.whl,"uv pip install -U ""vllm"" --extra-index-url ""https://wheels.vllm.ai/81e81dac1f3654564c3c48000edce1cdbe248ab9"" --torch-backend auto",81e81dac1f3654564c3c48000edce1cdbe248ab9,,
59295cde55110022,commit,wheels.vllm.ai,,0.27.2rc1.dev104+g81e81dac1,main,default,,cp38,abi3,Linux,x86_64,manylinux_2_28_x86_64,vllm-0.27.2rc1.dev104+g81e81dac1-cp38-abi3-manylinux_2_28_x86_64.whl,https://wheels.vllm.ai/81e81dac1f3654564c3c48000edce1cdbe248ab9,https://wheels.vllm.ai/81e81dac1f3654564c3c48000edce1cdbe248ab9/vllm-0.27.2rc1.dev104%2Bg81e81dac1-cp38-abi3-manylinux_2_28_x86_64.whl,"uv pip install -U ""vllm"" --extra-index-url ""https://wheels.vllm.ai/81e81dac1f3654564c3c48000edce1cdbe248ab9"" --torch-backend auto",81e81dac1f3654564c3c48000edce1cdbe248ab9,,
ad8a9cdc48508d9c,commit,wheels.vllm.ai,,0.27.2rc1.dev103+g694db075f,main,cu130,,cp38,abi3,Linux,aarch64,manylinux_2_28_aarch64,vllm-0.27.2rc1.dev103+g694db075f-cp38-abi3-manylinux_2_28_aarch64.whl,https://wheels.vllm.ai/694db075f8af1ccb026720782bc0e2400a3f5c61/cu130,https://wheels.vllm.ai/694db075f8af1ccb026720782bc0e2400a3f5c61/vllm-0.27.2rc1.dev103%2Bg694db075f-cp38-abi3-manylinux_2_28_aarch64.whl,"uv pip install -U ""vllm"" --extra-index-url ""https://wheels.vllm.ai/694db075f8af1ccb026720782bc0e2400a3f5c61/cu130"" --torch-backend auto",694db075f8af1ccb026720782bc0e2400a3f5c61,,
bd44e9d22cb5ab57,commit,wheels.vllm.ai,,0.27.2rc1.dev103+g694db075f,main,cu130,,cp38,abi3,Linux,x86_64,manylinux_2_28_x86_64,vllm-0.27.2rc1.dev103+g694db075f-cp38-abi3-manylinux_2_28_x86_64.whl,https://wheels.vllm.ai/694db075f8af1ccb026720782bc0e2400a3f5c61/cu130,https://wheels.vllm.ai/694db075f8af1ccb026720782bc0e2400a3f5c61/vllm-0.27.2rc1.dev103%2Bg694db075f-cp38-abi3-manylinux_2_28_x86_64.whl,"uv pip install -U ""vllm"" --extra-index-url ""https://wheels.vllm.ai/694db075f8af1ccb026720782bc0e2400a3f5c61/cu130"" --torch-backend auto",694db075f8af1ccb026720782bc0e2400a3f5c61,,
a5c60f6cfdd25dc8,commit,wheels.vllm.ai,,0.27.2rc1.dev103+g694db075f,main,default,,cp38,abi3,Linux,aarch64,manylinux_2_28_aarch64,vllm-0.27.2rc1.dev103+g694db075f-cp38-abi3-manylinux_2_28_aarch64.whl,https://wheels.vllm.ai/694db075f8af1ccb026720782bc0e2400a3f5c61,https://wheels.vllm.ai/694db075f8af1ccb026720782bc0e2400a3f5c61/vllm-0.27.2rc1.dev103%2Bg694db075f-cp38-abi3-manylinux_2_28_aarch64.whl,"uv pip install -U ""vllm"" --extra-index-url ""https://wheels.vllm.ai/694db075f8af1ccb026720782bc0e2400a3f5c61"" --torch-backend auto",694db075f8af1ccb026720782bc0e2400a3f5c61,,
a15d6eb404e6f7fe,commit,wheels.vllm.ai,,0.27.2rc1.dev103+g694db075f,main,default,,cp38,abi3,Linux,x86_64,manylinux_2_28_x86_64,vllm-0.27.2rc1.dev103+g694db075f-cp38-abi3-manylinux_2_28_x86_64.whl,https://wheels.vllm.ai/694db075f8af1ccb026720782bc0e2400a3f5c61,https://wheels.vllm.ai/694db075f8af1ccb026720782bc0e2400a3f5c61/vllm-0.27.2rc1.dev103%2Bg694db075f-cp38-abi3-manylinux_2_28_x86_64.whl,"uv pip install -U ""vllm"" --extra-index-url ""https://wheels.vllm.ai/694db075f8af1ccb026720782bc0e2400a3f5c61"" --torch-backend auto",694db075f8af1ccb026720782bc0e2400a3f5c61,,
a132335bcfe2d84a,release,github,0.27.1,0.27.1+cpu,github,cpu,cpu,cp312,cp312,macOS,arm64,macosx_11_0_arm64,vllm-0.27.1+cpu-cp312-cp312-macosx_11_0_arm64.whl,,https://github.com/vllm-project/vllm/releases/download/v0.27.1/vllm-0.27.1%2Bcpu-cp312-cp312-macosx_11_0_arm64.whl,"uv pip install ""https://github.com/vllm-project/vllm/releases/download/v0.27.1/vllm-0.27.1%2Bcpu-cp312-cp312-macosx_11_0_arm64.whl"" --torch-backend cpu",,2026-08-11T10:47:49Z,25808613
61bbbf4b8df3a23a,release,github,0.27.1,0.27.1+cpu,github,cpu,cpu,cp38,abi3,Linux,aarch64,manylinux_2_34_aarch64,vllm-0.27.1+cpu-cp38-abi3-manylinux_2_34_aarch64.whl,,https://github.com/vllm-project/vllm/releases/download/v0.27.1/vllm-0.27.1%2Bcpu-cp38-abi3-manylinux_2_34_aarch64.whl,"uv pip install ""https://github.com/vllm-project/vllm/releases/download/v0.27.1/vllm-0.27.1%2Bcpu-cp38-abi3-manylinux_2_34_aarch64.whl"" --torch-backend cpu",,2026-08-11T10:47:49Z,65467207
3a00ee68e2fc4ac2,release,github,0.27.1,0.27.1+cpu,github,cpu,cpu,cp38,abi3,Linux,x86_64,manylinux_2_34_x86_64,vllm-0.27.1+cpu-cp38-abi3-manylinux_2_34_x86_64.whl,,https://github.com/vllm-project/vllm/releases/download/v0.27.1/vllm-0.27.1%2Bcpu-cp38-abi3-manylinux_2_34_x86_64.whl,"uv pip install ""https://github.com/vllm-project/vllm/releases/download/v0.27.1/vllm-0.27.1%2Bcpu-cp38-abi3-manylinux_2_34_x86_64.whl"" --torch-backend cpu",,2026-08-11T10:47:49Z,127738428
be96ac9a1202958c,release,github,0.27.1,0.27.1+cu129,github,cu129,cu129,cp38,abi3,Linux,aarch64,manylinux_2_28_aarch64,vllm-0.27.1+cu129-cp38-abi3-manylinux_2_28_aarch64.whl,,https://github.com/vllm-project/vllm/releases/download/v0.27.1/vllm-0.27.1%2Bcu129-cp38-abi3-manylinux_2_28_aarch64.whl,"uv pip install ""https://github.com/vllm-project/vllm/releases/download/v0.27.1/vllm-0.27.1%2Bcu129-cp38-abi3-manylinux_2_28_aarch64.whl"" --torch-backend auto",,2026-08-11T10:47:49Z,518782535
dc648c1900fd771a,release,github,0.27.1,0.27.1+cu129,github,cu129,cu129,cp38,abi3,Linux,x86_64,manylinux_2_28_x86_64,vllm-0.27.1+cu129-cp38-abi3-manylinux_2_28_x86_64.whl,,https://github.com/vllm-project/vllm/releases/download/v0.27.1/vllm-0.27.1%2Bcu129-cp38-abi3-manylinux_2_28_x86_64.whl,"uv pip install ""https://github.com/vllm-project/vllm/releases/download/v0.27.1/vllm-0.27.1%2Bcu129-cp38-abi3-manylinux_2_28_x86_64.whl"" --torch-backend auto",,2026-08-11T10:47:49Z,545751073
156fcb39763433b3,release,github,0.27.1,0.27.1,github,default,,cp38,abi3,Linux,aarch64,manylinux_2_28_aarch64,vllm-0.27.1-cp38-abi3-manylinux_2_28_aarch64.whl,,https://github.com/vllm-project/vllm/releases/download/v0.27.1/vllm-0.27.1-cp38-abi3-manylinux_2_28_aarch64.whl,"uv pip install ""https://github.com/vllm-project/vllm/releases/download/v0.27.1/vllm-0.27.1-cp38-abi3-manylinux_2_28_aarch64.whl"" --torch-backend auto",,2026-08-11T10:47:49Z,307180998
8e9657865e71fda4,release,github,0.27.1,0.27.1,github,default,,cp38,abi3,Linux,x86_64,manylinux_2_28_x86_64,vllm-0.27.1-cp38-abi3-manylinux_2_28_x86_64.whl,,https://github.com/vllm-project/vllm/releases/download/v0.27.1/vllm-0.27.1-cp38-abi3-manylinux_2_28_x86_64.whl,"uv pip install ""https://github.com/vllm-project/vllm/releases/download/v0.27.1/vllm-0.27.1-cp38-abi3-manylinux_2_28_x86_64.whl"" --torch-backend auto",,2026-08-11T10:47:49Z,312887766
c7615e56101c51c4,release,wheels.vllm.ai,0.27.1,0.27.1,main,cpu,cpu,cp312,cp312,macOS,arm64,macosx_11_0_arm64,vllm-0.27.1+cpu-cp312-cp312-macosx_11_0_arm64.whl,https://wheels.vllm.ai/0.27.1/cpu,https://wheels.vllm.ai/6e448d0ea9bf3d88d898b65449ca6dc2aec170ac/vllm-0.27.1%2Bcpu-cp312-cp312-macosx_11_0_arm64.whl,"uv pip install ""vllm==0.27.1"" --extra-index-url ""https://wheels.vllm.ai/0.27.1/cpu"" --index-strategy first-index --torch-backend cpu",6e448d0ea9bf3d88d898b65449ca6dc2aec170ac,,
fc7287660489ed6e,release,wheels.vllm.ai,0.27.1,0.27.1,main,cpu,cpu,cp38,abi3,Linux,aarch64,manylinux_2_34_aarch64,vllm-0.27.1+cpu-cp38-abi3-manylinux_2_34_aarch64.whl,https://wheels.vllm.ai/0.27.1/cpu,https://wheels.vllm.ai/6e448d0ea9bf3d88d898b65449ca6dc2aec170ac/vllm-0.27.1%2Bcpu-cp38-abi3-manylinux_2_34_aarch64.whl,"uv pip install ""vllm==0.27.1"" --extra-index-url ""https://wheels.vllm.ai/0.27.1/cpu"" --index-strategy first-index --torch-backend cpu",6e448d0ea9bf3d88d898b65449ca6dc2aec170ac,,
38b2e43e82ffe83d,release,wheels.vllm.ai,0.27.1,0.27.1,main,cpu,cpu,cp38,abi3,Linux,x86_64,manylinux_2_34_x86_64,vllm-0.27.1+cpu-cp38-abi3-manylinux_2_34_x86_64.whl,https://wheels.vllm.ai/0.27.1/cpu,https://wheels.vllm.ai/6e448d0ea9bf3d88d898b65449ca6dc2aec170ac/vllm-0.27.1%2Bcpu-cp38-abi3-manylinux_2_34_x86_64.whl,"uv pip install ""vllm==0.27.1"" --extra-index-url ""https://wheels.vllm.ai/0.27.1/cpu"" --index-strategy first-index --torch-backend cpu",6e448d0ea9bf3d88d898b65449ca6dc2aec170ac,,
7d17b17e0c32ce45,release,wheels.vllm.ai,0.27.1,0.27.1,main,cu129,cu129,cp38,abi3,Linux,aarch64,manylinux_2_28_aarch64,vllm-0.27.1+cu129-cp38-abi3-manylinux_2_28_aarch64.whl,https://wheels.vllm.ai/0.27.1/cu129,https://wheels.vllm.ai/6e448d0ea9bf3d88d898b65449ca6dc2aec170ac/vllm-0.27.1%2Bcu129-cp38-abi3-manylinux_2_28_aarch64.whl,"uv pip install ""vllm==0.27.1"" --extra-index-url ""https://wheels.vllm.ai/0.27.1/cu129"" --torch-backend auto",6e448d0ea9bf3d88d898b65449ca6dc2aec170ac,,
627167da1516a632,release,wheels.vllm.ai,0.27.1,0.27.1,main,cu129,cu129,cp38,abi3,Linux,x86_64,manylinux_2_28_x86_64,vllm-0.27.1+cu129-cp38-abi3-manylinux_2_28_x86_64.whl,https://wheels.vllm.ai/0.27.1/cu129,https://wheels.vllm.ai/6e448d0ea9bf3d88d898b65449ca6dc2aec170ac/vllm-0.27.1%2Bcu129-cp38-abi3-manylinux_2_28_x86_64.whl,"uv pip install ""vllm==0.27.1"" --extra-index-url ""https://wheels.vllm.ai/0.27.1/cu129"" --torch-backend auto",6e448d0ea9bf3d88d898b65449ca6dc2aec170ac,,
884483814739beff,release,wheels.vllm.ai,0.27.1,0.27.1,main,cu130,,cp38,abi3,Linux,aarch64,manylinux_2_28_aarch64,vllm-0.27.1-cp38-abi3-manylinux_2_28_aarch64.whl,https://wheels.vllm.ai/0.27.1/cu130,https://wheels.vllm.ai/6e448d0ea9bf3d88d898b65449ca6dc2aec170ac/vllm-0.27.1-cp38-abi3-manylinux_2_28_aarch64.whl,"uv pip install ""vllm==0.27.1"" --extra-index-url ""https://wheels.vllm.ai/0.27.1/cu130"" --torch-backend auto",6e448d0ea9bf3d88d898b65449ca6dc2aec170ac,,
c4be49780a8d2401,release,wheels.vllm.ai,0.27.1,0.27.1,main,cu130,,cp38,abi3,Linux,x86_64,manylinux_2_28_x86_64,vllm-0.27.1-cp38-abi3-manylinux_2_28_x86_64.whl,https://wheels.vllm.ai/0.27.1/cu130,https://wheels.vllm.ai/6e448d0ea9bf3d88d898b65449ca6dc2aec170ac/vllm-0.27.1-cp38-abi3-manylinux_2_28_x86_64.whl,"uv pip install ""vllm==0.27.1"" --extra-index-url ""https://wheels.vllm.ai/0.27.1/cu130"" --torch-backend auto",6e448d0ea9bf3d88d898b65449ca6dc2aec170ac,,
181827a4e9d276b4,release,wheels.vllm.ai,0.27.1,0.27.1,main,default,,cp38,abi3,Linux,aarch64,manylinux_2_28_aarch64,vllm-0.27.1-cp38-abi3-manylinux_2_28_aarch64.whl,https://wheels.vllm.ai/0.27.1,https://wheels.vllm.ai/6e448d0ea9bf3d88d898b65449ca6dc2aec170ac/vllm-0.27.1-cp38-abi3-manylinux_2_28_aarch64.whl,"uv pip install ""vllm==0.27.1"" --extra-index-url ""https://wheels.vllm.ai/0.27.1"" --torch-backend auto",6e448d0ea9bf3d88d898b65449ca6dc2aec170ac,,
5bbff0383bc66050,release,wheels.vllm.ai,0.27.1,0.27.1,main,default,,cp38,abi3,Linux,x86_64,manylinux_2_28_x86_64,vllm-0.27.1-cp38-abi3-manylinux_2_28_x86_64.whl,https://wheels.vllm.ai/0.27.1,https://wheels.vllm.ai/6e448d0ea9bf3d88d898b65449ca6dc2aec170ac/vllm-0.27.1-cp38-abi3-manylinux_2_28_x86_64.whl,"uv pip install ""vllm==0.27.1"" --extra-index-url ""https://wheels.vllm.ai/0.27.1"" --torch-backend auto",6e448d0ea9bf3d88d898b65449ca6dc2aec170ac,,
80a29d8011c1eec8,release,wheels.vllm.ai,0.27.1,0.27.1,rocm,rocm723,rocm723,cp312,cp312,Linux,x86_64,manylinux_2_34_x86_64,vllm-0.27.1+rocm723-cp312-cp312-manylinux_2_34_x86_64.whl,https://wheels.vllm.ai/rocm/0.27.1/rocm723,https://wheels.vllm.ai/rocm/6e448d0ea9bf3d88d898b65449ca6dc2aec170ac/vllm-0.27.1%2Brocm723-cp312-cp312-manylinux_2_34_x86_64.whl,"uv pip install ""vllm==0.27.1"" --extra-index-url ""https://wheels.vllm.ai/rocm/0.27.1/rocm723"" --torch-backend auto",6e448d0ea9bf3d88d898b65449ca6dc2aec170ac,,
9dd28fd1fee151b4,release,wheels.vllm.ai,0.27.1,0.27.1.dev4+g6e448d0ea,rocm,rocm723,rocm723,cp312,cp312,Linux,x86_64,manylinux_2_34_x86_64,vllm-0.27.1.dev4+g6e448d0ea.rocm723-cp312-cp312-manylinux_2_34_x86_64.whl,https://wheels.vllm.ai/rocm/0.27.1/rocm723,https://wheels.vllm.ai/rocm/6e448d0ea9bf3d88d898b65449ca6dc2aec170ac/vllm-0.27.1.dev4%2Bg6e448d0ea.rocm723-cp312-cp312-manylinux_2_34_x86_64.whl,"uv pip install ""vllm==0.27.1"" --extra-index-url ""https://wheels.vllm.ai/rocm/0.27.1/rocm723"" --torch-backend auto",6e448d0ea9bf3d88d898b65449ca6dc2aec170ac,,
e3f53051cbf69557,release,github,0.27.0,0.27.0+cpu,github,cpu,cpu,cp312,cp312,macOS,arm64,macosx_11_0_arm64,vllm-0.27.0+cpu-cp312-cp312-macosx_11_0_arm64.whl,,https://github.com/vllm-project/vllm/releases/download/v0.27.0/vllm-0.27.0%2Bcpu-cp312-cp312-macosx_11_0_arm64.whl,"uv pip install ""https://github.com/vllm-project/vllm/releases/download/v0.27.0/vllm-0.27.0%2Bcpu-cp312-cp312-macosx_11_0_arm64.whl"" --torch-backend cpu",,2026-08-10T21:18:11Z,25808556
5331837e22af57b7,release,github,0.27.0,0.27.0+cpu,github,cpu,cpu,cp38,abi3,Linux,aarch64,manylinux_2_34_aarch64,vllm-0.27.0+cpu-cp38-abi3-manylinux_2_34_aarch64.whl,,https://github.com/vllm-project/vllm/releases/download/v0.27.0/vllm-0.27.0%2Bcpu-cp38-abi3-manylinux_2_34_aarch64.whl,"uv pip install ""https://github.com/vllm-project/vllm/releases/download/v0.27.0/vllm-0.27.0%2Bcpu-cp38-abi3-manylinux_2_34_aarch64.whl"" --torch-backend cpu",,2026-08-10T21:18:11Z,65467431
9ef53b875cced7fa,release,github,0.27.0,0.27.0+cpu,github,cpu,cpu,cp38,abi3,Linux,x86_64,manylinux_2_34_x86_64,vllm-0.27.0+cpu-cp38-abi3-manylinux_2_34_x86_64.whl,,https://github.com/vllm-project/vllm/releases/download/v0.27.0/vllm-0.27.0%2Bcpu-cp38-abi3-manylinux_2_34_x86_64.whl,"uv pip install ""https://github.com/vllm-project/vllm/releases/download/v0.27.0/vllm-0.27.0%2Bcpu-cp38-abi3-manylinux_2_34_x86_64.whl"" --torch-backend cpu",,2026-08-10T21:18:11Z,127738330
69dd0f4a81732f85,release,github,0.27.0,0.27.0+cu129,github,cu129,cu129,cp38,abi3,Linux,aarch64,manylinux_2_28_aarch64,vllm-0.27.0+cu129-cp38-abi3-manylinux_2_28_aarch64.whl,,https://github.com/vllm-project/vllm/releases/download/v0.27.0/vllm-0.27.0%2Bcu129-cp38-abi3-manylinux_2_28_aarch64.whl,"uv pip install ""https://github.com/vllm-project/vllm/releases/download/v0.27.0/vllm-0.27.0%2Bcu129-cp38-abi3-manylinux_2_28_aarch64.whl"" --torch-backend auto",,2026-08-10T21:18:11Z,518782486
6e721fa0d5d78089,release,github,0.27.0,0.27.0+cu129,github,cu129,cu129,cp38,abi3,Linux,x86_64,manylinux_2_28_x86_64,vllm-0.27.0+cu129-cp38-abi3-manylinux_2_28_x86_64.whl,,https://github.com/vllm-project/vllm/releases/download/v0.27.0/vllm-0.27.0%2Bcu129-cp38-abi3-manylinux_2_28_x86_64.whl,"uv pip install ""https://github.com/vllm-project/vllm/releases/download/v0.27.0/vllm-0.27.0%2Bcu129-cp38-abi3-manylinux_2_28_x86_64.whl"" --torch-backend auto",,2026-08-10T21:18:11Z,545751056
837dce00acbe062c,release,github,0.27.0,0.27.0,github,default,,cp38,abi3,Linux,aarch64,manylinux_2_28_aarch64,vllm-0.27.0-cp38-abi3-manylinux_2_28_aarch64.whl,,https://github.com/vllm-project/vllm/releases/download/v0.27.0/vllm-0.27.0-cp38-abi3-manylinux_2_28_aarch64.whl,"uv pip install ""https://github.com/vllm-project/vllm/releases/download/v0.27.0/vllm-0.27.0-cp38-abi3-manylinux_2_28_aarch64.whl"" --torch-backend auto",,2026-08-10T21:18:11Z,307180947
927e3445b9edc80f,release,github,0.27.0,0.27.0,github,default,,cp38,abi3,Linux,x86_64,manylinux_2_28_x86_64,vllm-0.27.0-cp38-abi3-manylinux_2_28_x86_64.whl,,https://github.com/vllm-project/vllm/releases/download/v0.27.0/vllm-0.27.0-cp38-abi3-manylinux_2_28_x86_64.whl,"uv pip install ""https://github.com/vllm-project/vllm/releases/download/v0.27.0/vllm-0.27.0-cp38-abi3-manylinux_2_28_x86_64.whl"" --torch-backend auto",,2026-08-10T21:18:11Z,312887666
f31d6d8cc08adbed,release,wheels.vllm.ai,0.27.0,0.27.0,main,cpu,cpu,cp312,cp312,macOS,arm64,macosx_11_0_arm64,vllm-0.27.0+cpu-cp312-cp312-macosx_11_0_arm64.whl,https://wheels.vllm.ai/0.27.0/cpu,https://wheels.vllm.ai/4bdc8a788d2e2ce9165d552b3d4d8b72604626bf/vllm-0.27.0%2Bcpu-cp312-cp312-macosx_11_0_arm64.whl,"uv pip install ""vllm==0.27.0"" --extra-index-url ""https://wheels.vllm.ai/0.27.0/cpu"" --index-strategy first-index --torch-backend cpu",4bdc8a788d2e2ce9165d552b3d4d8b72604626bf,,
808db7b45c7a5e71,release,wheels.vllm.ai,0.27.0,0.27.0,main,cpu,cpu,cp38,abi3,Linux,aarch64,manylinux_2_34_aarch64,vllm-0.27.0+cpu-cp38-abi3-manylinux_2_34_aarch64.whl,https://wheels.vllm.ai/0.27.0/cpu,https://wheels.vllm.ai/4bdc8a788d2e2ce9165d552b3d4d8b72604626bf/vllm-0.27.0%2Bcpu-cp38-abi3-manylinux_2_34_aarch64.whl,"uv pip install ""vllm==0.27.0"" --extra-index-url ""https://wheels.vllm.ai/0.27.0/cpu"" --index-strategy first-index --torch-backend cpu",4bdc8a788d2e2ce9165d552b3d4d8b72604626bf,,
2fe83cf5597c1e14,release,wheels.vllm.ai,0.27.0,0.27.0,main,cpu,cpu,cp38,abi3,Linux,x86_64,manylinux_2_34_x86_64,vllm-0.27.0+cpu-cp38-abi3-manylinux_2_34_x86_64.whl,https://wheels.vllm.ai/0.27.0/cpu,https://wheels.vllm.ai/4bdc8a788d2e2ce9165d552b3d4d8b72604626bf/vllm-0.27.0%2Bcpu-cp38-abi3-manylinux_2_34_x86_64.whl,"uv pip install ""vllm==0.27.0"" --extra-index-url ""https://wheels.vllm.ai/0.27.0/cpu"" --index-strategy first-index --torch-backend cpu",4bdc8a788d2e2ce9165d552b3d4d8b72604626bf,,
ec6084a7cd08e8d8,release,wheels.vllm.ai,0.27.0,0.27.0,main,cu129,cu129,cp38,abi3,Linux,aarch64,manylinux_2_28_aarch64,vllm-0.27.0+cu129-cp38-abi3-manylinux_2_28_aarch64.whl,https://wheels.vllm.ai/0.27.0/cu129,https://wheels.vllm.ai/4bdc8a788d2e2ce9165d552b3d4d8b72604626bf/vllm-0.27.0%2Bcu129-cp38-abi3-manylinux_2_28_aarch64.whl,"uv pip install ""vllm==0.27.0"" --extra-index-url ""https://wheels.vllm.ai/0.27.0/cu129"" --torch-backend auto",4bdc8a788d2e2ce9165d552b3d4d8b72604626bf,,
085eed49fe6b4c74,release,wheels.vllm.ai,0.27.0,0.27.0,main,cu129,cu129,cp38,abi3,Linux,x86_64,manylinux_2_28_x86_64,vllm-0.27.0+cu129-cp38-abi3-manylinux_2_28_x86_64.whl,https://wheels.vllm.ai/0.27.0/cu129,https://wheels.vllm.ai/4bdc8a788d2e2ce9165d552b3d4d8b72604626bf/vllm-0.27.0%2Bcu129-cp38-abi3-manylinux_2_28_x86_64.whl,"uv pip install ""vllm==0.27.0"" --extra-index-url ""https://wheels.vllm.ai/0.27.0/cu129"" --torch-backend auto",4bdc8a788d2e2ce9165d552b3d4d8b72604626bf,,
009445b8646c0fdd,release,wheels.vllm.ai,0.27.0,0.27.0,main,cu130,,cp38,abi3,Linux,aarch64,manylinux_2_28_aarch64,vllm-0.27.0-cp38-abi3-manylinux_2_28_aarch64.whl,https://wheels.vllm.ai/0.27.0/cu130,https://wheels.vllm.ai/4bdc8a788d2e2ce9165d552b3d4d8b72604626bf/vllm-0.27.0-cp38-abi3-manylinux_2_28_aarch64.whl,"uv pip install ""vllm==0.27.0"" --extra-index-url ""https://wheels.vllm.ai/0.27.0/cu130"" --torch-backend auto",4bdc8a788d2e2ce9165d552b3d4d8b72604626bf,,
7da10857182f1ef6,release,wheels.vllm.ai,0.27.0,0.27.0,main,cu130,,cp38,abi3,Linux,x86_64,manylinux_2_28_x86_64,vllm-0.27.0-cp38-abi3-manylinux_2_28_x86_64.whl,https://wheels.vllm.ai/0.27.0/cu130,https://wheels.vllm.ai/4bdc8a788d2e2ce9165d552b3d4d8b72604626bf/vllm-0.27.0-cp38-abi3-manylinux_2_28_x86_64.whl,"uv pip install ""vllm==0.27.0"" --extra-index-url ""https://wheels.vllm.ai/0.27.0/cu130"" --torch-backend auto",4bdc8a788d2e2ce9165d552b3d4d8b72604626bf,,
aaf4395a4c6e70bf,release,wheels.vllm.ai,0.27.0,0.27.0,main,default,,cp38,abi3,Linux,aarch64,manylinux_2_28_aarch64,vllm-0.27.0-cp38-abi3-manylinux_2_28_aarch64.whl,https://wheels.vllm.ai/0.27.0,https://wheels.vllm.ai/4bdc8a788d2e2ce9165d552b3d4d8b72604626bf/vllm-0.27.0-cp38-abi3-manylinux_2_28_aarch64.whl,"uv pip install ""vllm==0.27.0"" --extra-index-url ""https://wheels.vllm.ai/0.27.0"" --torch-backend auto",4bdc8a788d2e2ce9165d552b3d4d8b72604626bf,,
b87227bafe0a2951,release,wheels.vllm.ai,0.27.0,0.27.0,main,default,,cp38,abi3,Linux,x86_64,manylinux_2_28_x86_64,vllm-0.27.0-cp38-abi3-manylinux_2_28_x86_64.whl,https://wheels.vllm.ai/0.27.0,https://wheels.vllm.ai/4bdc8a788d2e2ce9165d552b3d4d8b72604626bf/vllm-0.27.0-cp38-abi3-manylinux_2_28_x86_64.whl,"uv pip install ""vllm==0.27.0"" --extra-index-url ""https://wheels.vllm.ai/0.27.0"" --torch-backend auto",4bdc8a788d2e2ce9165d552b3d4d8b72604626bf,,
16bdaba32acb2dd2,release,wheels.vllm.ai,0.27.0,0.27.0,rocm,rocm723,rocm723,cp312,cp312,Linux,x86_64,manylinux_2_34_x86_64,vllm-0.27.0+rocm723-cp312-cp312-manylinux_2_34_x86_64.whl,https://wheels.vllm.ai/rocm/0.27.0/rocm723,https://wheels.vllm.ai/rocm/4bdc8a788d2e2ce9165d552b3d4d8b72604626bf/vllm-0.27.0%2Brocm723-cp312-cp312-manylinux_2_34_x86_64.whl,"uv pip install ""vllm==0.27.0"" --extra-index-url ""https://wheels.vllm.ai/rocm/0.27.0/rocm723"" --torch-backend auto",4bdc8a788d2e2ce9165d552b3d4d8b72604626bf,,
63a287b47bc959fc,release,wheels.vllm.ai,0.27.0,0.27.1.dev1+g4bdc8a788,rocm,rocm723,rocm723,cp312,cp312,Linux,x86_64,manylinux_2_34_x86_64,vllm-0.27.1.dev1+g4bdc8a788.rocm723-cp312-cp312-manylinux_2_34_x86_64.whl,https://wheels.vllm.ai/rocm/0.27.0/rocm723,https://wheels.vllm.ai/rocm/4bdc8a788d2e2ce9165d552b3d4d8b72604626bf/vllm-0.27.1.dev1%2Bg4bdc8a788.rocm723-cp312-cp312-manylinux_2_34_x86_64.whl,"uv pip install ""vllm==0.27.0"" --extra-index-url ""https://wheels.vllm.ai/rocm/0.27.0/rocm723"" --torch-backend auto",4bdc8a788d2e2ce9165d552b3d4d8b72604626bf,,
eef273f68138c107,release,github,0.26.0,0.26.0+cpu,github,cpu,cpu,cp312,cp312,macOS,arm64,macosx_11_0_arm64,vllm-0.26.0+cpu-cp312-cp312-macosx_11_0_arm64.whl,,https://github.com/vllm-project/vllm/releases/download/v0.26.0/vllm-0.26.0%2Bcpu-cp312-cp312-macosx_11_0_arm64.whl,"uv pip install ""https://github.com/vllm-project/vllm/releases/download/v0.26.0/vllm-0.26.0%2Bcpu-cp312-cp312-macosx_11_0_arm64.whl"" --torch-backend cpu",,2026-07-27T01:06:58Z,20732570
b8f2bc5f19277f01,release,github,0.26.0,0.26.0+cpu,github,cpu,cpu,cp38,abi3,Linux,aarch64,manylinux_2_34_aarch64,vllm-0.26.0+cpu-cp38-abi3-manylinux_2_34_aarch64.whl,,https://github.com/vllm-project/vllm/releases/download/v0.26.0/vllm-0.26.0%2Bcpu-cp38-abi3-manylinux_2_34_aarch64.whl,"uv pip install ""https://github.com/vllm-project/vllm/releases/download/v0.26.0/vllm-0.26.0%2Bcpu-cp38-abi3-manylinux_2_34_aarch64.whl"" --torch-backend cpu",,2026-07-27T01:06:58Z,57447846
4d2e688df48a100e,release,github,0.26.0,0.26.0+cpu,github,cpu,cpu,cp38,abi3,Linux,x86_64,manylinux_2_34_x86_64,vllm-0.26.0+cpu-cp38-abi3-manylinux_2_34_x86_64.whl,,https://github.com/vllm-project/vllm/releases/download/v0.26.0/vllm-0.26.0%2Bcpu-cp38-abi3-manylinux_2_34_x86_64.whl,"uv pip install ""https://github.com/vllm-project/vllm/releases/download/v0.26.0/vllm-0.26.0%2Bcpu-cp38-abi3-manylinux_2_34_x86_64.whl"" --torch-backend cpu",,2026-07-27T01:06:58Z,117126821
738fac9be005df9c,release,github,0.26.0,0.26.0+cu129,github,cu129,cu129,cp38,abi3,Linux,aarch64,manylinux_2_28_aarch64,vllm-0.26.0+cu129-cp38-abi3-manylinux_2_28_aarch64.whl,,https://github.com/vllm-project/vllm/releases/download/v0.26.0/vllm-0.26.0%2Bcu129-cp38-abi3-manylinux_2_28_aarch64.whl,"uv pip install ""https://github.com/vllm-project/vllm/releases/download/v0.26.0/vllm-0.26.0%2Bcu129-cp38-abi3-manylinux_2_28_aarch64.whl"" --torch-backend auto",,2026-07-27T01:06:58Z,495047593
4d0a09e75e367232,release,github,0.26.0,0.26.0+cu129,github,cu129,cu129,cp38,abi3,Linux,x86_64,manylinux_2_28_x86_64,vllm-0.26.0+cu129-cp38-abi3-manylinux_2_28_x86_64.whl,,https://github.com/vllm-project/vllm/releases/download/v0.26.0/vllm-0.26.0%2Bcu129-cp38-abi3-manylinux_2_28_x86_64.whl,"uv pip install ""https://github.com/vllm-project/vllm/releases/download/v0.26.0/vllm-0.26.0%2Bcu129-cp38-abi3-manylinux_2_28_x86_64.whl"" --torch-backend auto",,2026-07-27T01:06:58Z,518935080
e5a42ba95494e586,release,github,0.26.0,0.26.0,github,default,,cp38,abi3,Linux,aarch64,manylinux_2_28_aarch64,vllm-0.26.0-cp38-abi3-manylinux_2_28_aarch64.whl,,https://github.com/vllm-project/vllm/releases/download/v0.26.0/vllm-0.26.0-cp38-abi3-manylinux_2_28_aarch64.whl,"uv pip install ""https://github.com/vllm-project/vllm/releases/download/v0.26.0/vllm-0.26.0-cp38-abi3-manylinux_2_28_aarch64.whl"" --torch-backend auto",,2026-07-27T01:06:58Z,298269785
25a89516803a3752,release,github,0.26.0,0.26.0,github,default,,cp38,abi3,Linux,x86_64,manylinux_2_28_x86_64,vllm-0.26.0-cp38-abi3-manylinux_2_28_x86_64.whl,,https://github.com/vllm-project/vllm/releases/download/v0.26.0/vllm-0.26.0-cp38-abi3-manylinux_2_28_x86_64.whl,"uv pip install ""https://github.com/vllm-project/vllm/releases/download/v0.26.0/vllm-0.26.0-cp38-abi3-manylinux_2_28_x86_64.whl"" --torch-backend auto",,2026-07-27T01:06:58Z,303698761
1e9067912a5677f1,release,wheels.vllm.ai,0.26.0,0.26.0,main,cpu,cpu,cp312,cp312,macOS,arm64,macosx_11_0_arm64,vllm-0.26.0+cpu-cp312-cp312-macosx_11_0_arm64.whl,https://wheels.vllm.ai/0.26.0/cpu,https://wheels.vllm.ai/568afb3a13806beb53bb2e6bd518269357b237c0/vllm-0.26.0%2Bcpu-cp312-cp312-macosx_11_0_arm64.whl,"uv pip install ""vllm==0.26.0"" --extra-index-url ""https://wheels.vllm.ai/0.26.0/cpu"" --index-strategy first-index --torch-backend cpu",568afb3a13806beb53bb2e6bd518269357b237c0,,
15ba34e940e3c0cd,release,wheels.vllm.ai,0.26.0,0.26.0,main,cpu,cpu,cp38,abi3,Linux,aarch64,manylinux_2_34_aarch64,vllm-0.26.0+cpu-cp38-abi3-manylinux_2_34_aarch64.whl,https://wheels.vllm.ai/0.26.0/cpu,https://wheels.vllm.ai/568afb3a13806beb53bb2e6bd518269357b237c0/vllm-0.26.0%2Bcpu-cp38-abi3-manylinux_2_34_aarch64.whl,"uv pip install ""vllm==0.26.0"" --extra-index-url ""https://wheels.vllm.ai/0.26.0/cpu"" --index-strategy first-index --torch-backend cpu",568afb3a13806beb53bb2e6bd518269357b237c0,,
b52fceea62b0d9e8,release,wheels.vllm.ai,0.26.0,0.26.0,main,cpu,cpu,cp38,abi3,Linux,x86_64,manylinux_2_34_x86_64,vllm-0.26.0+cpu-cp38-abi3-manylinux_2_34_x86_64.whl,https://wheels.vllm.ai/0.26.0/cpu,https://wheels.vllm.ai/568afb3a13806beb53bb2e6bd518269357b237c0/vllm-0.26.0%2Bcpu-cp38-abi3-manylinux_2_34_x86_64.whl,"uv pip install ""vllm==0.26.0"" --extra-index-url ""https://wheels.vllm.ai/0.26.0/cpu"" --index-strategy first-index --torch-backend cpu",568afb3a13806beb53bb2e6bd518269357b237c0,,
a48c59ed1350e235,release,wheels.vllm.ai,0.26.0,0.26.0,main,cu129,cu129,cp38,abi3,Linux,aarch64,manylinux_2_28_aarch64,vllm-0.26.0+cu129-cp38-abi3-manylinux_2_28_aarch64.whl,https://wheels.vllm.ai/0.26.0/cu129,https://wheels.vllm.ai/568afb3a13806beb53bb2e6bd518269357b237c0/vllm-0.26.0%2Bcu129-cp38-abi3-manylinux_2_28_aarch64.whl,"uv pip install ""vllm==0.26.0"" --extra-index-url ""https://wheels.vllm.ai/0.26.0/cu129"" --torch-backend auto",568afb3a13806beb53bb2e6bd518269357b237c0,,
bcd40be9078543d6,release,wheels.vllm.ai,0.26.0,0.26.0,main,cu129,cu129,cp38,abi3,Linux,x86_64,manylinux_2_28_x86_64,vllm-0.26.0+cu129-cp38-abi3-manylinux_2_28_x86_64.whl,https://wheels.vllm.ai/0.26.0/cu129,https://wheels.vllm.ai/568afb3a13806beb53bb2e6bd518269357b237c0/vllm-0.26.0%2Bcu129-cp38-abi3-manylinux_2_28_x86_64.whl,"uv pip install ""vllm==0.26.0"" --extra-index-url ""https://wheels.vllm.ai/0.26.0/cu129"" --torch-backend auto",568afb3a13806beb53bb2e6bd518269357b237c0,,
3279eba592c39848,release,wheels.vllm.ai,0.26.0,0.26.0,main,cu130,,cp38,abi3,Linux,aarch64,manylinux_2_28_aarch64,vllm-0.26.0-cp38-abi3-manylinux_2_28_aarch64.whl,https://wheels.vllm.ai/0.26.0/cu130,https://wheels.vllm.ai/568afb3a13806beb53bb2e6bd518269357b237c0/vllm-0.26.0-cp38-abi3-manylinux_2_28_aarch64.whl,"uv pip install ""vllm==0.26.0"" --extra-index-url ""https://wheels.vllm.ai/0.26.0/cu130"" --torch-backend auto",568afb3a13806beb53bb2e6bd518269357b237c0,,
11343ffc5f2e3f9e,release,wheels.vllm.ai,0.26.0,0.26.0,main,cu130,,cp38,abi3,Linux,x86_64,manylinux_2_28_x86_64,vllm-0.26.0-cp38-abi3-manylinux_2_28_x86_64.whl,https://wheels.vllm.ai/0.26.0/cu130,https://wheels.vllm.ai/568afb3a13806beb53bb2e6bd518269357b237c0/vllm-0.26.0-cp38-abi3-manylinux_2_28_x86_64.whl,"uv pip install ""vllm==0.26.0"" --extra-index-url ""https://wheels.vllm.ai/0.26.0/cu130"" --torch-backend auto",568afb3a13806beb53bb2e6bd518269357b237c0,,
c87d2149a942f591,release,wheels.vllm.ai,0.26.0,0.26.0,main,default,,cp38,abi3,Linux,aarch64,manylinux_2_28_aarch64,vllm-0.26.0-cp38-abi3-manylinux_2_28_aarch64.whl,https://wheels.vllm.ai/0.26.0,https://wheels.vllm.ai/568afb3a13806beb53bb2e6bd518269357b237c0/vllm-0.26.0-cp38-abi3-manylinux_2_28_aarch64.whl,"uv pip install ""vllm==0.26.0"" --extra-index-url ""https://wheels.vllm.ai/0.26.0"" --torch-backend auto",568afb3a13806beb53bb2e6bd518269357b237c0,,
f353086b1a050f58,release,wheels.vllm.ai,0.26.0,0.26.0,main,default,,cp38,abi3,Linux,x86_64,manylinux_2_28_x86_64,vllm-0.26.0-cp38-abi3-manylinux_2_28_x86_64.whl,https://wheels.vllm.ai/0.26.0,https://wheels.vllm.ai/568afb3a13806beb53bb2e6bd518269357b237c0/vllm-0.26.0-cp38-abi3-manylinux_2_28_x86_64.whl,"uv pip install ""vllm==0.26.0"" --extra-index-url ""https://wheels.vllm.ai/0.26.0"" --torch-backend auto",568afb3a13806beb53bb2e6bd518269357b237c0,,
897a009c66ef40fb,release,wheels.vllm.ai,0.26.0,0.26.0,rocm,rocm723,rocm723,cp312,cp312,Linux,x86_64,manylinux_2_34_x86_64,vllm-0.26.0+rocm723-cp312-cp312-manylinux_2_34_x86_64.whl,https://wheels.vllm.ai/rocm/0.26.0/rocm723,https://wheels.vllm.ai/rocm/568afb3a13806beb53bb2e6bd518269357b237c0/vllm-0.26.0%2Brocm723-cp312-cp312-manylinux_2_34_x86_64.whl,"uv pip install ""vllm==0.26.0"" --extra-index-url ""https://wheels.vllm.ai/rocm/0.26.0/rocm723"" --torch-backend auto",568afb3a13806beb53bb2e6bd518269357b237c0,,
d0763a6791c78677,release,github,0.25.1,0.25.1+cpu,github,cpu,cpu,cp38,abi3,Linux,aarch64,manylinux_2_34_aarch64,vllm-0.25.1+cpu-cp38-abi3-manylinux_2_34_aarch64.whl,,https://github.com/vllm-project/vllm/releases/download/v0.25.1/vllm-0.25.1%2Bcpu-cp38-abi3-manylinux_2_34_aarch64.whl,"uv pip install ""https://github.com/vllm-project/vllm/releases/download/v0.25.1/vllm-0.25.1%2Bcpu-cp38-abi3-manylinux_2_34_aarch64.whl"" --torch-backend cpu",,2026-07-14T08:51:20Z,55427774
6bdd891a9d4782f8,release,github,0.25.1,0.25.1+cpu,github,cpu,cpu,cp38,abi3,Linux,x86_64,manylinux_2_34_x86_64,vllm-0.25.1+cpu-cp38-abi3-manylinux_2_34_x86_64.whl,,https://github.com/vllm-project/vllm/releases/download/v0.25.1/vllm-0.25.1%2Bcpu-cp38-abi3-manylinux_2_34_x86_64.whl,"uv pip install ""https://github.com/vllm-project/vllm/releases/download/v0.25.1/vllm-0.25.1%2Bcpu-cp38-abi3-manylinux_2_34_x86_64.whl"" --torch-backend cpu",,2026-07-14T08:51:20Z,114797087
89738865740657c5,release,github,0.25.1,0.25.1+cu129,github,cu129,cu129,cp38,abi3,Linux,aarch64,manylinux_2_28_aarch64,vllm-0.25.1+cu129-cp38-abi3-manylinux_2_28_aarch64.whl,,https://github.com/vllm-project/vllm/releases/download/v0.25.1/vllm-0.25.1%2Bcu129-cp38-abi3-manylinux_2_28_aarch64.whl,"uv pip install ""https://github.com/vllm-project/vllm/releases/download/v0.25.1/vllm-0.25.1%2Bcu129-cp38-abi3-manylinux_2_28_aarch64.whl"" --torch-backend auto",,2026-07-14T08:51:20Z,409647950
b87f951432b3a2a3,release,github,0.25.1,0.25.1+cu129,github,cu129,cu129,cp38,abi3,Linux,x86_64,manylinux_2_28_x86_64,vllm-0.25.1+cu129-cp38-abi3-manylinux_2_28_x86_64.whl,,https://github.com/vllm-project/vllm/releases/download/v0.25.1/vllm-0.25.1%2Bcu129-cp38-abi3-manylinux_2_28_x86_64.whl,"uv pip install ""https://github.com/vllm-project/vllm/releases/download/v0.25.1/vllm-0.25.1%2Bcu129-cp38-abi3-manylinux_2_28_x86_64.whl"" --torch-backend auto",,2026-07-14T08:51:20Z,432371078
62dd853cea93bfde,release,github,0.25.1,0.25.1,github,default,,cp38,abi3,Linux,aarch64,manylinux_2_28_aarch64,vllm-0.25.1-cp38-abi3-manylinux_2_28_aarch64.whl,,https://github.com/vllm-project/vllm/releases/download/v0.25.1/vllm-0.25.1-cp38-abi3-manylinux_2_28_aarch64.whl,"uv pip install ""https://github.com/vllm-project/vllm/releases/download/v0.25.1/vllm-0.25.1-cp38-abi3-manylinux_2_28_aarch64.whl"" --torch-backend auto",,2026-07-14T08:51:20Z,244036150
366721752dbd3381,release,github,0.25.1,0.25.1,github,default,,cp38,abi3,Linux,x86_64,manylinux_2_28_x86_64,vllm-0.25.1-cp38-abi3-manylinux_2_28_x86_64.whl,,https://github.com/vllm-project/vllm/releases/download/v0.25.1/vllm-0.25.1-cp38-abi3-manylinux_2_28_x86_64.whl,"uv pip install ""https://github.com/vllm-project/vllm/releases/download/v0.25.1/vllm-0.25.1-cp38-abi3-manylinux_2_28_x86_64.whl"" --torch-backend auto",,2026-07-14T08:51:20Z,250100306
eaef8a4a12a47f53,release,wheels.vllm.ai,0.25.1,0.25.1,main,cpu,cpu,cp38,abi3,Linux,aarch64,manylinux_2_34_aarch64,vllm-0.25.1+cpu-cp38-abi3-manylinux_2_34_aarch64.whl,https://wheels.vllm.ai/0.25.1/cpu,https://wheels.vllm.ai/752a3a504485790a2e8491cacbb35c137339ad34/vllm-0.25.1%2Bcpu-cp38-abi3-manylinux_2_34_aarch64.whl,"uv pip install ""vllm==0.25.1"" --extra-index-url ""https://wheels.vllm.ai/0.25.1/cpu"" --index-strategy first-index --torch-backend cpu",752a3a504485790a2e8491cacbb35c137339ad34,,
10eec02f8eae0d1f,release,wheels.vllm.ai,0.25.1,0.25.1,main,cpu,cpu,cp38,abi3,Linux,x86_64,manylinux_2_34_x86_64,vllm-0.25.1+cpu-cp38-abi3-manylinux_2_34_x86_64.whl,https://wheels.vllm.ai/0.25.1/cpu,https://wheels.vllm.ai/752a3a504485790a2e8491cacbb35c137339ad34/vllm-0.25.1%2Bcpu-cp38-abi3-manylinux_2_34_x86_64.whl,"uv pip install ""vllm==0.25.1"" --extra-index-url ""https://wheels.vllm.ai/0.25.1/cpu"" --index-strategy first-index --torch-backend cpu",752a3a504485790a2e8491cacbb35c137339ad34,,
c010eeaf120482ea,release,wheels.vllm.ai,0.25.1,0.25.1,main,cu129,cu129,cp38,abi3,Linux,aarch64,manylinux_2_28_aarch64,vllm-0.25.1+cu129-cp38-abi3-manylinux_2_28_aarch64.whl,https://wheels.vllm.ai/0.25.1/cu129,https://wheels.vllm.ai/752a3a504485790a2e8491cacbb35c137339ad34/vllm-0.25.1%2Bcu129-cp38-abi3-manylinux_2_28_aarch64.whl,"uv pip install ""vllm==0.25.1"" --extra-index-url ""https://wheels.vllm.ai/0.25.1/cu129"" --torch-backend auto",752a3a504485790a2e8491cacbb35c137339ad34,,
d91edb7ed048c24d,release,wheels.vllm.ai,0.25.1,0.25.1,main,cu129,cu129,cp38,abi3,Linux,x86_64,manylinux_2_28_x86_64,vllm-0.25.1+cu129-cp38-abi3-manylinux_2_28_x86_64.whl,https://wheels.vllm.ai/0.25.1/cu129,https://wheels.vllm.ai/752a3a504485790a2e8491cacbb35c137339ad34/vllm-0.25.1%2Bcu129-cp38-abi3-manylinux_2_28_x86_64.whl,"uv pip install ""vllm==0.25.1"" --extra-index-url ""https://wheels.vllm.ai/0.25.1/cu129"" --torch-backend auto",752a3a504485790a2e8491cacbb35c137339ad34,,
792decdbe61993bc,release,wheels.vllm.ai,0.25.1,0.25.1,main,cu130,,cp38,abi3,Linux,aarch64,manylinux_2_28_aarch64,vllm-0.25.1-cp38-abi3-manylinux_2_28_aarch64.whl,https://wheels.vllm.ai/0.25.1/cu130,https://wheels.vllm.ai/752a3a504485790a2e8491cacbb35c137339ad34/vllm-0.25.1-cp38-abi3-manylinux_2_28_aarch64.whl,"uv pip install ""vllm==0.25.1"" --extra-index-url ""https://wheels.vllm.ai/0.25.1/cu130"" --torch-backend auto",752a3a504485790a2e8491cacbb35c137339ad34,,
f234695cf64abbd7,release,wheels.vllm.ai,0.25.1,0.25.1,main,cu130,,cp38,abi3,Linux,x86_64,manylinux_2_28_x86_64,vllm-0.25.1-cp38-abi3-manylinux_2_28_x86_64.whl,https://wheels.vllm.ai/0.25.1/cu130,https://wheels.vllm.ai/752a3a504485790a2e8491cacbb35c137339ad34/vllm-0.25.1-cp38-abi3-manylinux_2_28_x86_64.whl,"uv pip install ""vllm==0.25.1"" --extra-index-url ""https://wheels.vllm.ai/0.25.1/cu130"" --torch-backend auto",752a3a504485790a2e8491cacbb35c137339ad34,,
3953eb43a3e32d5b,release,wheels.vllm.ai,0.25.1,0.25.1,main,default,,cp38,abi3,Linux,aarch64,manylinux_2_28_aarch64,vllm-0.25.1-cp38-abi3-manylinux_2_28_aarch64.whl,https://wheels.vllm.ai/0.25.1,https://wheels.vllm.ai/752a3a504485790a2e8491cacbb35c137339ad34/vllm-0.25.1-cp38-abi3-manylinux_2_28_aarch64.whl,"uv pip install ""vllm==0.25.1"" --extra-index-url ""https://wheels.vllm.ai/0.25.1"" --torch-backend auto",752a3a504485790a2e8491cacbb35c137339ad34,,
a3cb8e7305fa5f53,release,wheels.vllm.ai,0.25.1,0.25.1,main,default,,cp38,abi3,Linux,x86_64,manylinux_2_28_x86_64,vllm-0.25.1-cp38-abi3-manylinux_2_28_x86_64.whl,https://wheels.vllm.ai/0.25.1,https://wheels.vllm.ai/752a3a504485790a2e8491cacbb35c137339ad34/vllm-0.25.1-cp38-abi3-manylinux_2_28_x86_64.whl,"uv pip install ""vllm==0.25.1"" --extra-index-url ""https://wheels.vllm.ai/0.25.1"" --torch-backend auto",752a3a504485790a2e8491cacbb35c137339ad34,,
2ed1dcfb2b05e084,release,wheels.vllm.ai,0.25.1,0.25.1,rocm,rocm723,rocm723,cp312,cp312,Linux,x86_64,manylinux_2_34_x86_64,vllm-0.25.1+rocm723-cp312-cp312-manylinux_2_34_x86_64.whl,https://wheels.vllm.ai/rocm/0.25.1/rocm723,https://wheels.vllm.ai/rocm/752a3a504485790a2e8491cacbb35c137339ad34/vllm-0.25.1%2Brocm723-cp312-cp312-manylinux_2_34_x86_64.whl,"uv pip install ""vllm==0.25.1"" --extra-index-url ""https://wheels.vllm.ai/rocm/0.25.1/rocm723"" --torch-backend auto",752a3a504485790a2e8491cacbb35c137339ad34,,
768bd1b2589eba97,release,github,0.25.0,0.25.0+cpu,github,cpu,cpu,cp38,abi3,Linux,aarch64,manylinux_2_34_aarch64,vllm-0.25.0+cpu-cp38-abi3-manylinux_2_34_aarch64.whl,,https://github.com/vllm-project/vllm/releases/download/v0.25.0/vllm-0.25.0%2Bcpu-cp38-abi3-manylinux_2_34_aarch64.whl,"uv pip install ""https://github.com/vllm-project/vllm/releases/download/v0.25.0/vllm-0.25.0%2Bcpu-cp38-abi3-manylinux_2_34_aarch64.whl"" --torch-backend cpu",,2026-07-11T20:06:44Z,55427468
5112c4a9bcb72bdb,release,github,0.25.0,0.25.0+cpu,github,cpu,cpu,cp38,abi3,Linux,x86_64,manylinux_2_34_x86_64,vllm-0.25.0+cpu-cp38-abi3-manylinux_2_34_x86_64.whl,,https://github.com/vllm-project/vllm/releases/download/v0.25.0/vllm-0.25.0%2Bcpu-cp38-abi3-manylinux_2_34_x86_64.whl,"uv pip install ""https://github.com/vllm-project/vllm/releases/download/v0.25.0/vllm-0.25.0%2Bcpu-cp38-abi3-manylinux_2_34_x86_64.whl"" --torch-backend cpu",,2026-07-11T20:06:44Z,114796579
cbd15ccf89549bd7,release,github,0.25.0,0.25.0+cu129,github,cu129,cu129,cp38,abi3,Linux,aarch64,manylinux_2_28_aarch64,vllm-0.25.0+cu129-cp38-abi3-manylinux_2_28_aarch64.whl,,https://github.com/vllm-project/vllm/releases/download/v0.25.0/vllm-0.25.0%2Bcu129-cp38-abi3-manylinux_2_28_aarch64.whl,"uv pip install ""https://github.com/vllm-project/vllm/releases/download/v0.25.0/vllm-0.25.0%2Bcu129-cp38-abi3-manylinux_2_28_aarch64.whl"" --torch-backend auto",,2026-07-11T20:06:44Z,409647640
68cbab2754c68cec,release,github,0.25.0,0.25.0+cu129,github,cu129,cu129,cp38,abi3,Linux,x86_64,manylinux_2_28_x86_64,vllm-0.25.0+cu129-cp38-abi3-manylinux_2_28_x86_64.whl,,https://github.com/vllm-project/vllm/releases/download/v0.25.0/vllm-0.25.0%2Bcu129-cp38-abi3-manylinux_2_28_x86_64.whl,"uv pip install ""https://github.com/vllm-project/vllm/releases/download/v0.25.0/vllm-0.25.0%2Bcu129-cp38-abi3-manylinux_2_28_x86_64.whl"" --torch-backend auto",,2026-07-11T20:06:44Z,432370721
06dc5ecbaecd5b79,release,github,0.25.0,0.25.0,github,default,,cp38,abi3,Linux,aarch64,manylinux_2_28_aarch64,vllm-0.25.0-cp38-abi3-manylinux_2_28_aarch64.whl,,https://github.com/vllm-project/vllm/releases/download/v0.25.0/vllm-0.25.0-cp38-abi3-manylinux_2_28_aarch64.whl,"uv pip install ""https://github.com/vllm-project/vllm/releases/download/v0.25.0/vllm-0.25.0-cp38-abi3-manylinux_2_28_aarch64.whl"" --torch-backend auto",,2026-07-11T20:06:44Z,244035821
bf6c8bb13489e203,release,github,0.25.0,0.25.0,github,default,,cp38,abi3,Linux,x86_64,manylinux_2_28_x86_64,vllm-0.25.0-cp38-abi3-manylinux_2_28_x86_64.whl,,https://github.com/vllm-project/vllm/releases/download/v0.25.0/vllm-0.25.0-cp38-abi3-manylinux_2_28_x86_64.whl,"uv pip install ""https://github.com/vllm-project/vllm/releases/download/v0.25.0/vllm-0.25.0-cp38-abi3-manylinux_2_28_x86_64.whl"" --torch-backend auto",,2026-07-11T20:06:44Z,250099898
ee0d5ea12c1d8fb3,release,wheels.vllm.ai,0.25.0,0.25.0,main,cpu,cpu,cp38,abi3,Linux,aarch64,manylinux_2_34_aarch64,vllm-0.25.0+cpu-cp38-abi3-manylinux_2_34_aarch64.whl,https://wheels.vllm.ai/0.25.0/cpu,https://wheels.vllm.ai/dd10e03f95f94edbea1975c67ace3a35ec9a8a40/vllm-0.25.0%2Bcpu-cp38-abi3-manylinux_2_34_aarch64.whl,"uv pip install ""vllm==0.25.0"" --extra-index-url ""https://wheels.vllm.ai/0.25.0/cpu"" --index-strategy first-index --torch-backend cpu",dd10e03f95f94edbea1975c67ace3a35ec9a8a40,,
53e59e784298b642,release,wheels.vllm.ai,0.25.0,0.25.0,main,cpu,cpu,cp38,abi3,Linux,x86_64,manylinux_2_34_x86_64,vllm-0.25.0+cpu-cp38-abi3-manylinux_2_34_x86_64.whl,https://wheels.vllm.ai/0.25.0/cpu,https://wheels.vllm.ai/dd10e03f95f94edbea1975c67ace3a35ec9a8a40/vllm-0.25.0%2Bcpu-cp38-abi3-manylinux_2_34_x86_64.whl,"uv pip install ""vllm==0.25.0"" --extra-index-url ""https://wheels.vllm.ai/0.25.0/cpu"" --index-strategy first-index --torch-backend cpu",dd10e03f95f94edbea1975c67ace3a35ec9a8a40,,
d93046498534756d,release,wheels.vllm.ai,0.25.0,0.25.0,main,cu129,cu129,cp38,abi3,Linux,aarch64,manylinux_2_28_aarch64,vllm-0.25.0+cu129-cp38-abi3-manylinux_2_28_aarch64.whl,https://wheels.vllm.ai/0.25.0/cu129,https://wheels.vllm.ai/dd10e03f95f94edbea1975c67ace3a35ec9a8a40/vllm-0.25.0%2Bcu129-cp38-abi3-manylinux_2_28_aarch64.whl,"uv pip install ""vllm==0.25.0"" --extra-index-url ""https://wheels.vllm.ai/0.25.0/cu129"" --torch-backend auto",dd10e03f95f94edbea1975c67ace3a35ec9a8a40,,
54840553fa9bda95,release,wheels.vllm.ai,0.25.0,0.25.0,main,cu129,cu129,cp38,abi3,Linux,x86_64,manylinux_2_28_x86_64,vllm-0.25.0+cu129-cp38-abi3-manylinux_2_28_x86_64.whl,https://wheels.vllm.ai/0.25.0/cu129,https://wheels.vllm.ai/dd10e03f95f94edbea1975c67ace3a35ec9a8a40/vllm-0.25.0%2Bcu129-cp38-abi3-manylinux_2_28_x86_64.whl,"uv pip install ""vllm==0.25.0"" --extra-index-url ""https://wheels.vllm.ai/0.25.0/cu129"" --torch-backend auto",dd10e03f95f94edbea1975c67ace3a35ec9a8a40,,
1b0ee059bdfdafa4,release,wheels.vllm.ai,0.25.0,0.25.0,main,cu130,,cp38,abi3,Linux,aarch64,manylinux_2_28_aarch64,vllm-0.25.0-cp38-abi3-manylinux_2_28_aarch64.whl,https://wheels.vllm.ai/0.25.0/cu130,https://wheels.vllm.ai/dd10e03f95f94edbea1975c67ace3a35ec9a8a40/vllm-0.25.0-cp38-abi3-manylinux_2_28_aarch64.whl,"uv pip install ""vllm==0.25.0"" --extra-index-url ""https://wheels.vllm.ai/0.25.0/cu130"" --torch-backend auto",dd10e03f95f94edbea1975c67ace3a35ec9a8a40,,
a896c46c1b0b325b,release,wheels.vllm.ai,0.25.0,0.25.0,main,cu130,,cp38,abi3,Linux,x86_64,manylinux_2_28_x86_64,vllm-0.25.0-cp38-abi3-manylinux_2_28_x86_64.whl,https://wheels.vllm.ai/0.25.0/cu130,https://wheels.vllm.ai/dd10e03f95f94edbea1975c67ace3a35ec9a8a40/vllm-0.25.0-cp38-abi3-manylinux_2_28_x86_64.whl,"uv pip install ""vllm==0.25.0"" --extra-index-url ""https://wheels.vllm.ai/0.25.0/cu130"" --torch-backend auto",dd10e03f95f94edbea1975c67ace3a35ec9a8a40,,
3bea3c72467aeb19,release,wheels.vllm.ai,0.25.0,0.25.0,main,default,,cp38,abi3,Linux,aarch64,manylinux_2_28_aarch64,vllm-0.25.0-cp38-abi3-manylinux_2_28_aarch64.whl,https://wheels.vllm.ai/0.25.0,https://wheels.vllm.ai/dd10e03f95f94edbea1975c67ace3a35ec9a8a40/vllm-0.25.0-cp38-abi3-manylinux_2_28_aarch64.whl,"uv pip install ""vllm==0.25.0"" --extra-index-url ""https://wheels.vllm.ai/0.25.0"" --torch-backend auto",dd10e03f95f94edbea1975c67ace3a35ec9a8a40,,
f29f4d127af35d9c,release,wheels.vllm.ai,0.25.0,0.25.0,main,default,,cp38,abi3,Linux,x86_64,manylinux_2_28_x86_64,vllm-0.25.0-cp38-abi3-manylinux_2_28_x86_64.whl,https://wheels.vllm.ai/0.25.0,https://wheels.vllm.ai/dd10e03f95f94edbea1975c67ace3a35ec9a8a40/vllm-0.25.0-cp38-abi3-manylinux_2_28_x86_64.whl,"uv pip install ""vllm==0.25.0"" --extra-index-url ""https://wheels.vllm.ai/0.25.0"" --torch-backend auto",dd10e03f95f94edbea1975c67ace3a35ec9a8a40,,
e07a1e771b38d23a,release,wheels.vllm.ai,0.25.0,0.25.0,rocm,rocm723,rocm723,cp312,cp312,Linux,x86_64,manylinux_2_34_x86_64,vllm-0.25.0+rocm723-cp312-cp312-manylinux_2_34_x86_64.whl,https://wheels.vllm.ai/rocm/0.25.0/rocm723,https://wheels.vllm.ai/rocm/dd10e03f95f94edbea1975c67ace3a35ec9a8a40/vllm-0.25.0%2Brocm723-cp312-cp312-manylinux_2_34_x86_64.whl,"uv pip install ""vllm==0.25.0"" --extra-index-url ""https://wheels.vllm.ai/rocm/0.25.0/rocm723"" --torch-backend auto",dd10e03f95f94edbea1975c67ace3a35ec9a8a40,,
3c79ed407aae09e1,release,wheels.vllm.ai,0.25.0,0.25.0rc4.dev1+gdd10e03f9,rocm,rocm723,rocm723,cp312,cp312,Linux,x86_64,manylinux_2_34_x86_64,vllm-0.25.0rc4.dev1+gdd10e03f9.rocm723-cp312-cp312-manylinux_2_34_x86_64.whl,https://wheels.vllm.ai/rocm/0.25.0/rocm723,https://wheels.vllm.ai/rocm/dd10e03f95f94edbea1975c67ace3a35ec9a8a40/vllm-0.25.0rc4.dev1%2Bgdd10e03f9.rocm723-cp312-cp312-manylinux_2_34_x86_64.whl,"uv pip install ""vllm==0.25.0"" --extra-index-url ""https://wheels.vllm.ai/rocm/0.25.0/rocm723"" --torch-backend auto",dd10e03f95f94edbea1975c67ace3a35ec9a8a40,,
ac4ced1a8520575a,release,github,0.24.0,0.24.0+cpu,github,cpu,cpu,cp38,abi3,Linux,aarch64,manylinux_2_34_aarch64,vllm-0.24.0+cpu-cp38-abi3-manylinux_2_34_aarch64.whl,,https://github.com/vllm-project/vllm/releases/download/v0.24.0/vllm-0.24.0%2Bcpu-cp38-abi3-manylinux_2_34_aarch64.whl,"uv pip install ""https://github.com/vllm-project/vllm/releases/download/v0.24.0/vllm-0.24.0%2Bcpu-cp38-abi3-manylinux_2_34_aarch64.whl"" --torch-backend cpu",,2026-06-29T19:41:59Z,51703820
c78754113b1b17e1,release,github,0.24.0,0.24.0+cpu,github,cpu,cpu,cp38,abi3,Linux,x86_64,manylinux_2_34_x86_64,vllm-0.24.0+cpu-cp38-abi3-manylinux_2_34_x86_64.whl,,https://github.com/vllm-project/vllm/releases/download/v0.24.0/vllm-0.24.0%2Bcpu-cp38-abi3-manylinux_2_34_x86_64.whl,"uv pip install ""https://github.com/vllm-project/vllm/releases/download/v0.24.0/vllm-0.24.0%2Bcpu-cp38-abi3-manylinux_2_34_x86_64.whl"" --torch-backend cpu",,2026-06-29T19:41:59Z,112627111
121a7ccf43a41839,release,github,0.24.0,0.24.0+cu129,github,cu129,cu129,cp38,abi3,Linux,aarch64,manylinux_2_28_aarch64,vllm-0.24.0+cu129-cp38-abi3-manylinux_2_28_aarch64.whl,,https://github.com/vllm-project/vllm/releases/download/v0.24.0/vllm-0.24.0%2Bcu129-cp38-abi3-manylinux_2_28_aarch64.whl,"uv pip install ""https://github.com/vllm-project/vllm/releases/download/v0.24.0/vllm-0.24.0%2Bcu129-cp38-abi3-manylinux_2_28_aarch64.whl"" --torch-backend auto",,2026-06-29T19:41:59Z,472109373
9687b00fbf94138c,release,github,0.24.0,0.24.0+cu129,github,cu129,cu129,cp38,abi3,Linux,x86_64,manylinux_2_28_x86_64,vllm-0.24.0+cu129-cp38-abi3-manylinux_2_28_x86_64.whl,,https://github.com/vllm-project/vllm/releases/download/v0.24.0/vllm-0.24.0%2Bcu129-cp38-abi3-manylinux_2_28_x86_64.whl,"uv pip install ""https://github.com/vllm-project/vllm/releases/download/v0.24.0/vllm-0.24.0%2Bcu129-cp38-abi3-manylinux_2_28_x86_64.whl"" --torch-backend auto",,2026-06-29T19:41:59Z,504590984
d40bc6e93722bafb,release,github,0.24.0,0.24.0,github,default,,cp38,abi3,Linux,aarch64,manylinux_2_28_aarch64,vllm-0.24.0-cp38-abi3-manylinux_2_28_aarch64.whl,,https://github.com/vllm-project/vllm/releases/download/v0.24.0/vllm-0.24.0-cp38-abi3-manylinux_2_28_aarch64.whl,"uv pip install ""https://github.com/vllm-project/vllm/releases/download/v0.24.0/vllm-0.24.0-cp38-abi3-manylinux_2_28_aarch64.whl"" --torch-backend auto",,2026-06-29T19:41:59Z,271361241
a2227adb95aefb63,release,github,0.24.0,0.24.0,github,default,,cp38,abi3,Linux,x86_64,manylinux_2_28_x86_64,vllm-0.24.0-cp38-abi3-manylinux_2_28_x86_64.whl,,https://github.com/vllm-project/vllm/releases/download/v0.24.0/vllm-0.24.0-cp38-abi3-manylinux_2_28_x86_64.whl,"uv pip install ""https://github.com/vllm-project/vllm/releases/download/v0.24.0/vllm-0.24.0-cp38-abi3-manylinux_2_28_x86_64.whl"" --torch-backend auto",,2026-06-29T19:41:59Z,279209310
694009ecee81a94c,release,wheels.vllm.ai,0.24.0,0.24.0,main,cpu,cpu,cp38,abi3,Linux,aarch64,manylinux_2_34_aarch64,vllm-0.24.0+cpu-cp38-abi3-manylinux_2_34_aarch64.whl,https://wheels.vllm.ai/0.24.0/cpu,https://wheels.vllm.ai/ee0da84ab9e04ac7610e28580af62c365e898389/vllm-0.24.0%2Bcpu-cp38-abi3-manylinux_2_34_aarch64.whl,"uv pip install ""vllm==0.24.0"" --extra-index-url ""https://wheels.vllm.ai/0.24.0/cpu"" --index-strategy first-index --torch-backend cpu",ee0da84ab9e04ac7610e28580af62c365e898389,,
77f63c1cc9785cda,release,wheels.vllm.ai,0.24.0,0.24.0,main,cpu,cpu,cp38,abi3,Linux,x86_64,manylinux_2_34_x86_64,vllm-0.24.0+cpu-cp38-abi3-manylinux_2_34_x86_64.whl,https://wheels.vllm.ai/0.24.0/cpu,https://wheels.vllm.ai/ee0da84ab9e04ac7610e28580af62c365e898389/vllm-0.24.0%2Bcpu-cp38-abi3-manylinux_2_34_x86_64.whl,"uv pip install ""vllm==0.24.0"" --extra-index-url ""https://wheels.vllm.ai/0.24.0/cpu"" --index-strategy first-index --torch-backend cpu",ee0da84ab9e04ac7610e28580af62c365e898389,,
a80f5ac07cd66bea,release,wheels.vllm.ai,0.24.0,0.24.0,main,cu129,cu129,cp38,abi3,Linux,aarch64,manylinux_2_28_aarch64,vllm-0.24.0+cu129-cp38-abi3-manylinux_2_28_aarch64.whl,https://wheels.vllm.ai/0.24.0/cu129,https://wheels.vllm.ai/ee0da84ab9e04ac7610e28580af62c365e898389/vllm-0.24.0%2Bcu129-cp38-abi3-manylinux_2_28_aarch64.whl,"uv pip install ""vllm==0.24.0"" --extra-index-url ""https://wheels.vllm.ai/0.24.0/cu129"" --torch-backend auto",ee0da84ab9e04ac7610e28580af62c365e898389,,
fb60a2a2d4113337,release,wheels.vllm.ai,0.24.0,0.24.0,main,cu129,cu129,cp38,abi3,Linux,x86_64,manylinux_2_28_x86_64,vllm-0.24.0+cu129-cp38-abi3-manylinux_2_28_x86_64.whl,https://wheels.vllm.ai/0.24.0/cu129,https://wheels.vllm.ai/ee0da84ab9e04ac7610e28580af62c365e898389/vllm-0.24.0%2Bcu129-cp38-abi3-manylinux_2_28_x86_64.whl,"uv pip install ""vllm==0.24.0"" --extra-index-url ""https://wheels.vllm.ai/0.24.0/cu129"" --torch-backend auto",ee0da84ab9e04ac7610e28580af62c365e898389,,
ece33d09de5f6a08,release,wheels.vllm.ai,0.24.0,0.24.0,main,cu130,,cp38,abi3,Linux,aarch64,manylinux_2_28_aarch64,vllm-0.24.0-cp38-abi3-manylinux_2_28_aarch64.whl,https://wheels.vllm.ai/0.24.0/cu130,https://wheels.vllm.ai/ee0da84ab9e04ac7610e28580af62c365e898389/vllm-0.24.0-cp38-abi3-manylinux_2_28_aarch64.whl,"uv pip install ""vllm==0.24.0"" --extra-index-url ""https://wheels.vllm.ai/0.24.0/cu130"" --torch-backend auto",ee0da84ab9e04ac7610e28580af62c365e898389,,
24a90cc480ba11ad,release,wheels.vllm.ai,0.24.0,0.24.0,main,cu130,,cp38,abi3,Linux,x86_64,manylinux_2_28_x86_64,vllm-0.24.0-cp38-abi3-manylinux_2_28_x86_64.whl,https://wheels.vllm.ai/0.24.0/cu130,https://wheels.vllm.ai/ee0da84ab9e04ac7610e28580af62c365e898389/vllm-0.24.0-cp38-abi3-manylinux_2_28_x86_64.whl,"uv pip install ""vllm==0.24.0"" --extra-index-url ""https://wheels.vllm.ai/0.24.0/cu130"" --torch-backend auto",ee0da84ab9e04ac7610e28580af62c365e898389,,
23174f85b7a3fe89,release,wheels.vllm.ai,0.24.0,0.24.0,main,default,,cp38,abi3,Linux,aarch64,manylinux_2_28_aarch64,vllm-0.24.0-cp38-abi3-manylinux_2_28_aarch64.whl,https://wheels.vllm.ai/0.24.0,https://wheels.vllm.ai/ee0da84ab9e04ac7610e28580af62c365e898389/vllm-0.24.0-cp38-abi3-manylinux_2_28_aarch64.whl,"uv pip install ""vllm==0.24.0"" --extra-index-url ""https://wheels.vllm.ai/0.24.0"" --torch-backend auto",ee0da84ab9e04ac7610e28580af62c365e898389,,
74757e9ef56ddffe,release,wheels.vllm.ai,0.24.0,0.24.0,main,default,,cp38,abi3,Linux,x86_64,manylinux_2_28_x86_64,vllm-0.24.0-cp38-abi3-manylinux_2_28_x86_64.whl,https://wheels.vllm.ai/0.24.0,https://wheels.vllm.ai/ee0da84ab9e04ac7610e28580af62c365e898389/vllm-0.24.0-cp38-abi3-manylinux_2_28_x86_64.whl,"uv pip install ""vllm==0.24.0"" --extra-index-url ""https://wheels.vllm.ai/0.24.0"" --torch-backend auto",ee0da84ab9e04ac7610e28580af62c365e898389,,
65ea342950144b42,release,wheels.vllm.ai,0.24.0,0.24.0,rocm,rocm723,rocm723,cp312,cp312,Linux,x86_64,manylinux_2_34_x86_64,vllm-0.24.0+rocm723-cp312-cp312-manylinux_2_34_x86_64.whl,https://wheels.vllm.ai/rocm/0.24.0/rocm723,https://wheels.vllm.ai/rocm/ee0da84ab9e04ac7610e28580af62c365e898389/vllm-0.24.0%2Brocm723-cp312-cp312-manylinux_2_34_x86_64.whl,"uv pip install ""vllm==0.24.0"" --extra-index-url ""https://wheels.vllm.ai/rocm/0.24.0/rocm723"" --torch-backend auto",ee0da84ab9e04ac7610e28580af62c365e898389,,
6a48c0ab4aca2cbf,release,wheels.vllm.ai,0.24.0,0.24.0rc3.dev3+gee0da84ab,rocm,rocm723,rocm723,cp312,cp312,Linux,x86_64,manylinux_2_34_x86_64,vllm-0.24.0rc3.dev3+gee0da84ab.rocm723-cp312-cp312-manylinux_2_34_x86_64.whl,https://wheels.vllm.ai/rocm/0.24.0/rocm723,https://wheels.vllm.ai/rocm/ee0da84ab9e04ac7610e28580af62c365e898389/vllm-0.24.0rc3.dev3%2Bgee0da84ab.rocm723-cp312-cp312-manylinux_2_34_x86_64.whl,"uv pip install ""vllm==0.24.0"" --extra-index-url ""https://wheels.vllm.ai/rocm/0.24.0/rocm723"" --torch-backend auto",ee0da84ab9e04ac7610e28580af62c365e898389,,
87b5cd9edb849b96,release,github,0.23.0,0.23.0+cpu,github,cpu,cpu,cp38,abi3,Linux,aarch64,manylinux_2_34_aarch64,vllm-0.23.0+cpu-cp38-abi3-manylinux_2_34_aarch64.whl,,https://github.com/vllm-project/vllm/releases/download/v0.23.0/vllm-0.23.0%2Bcpu-cp38-abi3-manylinux_2_34_aarch64.whl,"uv pip install ""https://github.com/vllm-project/vllm/releases/download/v0.23.0/vllm-0.23.0%2Bcpu-cp38-abi3-manylinux_2_34_aarch64.whl"" --torch-backend cpu",,2026-06-15T05:27:20Z,50461326
f5e510e8b1cdfd3d,release,github,0.23.0,0.23.0+cpu,github,cpu,cpu,cp38,abi3,Linux,x86_64,manylinux_2_34_x86_64,vllm-0.23.0+cpu-cp38-abi3-manylinux_2_34_x86_64.whl,,https://github.com/vllm-project/vllm/releases/download/v0.23.0/vllm-0.23.0%2Bcpu-cp38-abi3-manylinux_2_34_x86_64.whl,"uv pip install ""https://github.com/vllm-project/vllm/releases/download/v0.23.0/vllm-0.23.0%2Bcpu-cp38-abi3-manylinux_2_34_x86_64.whl"" --torch-backend cpu",,2026-06-15T05:27:20Z,110644171
e5a5d402be1b8f2c,release,github,0.23.0,0.23.0+cu129,github,cu129,cu129,cp38,abi3,Linux,aarch64,manylinux_2_28_aarch64,vllm-0.23.0+cu129-cp38-abi3-manylinux_2_28_aarch64.whl,,https://github.com/vllm-project/vllm/releases/download/v0.23.0/vllm-0.23.0%2Bcu129-cp38-abi3-manylinux_2_28_aarch64.whl,"uv pip install ""https://github.com/vllm-project/vllm/releases/download/v0.23.0/vllm-0.23.0%2Bcu129-cp38-abi3-manylinux_2_28_aarch64.whl"" --torch-backend auto",,2026-06-15T05:27:20Z,467263165
17c19cf7874c3422,release,github,0.23.0,0.23.0+cu129,github,cu129,cu129,cp38,abi3,Linux,x86_64,manylinux_2_28_x86_64,vllm-0.23.0+cu129-cp38-abi3-manylinux_2_28_x86_64.whl,,https://github.com/vllm-project/vllm/releases/download/v0.23.0/vllm-0.23.0%2Bcu129-cp38-abi3-manylinux_2_28_x86_64.whl,"uv pip install ""https://github.com/vllm-project/vllm/releases/download/v0.23.0/vllm-0.23.0%2Bcu129-cp38-abi3-manylinux_2_28_x86_64.whl"" --torch-backend auto",,2026-06-15T05:27:20Z,500028428
30a6d287d47252d1,release,github,0.23.0,0.23.0,github,default,,cp38,abi3,Linux,aarch64,manylinux_2_28_aarch64,vllm-0.23.0-cp38-abi3-manylinux_2_28_aarch64.whl,,https://github.com/vllm-project/vllm/releases/download/v0.23.0/vllm-0.23.0-cp38-abi3-manylinux_2_28_aarch64.whl,"uv pip install ""https://github.com/vllm-project/vllm/releases/download/v0.23.0/vllm-0.23.0-cp38-abi3-manylinux_2_28_aarch64.whl"" --torch-backend auto",,2026-06-15T05:27:20Z,265953967
40d31f7968e6a403,release,github,0.23.0,0.23.0,github,default,,cp38,abi3,Linux,x86_64,manylinux_2_28_x86_64,vllm-0.23.0-cp38-abi3-manylinux_2_28_x86_64.whl,,https://github.com/vllm-project/vllm/releases/download/v0.23.0/vllm-0.23.0-cp38-abi3-manylinux_2_28_x86_64.whl,"uv pip install ""https://github.com/vllm-project/vllm/releases/download/v0.23.0/vllm-0.23.0-cp38-abi3-manylinux_2_28_x86_64.whl"" --torch-backend auto",,2026-06-15T05:27:20Z,274070208
bab5d5bb735f82d6,release,wheels.vllm.ai,0.23.0,0.23.0,main,cpu,cpu,cp38,abi3,Linux,aarch64,manylinux_2_34_aarch64,vllm-0.23.0+cpu-cp38-abi3-manylinux_2_34_aarch64.whl,https://wheels.vllm.ai/0.23.0/cpu,https://wheels.vllm.ai/0fc695fc6d1d82e9a5ac6835ac8e4e1c83703665/vllm-0.23.0%2Bcpu-cp38-abi3-manylinux_2_34_aarch64.whl,"uv pip install ""vllm==0.23.0"" --extra-index-url ""https://wheels.vllm.ai/0.23.0/cpu"" --index-strategy first-index --torch-backend cpu",0fc695fc6d1d82e9a5ac6835ac8e4e1c83703665,,
85199a06519204cb,release,wheels.vllm.ai,0.23.0,0.23.0,main,cpu,cpu,cp38,abi3,Linux,x86_64,manylinux_2_34_x86_64,vllm-0.23.0+cpu-cp38-abi3-manylinux_2_34_x86_64.whl,https://wheels.vllm.ai/0.23.0/cpu,https://wheels.vllm.ai/0fc695fc6d1d82e9a5ac6835ac8e4e1c83703665/vllm-0.23.0%2Bcpu-cp38-abi3-manylinux_2_34_x86_64.whl,"uv pip install ""vllm==0.23.0"" --extra-index-url ""https://wheels.vllm.ai/0.23.0/cpu"" --index-strategy first-index --torch-backend cpu",0fc695fc6d1d82e9a5ac6835ac8e4e1c83703665,,
673be2c2884d7a41,release,wheels.vllm.ai,0.23.0,0.23.0,main,cu129,cu129,cp38,abi3,Linux,aarch64,manylinux_2_28_aarch64,vllm-0.23.0+cu129-cp38-abi3-manylinux_2_28_aarch64.whl,https://wheels.vllm.ai/0.23.0/cu129,https://wheels.vllm.ai/0fc695fc6d1d82e9a5ac6835ac8e4e1c83703665/vllm-0.23.0%2Bcu129-cp38-abi3-manylinux_2_28_aarch64.whl,"uv pip install ""vllm==0.23.0"" --extra-index-url ""https://wheels.vllm.ai/0.23.0/cu129"" --torch-backend auto",0fc695fc6d1d82e9a5ac6835ac8e4e1c83703665,,
efe01c81a13c99fa,release,wheels.vllm.ai,0.23.0,0.23.0,main,cu129,cu129,cp38,abi3,Linux,x86_64,manylinux_2_28_x86_64,vllm-0.23.0+cu129-cp38-abi3-manylinux_2_28_x86_64.whl,https://wheels.vllm.ai/0.23.0/cu129,https://wheels.vllm.ai/0fc695fc6d1d82e9a5ac6835ac8e4e1c83703665/vllm-0.23.0%2Bcu129-cp38-abi3-manylinux_2_28_x86_64.whl,"uv pip install ""vllm==0.23.0"" --extra-index-url ""https://wheels.vllm.ai/0.23.0/cu129"" --torch-backend auto",0fc695fc6d1d82e9a5ac6835ac8e4e1c83703665,,
728d8ae6a2cc0b3f,release,wheels.vllm.ai,0.23.0,0.23.0,main,cu130,,cp38,abi3,Linux,aarch64,manylinux_2_28_aarch64,vllm-0.23.0-cp38-abi3-manylinux_2_28_aarch64.whl,https://wheels.vllm.ai/0.23.0/cu130,https://wheels.vllm.ai/0fc695fc6d1d82e9a5ac6835ac8e4e1c83703665/vllm-0.23.0-cp38-abi3-manylinux_2_28_aarch64.whl,"uv pip install ""vllm==0.23.0"" --extra-index-url ""https://wheels.vllm.ai/0.23.0/cu130"" --torch-backend auto",0fc695fc6d1d82e9a5ac6835ac8e4e1c83703665,,
140222e37ae1b08f,release,wheels.vllm.ai,0.23.0,0.23.0,main,cu130,,cp38,abi3,Linux,x86_64,manylinux_2_28_x86_64,vllm-0.23.0-cp38-abi3-manylinux_2_28_x86_64.whl,https://wheels.vllm.ai/0.23.0/cu130,https://wheels.vllm.ai/0fc695fc6d1d82e9a5ac6835ac8e4e1c83703665/vllm-0.23.0-cp38-abi3-manylinux_2_28_x86_64.whl,"uv pip install ""vllm==0.23.0"" --extra-index-url ""https://wheels.vllm.ai/0.23.0/cu130"" --torch-backend auto",0fc695fc6d1d82e9a5ac6835ac8e4e1c83703665,,
d6dc081daacf4d66,release,wheels.vllm.ai,0.23.0,0.23.0,main,default,,cp38,abi3,Linux,aarch64,manylinux_2_28_aarch64,vllm-0.23.0-cp38-abi3-manylinux_2_28_aarch64.whl,https://wheels.vllm.ai/0.23.0,https://wheels.vllm.ai/0fc695fc6d1d82e9a5ac6835ac8e4e1c83703665/vllm-0.23.0-cp38-abi3-manylinux_2_28_aarch64.whl,"uv pip install ""vllm==0.23.0"" --extra-index-url ""https://wheels.vllm.ai/0.23.0"" --torch-backend auto",0fc695fc6d1d82e9a5ac6835ac8e4e1c83703665,,
724b81598167c4f4,release,wheels.vllm.ai,0.23.0,0.23.0,main,default,,cp38,abi3,Linux,x86_64,manylinux_2_28_x86_64,vllm-0.23.0-cp38-abi3-manylinux_2_28_x86_64.whl,https://wheels.vllm.ai/0.23.0,https://wheels.vllm.ai/0fc695fc6d1d82e9a5ac6835ac8e4e1c83703665/vllm-0.23.0-cp38-abi3-manylinux_2_28_x86_64.whl,"uv pip install ""vllm==0.23.0"" --extra-index-url ""https://wheels.vllm.ai/0.23.0"" --torch-backend auto",0fc695fc6d1d82e9a5ac6835ac8e4e1c83703665,,
5da70a57c990dd12,release,wheels.vllm.ai,0.23.0,0.23.0,rocm,rocm723,rocm723,cp312,cp312,Linux,x86_64,manylinux_2_34_x86_64,vllm-0.23.0+rocm723-cp312-cp312-manylinux_2_34_x86_64.whl,https://wheels.vllm.ai/rocm/0.23.0/rocm723,https://wheels.vllm.ai/rocm/0fc695fc6d1d82e9a5ac6835ac8e4e1c83703665/vllm-0.23.0%2Brocm723-cp312-cp312-manylinux_2_34_x86_64.whl,"uv pip install ""vllm==0.23.0"" --extra-index-url ""https://wheels.vllm.ai/rocm/0.23.0/rocm723"" --torch-backend auto",0fc695fc6d1d82e9a5ac6835ac8e4e1c83703665,,
d76f6bf76617d568,release,github,0.22.1,0.22.1+cpu,github,cpu,cpu,cp38,abi3,Linux,aarch64,manylinux_2_34_aarch64,vllm-0.22.1+cpu-cp38-abi3-manylinux_2_34_aarch64.whl,,https://github.com/vllm-project/vllm/releases/download/v0.22.1/vllm-0.22.1%2Bcpu-cp38-abi3-manylinux_2_34_aarch64.whl,"uv pip install ""https://github.com/vllm-project/vllm/releases/download/v0.22.1/vllm-0.22.1%2Bcpu-cp38-abi3-manylinux_2_34_aarch64.whl"" --torch-backend cpu",,2026-06-05T10:10:00Z,49294101
cabb1a4f4159084e,release,github,0.22.1,0.22.1+cpu,github,cpu,cpu,cp38,abi3,Linux,x86_64,manylinux_2_34_x86_64,vllm-0.22.1+cpu-cp38-abi3-manylinux_2_34_x86_64.whl,,https://github.com/vllm-project/vllm/releases/download/v0.22.1/vllm-0.22.1%2Bcpu-cp38-abi3-manylinux_2_34_x86_64.whl,"uv pip install ""https://github.com/vllm-project/vllm/releases/download/v0.22.1/vllm-0.22.1%2Bcpu-cp38-abi3-manylinux_2_34_x86_64.whl"" --torch-backend cpu",,2026-06-05T10:10:00Z,108468761
9e4bf453116328f9,release,github,0.22.1,0.22.1+cu129,github,cu129,cu129,cp38,abi3,Linux,aarch64,manylinux_2_28_aarch64,vllm-0.22.1+cu129-cp38-abi3-manylinux_2_28_aarch64.whl,,https://github.com/vllm-project/vllm/releases/download/v0.22.1/vllm-0.22.1%2Bcu129-cp38-abi3-manylinux_2_28_aarch64.whl,"uv pip install ""https://github.com/vllm-project/vllm/releases/download/v0.22.1/vllm-0.22.1%2Bcu129-cp38-abi3-manylinux_2_28_aarch64.whl"" --torch-backend auto",,2026-06-05T10:10:00Z,440436533
7a15c0beb98107ca,release,github,0.22.1,0.22.1+cu129,github,cu129,cu129,cp38,abi3,Linux,x86_64,manylinux_2_28_x86_64,vllm-0.22.1+cu129-cp38-abi3-manylinux_2_28_x86_64.whl,,https://github.com/vllm-project/vllm/releases/download/v0.22.1/vllm-0.22.1%2Bcu129-cp38-abi3-manylinux_2_28_x86_64.whl,"uv pip install ""https://github.com/vllm-project/vllm/releases/download/v0.22.1/vllm-0.22.1%2Bcu129-cp38-abi3-manylinux_2_28_x86_64.whl"" --torch-backend auto",,2026-06-05T10:10:00Z,473003163
2f21213487344e9d,release,github,0.22.1,0.22.1,github,default,,cp38,abi3,Linux,aarch64,manylinux_2_28_aarch64,vllm-0.22.1-cp38-abi3-manylinux_2_28_aarch64.whl,,https://github.com/vllm-project/vllm/releases/download/v0.22.1/vllm-0.22.1-cp38-abi3-manylinux_2_28_aarch64.whl,"uv pip install ""https://github.com/vllm-project/vllm/releases/download/v0.22.1/vllm-0.22.1-cp38-abi3-manylinux_2_28_aarch64.whl"" --torch-backend auto",,2026-06-05T10:10:00Z,252950342
42e815bf9eeead09,release,github,0.22.1,0.22.1,github,default,,cp38,abi3,Linux,x86_64,manylinux_2_28_x86_64,vllm-0.22.1-cp38-abi3-manylinux_2_28_x86_64.whl,,https://github.com/vllm-project/vllm/releases/download/v0.22.1/vllm-0.22.1-cp38-abi3-manylinux_2_28_x86_64.whl,"uv pip install ""https://github.com/vllm-project/vllm/releases/download/v0.22.1/vllm-0.22.1-cp38-abi3-manylinux_2_28_x86_64.whl"" --torch-backend auto",,2026-06-05T10:10:00Z,261042548
d1f84c58adecd363,release,wheels.vllm.ai,0.22.1,0.22.1,main,cpu,cpu,cp38,abi3,Linux,aarch64,manylinux_2_34_aarch64,vllm-0.22.1+cpu-cp38-abi3-manylinux_2_34_aarch64.whl,https://wheels.vllm.ai/0.22.1/cpu,https://wheels.vllm.ai/0decac0d96c42b49572498019f0a0e3600f50398/vllm-0.22.1%2Bcpu-cp38-abi3-manylinux_2_34_aarch64.whl,"uv pip install ""vllm==0.22.1"" --extra-index-url ""https://wheels.vllm.ai/0.22.1/cpu"" --index-strategy first-index --torch-backend cpu",0decac0d96c42b49572498019f0a0e3600f50398,,
11c7a7525fa8b518,release,wheels.vllm.ai,0.22.1,0.22.1rc2,main,cpu,cpu,cp38,abi3,Linux,aarch64,manylinux_2_34_aarch64,vllm-0.22.1rc2+cpu-cp38-abi3-manylinux_2_34_aarch64.whl,https://wheels.vllm.ai/0.22.1/cpu,https://wheels.vllm.ai/0decac0d96c42b49572498019f0a0e3600f50398/vllm-0.22.1rc2%2Bcpu-cp38-abi3-manylinux_2_34_aarch64.whl,"uv pip install ""vllm==0.22.1"" --extra-index-url ""https://wheels.vllm.ai/0.22.1/cpu"" --index-strategy first-index --torch-backend cpu",0decac0d96c42b49572498019f0a0e3600f50398,,
77893f516e308e36,release,wheels.vllm.ai,0.22.1,0.22.1,main,cpu,cpu,cp38,abi3,Linux,x86_64,manylinux_2_34_x86_64,vllm-0.22.1+cpu-cp38-abi3-manylinux_2_34_x86_64.whl,https://wheels.vllm.ai/0.22.1/cpu,https://wheels.vllm.ai/0decac0d96c42b49572498019f0a0e3600f50398/vllm-0.22.1%2Bcpu-cp38-abi3-manylinux_2_34_x86_64.whl,"uv pip install ""vllm==0.22.1"" --extra-index-url ""https://wheels.vllm.ai/0.22.1/cpu"" --index-strategy first-index --torch-backend cpu",0decac0d96c42b49572498019f0a0e3600f50398,,
65892bdbaf06f227,release,wheels.vllm.ai,0.22.1,0.22.1rc2,main,cpu,cpu,cp38,abi3,Linux,x86_64,manylinux_2_34_x86_64,vllm-0.22.1rc2+cpu-cp38-abi3-manylinux_2_34_x86_64.whl,https://wheels.vllm.ai/0.22.1/cpu,https://wheels.vllm.ai/0decac0d96c42b49572498019f0a0e3600f50398/vllm-0.22.1rc2%2Bcpu-cp38-abi3-manylinux_2_34_x86_64.whl,"uv pip install ""vllm==0.22.1"" --extra-index-url ""https://wheels.vllm.ai/0.22.1/cpu"" --index-strategy first-index --torch-backend cpu",0decac0d96c42b49572498019f0a0e3600f50398,,
e3a7768122b2d07d,release,wheels.vllm.ai,0.22.1,0.22.1,main,cu129,cu129,cp38,abi3,Linux,aarch64,manylinux_2_28_aarch64,vllm-0.22.1+cu129-cp38-abi3-manylinux_2_28_aarch64.whl,https://wheels.vllm.ai/0.22.1/cu129,https://wheels.vllm.ai/0decac0d96c42b49572498019f0a0e3600f50398/vllm-0.22.1%2Bcu129-cp38-abi3-manylinux_2_28_aarch64.whl,"uv pip install ""vllm==0.22.1"" --extra-index-url ""https://wheels.vllm.ai/0.22.1/cu129"" --torch-backend auto",0decac0d96c42b49572498019f0a0e3600f50398,,
fc9da22d63501f4a,release,wheels.vllm.ai,0.22.1,0.22.1rc2,main,cu129,cu129,cp38,abi3,Linux,aarch64,manylinux_2_28_aarch64,vllm-0.22.1rc2+cu129-cp38-abi3-manylinux_2_28_aarch64.whl,https://wheels.vllm.ai/0.22.1/cu129,https://wheels.vllm.ai/0decac0d96c42b49572498019f0a0e3600f50398/vllm-0.22.1rc2%2Bcu129-cp38-abi3-manylinux_2_28_aarch64.whl,"uv pip install ""vllm==0.22.1"" --extra-index-url ""https://wheels.vllm.ai/0.22.1/cu129"" --torch-backend auto",0decac0d96c42b49572498019f0a0e3600f50398,,
0f6d2a761f1889c4,release,wheels.vllm.ai,0.22.1,0.22.1,main,cu129,cu129,cp38,abi3,Linux,x86_64,manylinux_2_28_x86_64,vllm-0.22.1+cu129-cp38-abi3-manylinux_2_28_x86_64.whl,https://wheels.vllm.ai/0.22.1/cu129,https://wheels.vllm.ai/0decac0d96c42b49572498019f0a0e3600f50398/vllm-0.22.1%2Bcu129-cp38-abi3-manylinux_2_28_x86_64.whl,"uv pip install ""vllm==0.22.1"" --extra-index-url ""https://wheels.vllm.ai/0.22.1/cu129"" --torch-backend auto",0decac0d96c42b49572498019f0a0e3600f50398,,
48cf369983360e7f,release,wheels.vllm.ai,0.22.1,0.22.1rc2,main,cu129,cu129,cp38,abi3,Linux,x86_64,manylinux_2_28_x86_64,vllm-0.22.1rc2+cu129-cp38-abi3-manylinux_2_28_x86_64.whl,https://wheels.vllm.ai/0.22.1/cu129,https://wheels.vllm.ai/0decac0d96c42b49572498019f0a0e3600f50398/vllm-0.22.1rc2%2Bcu129-cp38-abi3-manylinux_2_28_x86_64.whl,"uv pip install ""vllm==0.22.1"" --extra-index-url ""https://wheels.vllm.ai/0.22.1/cu129"" --torch-backend auto",0decac0d96c42b49572498019f0a0e3600f50398,,
66ac5f11bf6302c8,release,wheels.vllm.ai,0.22.1,0.22.1,main,cu130,,cp38,abi3,Linux,aarch64,manylinux_2_28_aarch64,vllm-0.22.1-cp38-abi3-manylinux_2_28_aarch64.whl,https://wheels.vllm.ai/0.22.1/cu130,https://wheels.vllm.ai/0decac0d96c42b49572498019f0a0e3600f50398/vllm-0.22.1-cp38-abi3-manylinux_2_28_aarch64.whl,"uv pip install ""vllm==0.22.1"" --extra-index-url ""https://wheels.vllm.ai/0.22.1/cu130"" --torch-backend auto",0decac0d96c42b49572498019f0a0e3600f50398,,
c2e269443dac3eb4,release,wheels.vllm.ai,0.22.1,0.22.1rc2,main,cu130,,cp38,abi3,Linux,aarch64,manylinux_2_28_aarch64,vllm-0.22.1rc2-cp38-abi3-manylinux_2_28_aarch64.whl,https://wheels.vllm.ai/0.22.1/cu130,https://wheels.vllm.ai/0decac0d96c42b49572498019f0a0e3600f50398/vllm-0.22.1rc2-cp38-abi3-manylinux_2_28_aarch64.whl,"uv pip install ""vllm==0.22.1"" --extra-index-url ""https://wheels.vllm.ai/0.22.1/cu130"" --torch-backend auto",0decac0d96c42b49572498019f0a0e3600f50398,,
e948f8f5a446af6e,release,wheels.vllm.ai,0.22.1,0.22.1,main,cu130,,cp38,abi3,Linux,x86_64,manylinux_2_28_x86_64,vllm-0.22.1-cp38-abi3-manylinux_2_28_x86_64.whl,https://wheels.vllm.ai/0.22.1/cu130,https://wheels.vllm.ai/0decac0d96c42b49572498019f0a0e3600f50398/vllm-0.22.1-cp38-abi3-manylinux_2_28_x86_64.whl,"uv pip install ""vllm==0.22.1"" --extra-index-url ""https://wheels.vllm.ai/0.22.1/cu130"" --torch-backend auto",0decac0d96c42b49572498019f0a0e3600f50398,,
9c36a716c2dd39d5,release,wheels.vllm.ai,0.22.1,0.22.1rc2,main,cu130,,cp38,abi3,Linux,x86_64,manylinux_2_28_x86_64,vllm-0.22.1rc2-cp38-abi3-manylinux_2_28_x86_64.whl,https://wheels.vllm.ai/0.22.1/cu130,https://wheels.vllm.ai/0decac0d96c42b49572498019f0a0e3600f50398/vllm-0.22.1rc2-cp38-abi3-manylinux_2_28_x86_64.whl,"uv pip install ""vllm==0.22.1"" --extra-index-url ""https://wheels.vllm.ai/0.22.1/cu130"" --torch-backend auto",0decac0d96c42b49572498019f0a0e3600f50398,,
c4268d4c1099aab9,release,wheels.vllm.ai,0.22.1,0.22.1,main,default,,cp38,abi3,Linux,aarch64,manylinux_2_28_aarch64,vllm-0.22.1-cp38-abi3-manylinux_2_28_aarch64.whl,https://wheels.vllm.ai/0.22.1,https://wheels.vllm.ai/0decac0d96c42b49572498019f0a0e3600f50398/vllm-0.22.1-cp38-abi3-manylinux_2_28_aarch64.whl,"uv pip install ""vllm==0.22.1"" --extra-index-url ""https://wheels.vllm.ai/0.22.1"" --torch-backend auto",0decac0d96c42b49572498019f0a0e3600f50398,,
33defe64bd4f4cd7,release,wheels.vllm.ai,0.22.1,0.22.1rc2,main,default,,cp38,abi3,Linux,aarch64,manylinux_2_28_aarch64,vllm-0.22.1rc2-cp38-abi3-manylinux_2_28_aarch64.whl,https://wheels.vllm.ai/0.22.1,https://wheels.vllm.ai/0decac0d96c42b49572498019f0a0e3600f50398/vllm-0.22.1rc2-cp38-abi3-manylinux_2_28_aarch64.whl,"uv pip install ""vllm==0.22.1"" --extra-index-url ""https://wheels.vllm.ai/0.22.1"" --torch-backend auto",0decac0d96c42b49572498019f0a0e3600f50398,,
919680f663a0e8eb,release,wheels.vllm.ai,0.22.1,0.22.1,main,default,,cp38,abi3,Linux,x86_64,manylinux_2_28_x86_64,vllm-0.22.1-cp38-abi3-manylinux_2_28_x86_64.whl,https://wheels.vllm.ai/0.22.1,https://wheels.vllm.ai/0decac0d96c42b49572498019f0a0e3600f50398/vllm-0.22.1-cp38-abi3-manylinux_2_28_x86_64.whl,"uv pip install ""vllm==0.22.1"" --extra-index-url ""https://wheels.vllm.ai/0.22.1"" --torch-backend auto",0decac0d96c42b49572498019f0a0e3600f50398,,
48982ca8fd932f49,release,wheels.vllm.ai,0.22.1,0.22.1rc2,main,default,,cp38,abi3,Linux,x86_64,manylinux_2_28_x86_64,vllm-0.22.1rc2-cp38-abi3-manylinux_2_28_x86_64.whl,https://wheels.vllm.ai/0.22.1,https://wheels.vllm.ai/0decac0d96c42b49572498019f0a0e3600f50398/vllm-0.22.1rc2-cp38-abi3-manylinux_2_28_x86_64.whl,"uv pip install ""vllm==0.22.1"" --extra-index-url ""https://wheels.vllm.ai/0.22.1"" --torch-backend auto",0decac0d96c42b49572498019f0a0e3600f50398,,
16e391b61d9fd85c,release,wheels.vllm.ai,0.22.1,0.22.1,rocm,rocm722,rocm722,cp312,cp312,Linux,x86_64,manylinux_2_34_x86_64,vllm-0.22.1+rocm722-cp312-cp312-manylinux_2_34_x86_64.whl,https://wheels.vllm.ai/rocm/0.22.1/rocm722,https://wheels.vllm.ai/rocm/0decac0d96c42b49572498019f0a0e3600f50398/vllm-0.22.1%2Brocm722-cp312-cp312-manylinux_2_34_x86_64.whl,"uv pip install ""vllm==0.22.1"" --extra-index-url ""https://wheels.vllm.ai/rocm/0.22.1/rocm722"" --torch-backend auto",0decac0d96c42b49572498019f0a0e3600f50398,,
b324fbc099198d1c,release,wheels.vllm.ai,0.22.1,0.22.1rc2,rocm,rocm722,rocm722,cp312,cp312,Linux,x86_64,manylinux_2_34_x86_64,vllm-0.22.1rc2+rocm722-cp312-cp312-manylinux_2_34_x86_64.whl,https://wheels.vllm.ai/rocm/0.22.1/rocm722,https://wheels.vllm.ai/rocm/0decac0d96c42b49572498019f0a0e3600f50398/vllm-0.22.1rc2%2Brocm722-cp312-cp312-manylinux_2_34_x86_64.whl,"uv pip install ""vllm==0.22.1"" --extra-index-url ""https://wheels.vllm.ai/rocm/0.22.1/rocm722"" --torch-backend auto",0decac0d96c42b49572498019f0a0e3600f50398,,
b24a17a12d9c6549,release,github,0.22.0,0.22.0+cpu,github,cpu,cpu,cp38,abi3,Linux,aarch64,manylinux_2_34_aarch64,vllm-0.22.0+cpu-cp38-abi3-manylinux_2_34_aarch64.whl,,https://github.com/vllm-project/vllm/releases/download/v0.22.0/vllm-0.22.0%2Bcpu-cp38-abi3-manylinux_2_34_aarch64.whl,"uv pip install ""https://github.com/vllm-project/vllm/releases/download/v0.22.0/vllm-0.22.0%2Bcpu-cp38-abi3-manylinux_2_34_aarch64.whl"" --torch-backend cpu",,2026-05-29T10:28:13Z,49286540
273457e9f00514d7,release,github,0.22.0,0.22.0+cpu,github,cpu,cpu,cp38,abi3,Linux,x86_64,manylinux_2_34_x86_64,vllm-0.22.0+cpu-cp38-abi3-manylinux_2_34_x86_64.whl,,https://github.com/vllm-project/vllm/releases/download/v0.22.0/vllm-0.22.0%2Bcpu-cp38-abi3-manylinux_2_34_x86_64.whl,"uv pip install ""https://github.com/vllm-project/vllm/releases/download/v0.22.0/vllm-0.22.0%2Bcpu-cp38-abi3-manylinux_2_34_x86_64.whl"" --torch-backend cpu",,2026-05-29T10:28:13Z,108460954
1579ae3b47455d02,release,github,0.22.0,0.22.0+cu129,github,cu129,cu129,cp38,abi3,Linux,aarch64,manylinux_2_28_aarch64,vllm-0.22.0+cu129-cp38-abi3-manylinux_2_28_aarch64.whl,,https://github.com/vllm-project/vllm/releases/download/v0.22.0/vllm-0.22.0%2Bcu129-cp38-abi3-manylinux_2_28_aarch64.whl,"uv pip install ""https://github.com/vllm-project/vllm/releases/download/v0.22.0/vllm-0.22.0%2Bcu129-cp38-abi3-manylinux_2_28_aarch64.whl"" --torch-backend auto",,2026-05-29T10:28:13Z,440428989
56e2dd421ff8112b,release,github,0.22.0,0.22.0+cu129,github,cu129,cu129,cp38,abi3,Linux,x86_64,manylinux_2_28_x86_64,vllm-0.22.0+cu129-cp38-abi3-manylinux_2_28_x86_64.whl,,https://github.com/vllm-project/vllm/releases/download/v0.22.0/vllm-0.22.0%2Bcu129-cp38-abi3-manylinux_2_28_x86_64.whl,"uv pip install ""https://github.com/vllm-project/vllm/releases/download/v0.22.0/vllm-0.22.0%2Bcu129-cp38-abi3-manylinux_2_28_x86_64.whl"" --torch-backend auto",,2026-05-29T10:28:13Z,472995605
1f390494bc9636c5,release,github,0.22.0,0.22.0,github,default,,cp38,abi3,Linux,aarch64,manylinux_2_28_aarch64,vllm-0.22.0-cp38-abi3-manylinux_2_28_aarch64.whl,,https://github.com/vllm-project/vllm/releases/download/v0.22.0/vllm-0.22.0-cp38-abi3-manylinux_2_28_aarch64.whl,"uv pip install ""https://github.com/vllm-project/vllm/releases/download/v0.22.0/vllm-0.22.0-cp38-abi3-manylinux_2_28_aarch64.whl"" --torch-backend auto",,2026-05-29T10:28:13Z,252942448
df54c6f354cb7b50,release,github,0.22.0,0.22.0,github,default,,cp38,abi3,Linux,x86_64,manylinux_2_28_x86_64,vllm-0.22.0-cp38-abi3-manylinux_2_28_x86_64.whl,,https://github.com/vllm-project/vllm/releases/download/v0.22.0/vllm-0.22.0-cp38-abi3-manylinux_2_28_x86_64.whl,"uv pip install ""https://github.com/vllm-project/vllm/releases/download/v0.22.0/vllm-0.22.0-cp38-abi3-manylinux_2_28_x86_64.whl"" --torch-backend auto",,2026-05-29T10:28:13Z,261034920
9cfb0aec8173d905,release,wheels.vllm.ai,0.22.0,0.22.0,main,cpu,cpu,cp38,abi3,Linux,aarch64,manylinux_2_34_aarch64,vllm-0.22.0+cpu-cp38-abi3-manylinux_2_34_aarch64.whl,https://wheels.vllm.ai/0.22.0/cpu,https://wheels.vllm.ai/0b3ba88f165976e77ca5e6a7a3f5bba4562b80af/vllm-0.22.0%2Bcpu-cp38-abi3-manylinux_2_34_aarch64.whl,"uv pip install ""vllm==0.22.0"" --extra-index-url ""https://wheels.vllm.ai/0.22.0/cpu"" --index-strategy first-index --torch-backend cpu",0b3ba88f165976e77ca5e6a7a3f5bba4562b80af,,
46e4f0ee31529632,release,wheels.vllm.ai,0.22.0,0.22.0,main,cpu,cpu,cp38,abi3,Linux,x86_64,manylinux_2_34_x86_64,vllm-0.22.0+cpu-cp38-abi3-manylinux_2_34_x86_64.whl,https://wheels.vllm.ai/0.22.0/cpu,https://wheels.vllm.ai/0b3ba88f165976e77ca5e6a7a3f5bba4562b80af/vllm-0.22.0%2Bcpu-cp38-abi3-manylinux_2_34_x86_64.whl,"uv pip install ""vllm==0.22.0"" --extra-index-url ""https://wheels.vllm.ai/0.22.0/cpu"" --index-strategy first-index --torch-backend cpu",0b3ba88f165976e77ca5e6a7a3f5bba4562b80af,,
f665135d280f6983,release,wheels.vllm.ai,0.22.0,0.22.0,main,cu129,cu129,cp38,abi3,Linux,aarch64,manylinux_2_28_aarch64,vllm-0.22.0+cu129-cp38-abi3-manylinux_2_28_aarch64.whl,https://wheels.vllm.ai/0.22.0/cu129,https://wheels.vllm.ai/0b3ba88f165976e77ca5e6a7a3f5bba4562b80af/vllm-0.22.0%2Bcu129-cp38-abi3-manylinux_2_28_aarch64.whl,"uv pip install ""vllm==0.22.0"" --extra-index-url ""https://wheels.vllm.ai/0.22.0/cu129"" --torch-backend auto",0b3ba88f165976e77ca5e6a7a3f5bba4562b80af,,
e6cffcbbee4901cb,release,wheels.vllm.ai,0.22.0,0.22.0,main,cu129,cu129,cp38,abi3,Linux,x86_64,manylinux_2_28_x86_64,vllm-0.22.0+cu129-cp38-abi3-manylinux_2_28_x86_64.whl,https://wheels.vllm.ai/0.22.0/cu129,https://wheels.vllm.ai/0b3ba88f165976e77ca5e6a7a3f5bba4562b80af/vllm-0.22.0%2Bcu129-cp38-abi3-manylinux_2_28_x86_64.whl,"uv pip install ""vllm==0.22.0"" --extra-index-url ""https://wheels.vllm.ai/0.22.0/cu129"" --torch-backend auto",0b3ba88f165976e77ca5e6a7a3f5bba4562b80af,,
3d9cf092d653fa3b,release,wheels.vllm.ai,0.22.0,0.22.0,main,cu130,,cp38,abi3,Linux,aarch64,manylinux_2_28_aarch64,vllm-0.22.0-cp38-abi3-manylinux_2_28_aarch64.whl,https://wheels.vllm.ai/0.22.0/cu130,https://wheels.vllm.ai/0b3ba88f165976e77ca5e6a7a3f5bba4562b80af/vllm-0.22.0-cp38-abi3-manylinux_2_28_aarch64.whl,"uv pip install ""vllm==0.22.0"" --extra-index-url ""https://wheels.vllm.ai/0.22.0/cu130"" --torch-backend auto",0b3ba88f165976e77ca5e6a7a3f5bba4562b80af,,
89cf1c7cf1a0fdf3,release,wheels.vllm.ai,0.22.0,0.22.0,main,cu130,,cp38,abi3,Linux,x86_64,manylinux_2_28_x86_64,vllm-0.22.0-cp38-abi3-manylinux_2_28_x86_64.whl,https://wheels.vllm.ai/0.22.0/cu130,https://wheels.vllm.ai/0b3ba88f165976e77ca5e6a7a3f5bba4562b80af/vllm-0.22.0-cp38-abi3-manylinux_2_28_x86_64.whl,"uv pip install ""vllm==0.22.0"" --extra-index-url ""https://wheels.vllm.ai/0.22.0/cu130"" --torch-backend auto",0b3ba88f165976e77ca5e6a7a3f5bba4562b80af,,
86fed11136d83b7a,release,wheels.vllm.ai,0.22.0,0.22.0,main,default,,cp38,abi3,Linux,aarch64,manylinux_2_28_aarch64,vllm-0.22.0-cp38-abi3-manylinux_2_28_aarch64.whl,https://wheels.vllm.ai/0.22.0,https://wheels.vllm.ai/0b3ba88f165976e77ca5e6a7a3f5bba4562b80af/vllm-0.22.0-cp38-abi3-manylinux_2_28_aarch64.whl,"uv pip install ""vllm==0.22.0"" --extra-index-url ""https://wheels.vllm.ai/0.22.0"" --torch-backend auto",0b3ba88f165976e77ca5e6a7a3f5bba4562b80af,,
10a1f33e525e1b93,release,wheels.vllm.ai,0.22.0,0.22.0,main,default,,cp38,abi3,Linux,x86_64,manylinux_2_28_x86_64,vllm-0.22.0-cp38-abi3-manylinux_2_28_x86_64.whl,https://wheels.vllm.ai/0.22.0,https://wheels.vllm.ai/0b3ba88f165976e77ca5e6a7a3f5bba4562b80af/vllm-0.22.0-cp38-abi3-manylinux_2_28_x86_64.whl,"uv pip install ""vllm==0.22.0"" --extra-index-url ""https://wheels.vllm.ai/0.22.0"" --torch-backend auto",0b3ba88f165976e77ca5e6a7a3f5bba4562b80af,,
5fa8a4e53a46e2c8,release,wheels.vllm.ai,0.22.0,0.22.0,rocm,rocm722,rocm722,cp312,cp312,Linux,x86_64,manylinux_2_34_x86_64,vllm-0.22.0+rocm722-cp312-cp312-manylinux_2_34_x86_64.whl,https://wheels.vllm.ai/rocm/0.22.0/rocm722,https://wheels.vllm.ai/rocm/0b3ba88f165976e77ca5e6a7a3f5bba4562b80af/vllm-0.22.0%2Brocm722-cp312-cp312-manylinux_2_34_x86_64.whl,"uv pip install ""vllm==0.22.0"" --extra-index-url ""https://wheels.vllm.ai/rocm/0.22.0/rocm722"" --torch-backend auto",0b3ba88f165976e77ca5e6a7a3f5bba4562b80af,,
599e38b19bdda2f9,release,github,0.21.0,0.21.0+cpu,github,cpu,cpu,cp38,abi3,Linux,aarch64,manylinux_2_34_aarch64,vllm-0.21.0+cpu-cp38-abi3-manylinux_2_34_aarch64.whl,,https://github.com/vllm-project/vllm/releases/download/v0.21.0/vllm-0.21.0%2Bcpu-cp38-abi3-manylinux_2_34_aarch64.whl,"uv pip install ""https://github.com/vllm-project/vllm/releases/download/v0.21.0/vllm-0.21.0%2Bcpu-cp38-abi3-manylinux_2_34_aarch64.whl"" --torch-backend cpu",,2026-05-15T08:44:26Z,36618044
849b77ec05c4bdb4,release,github,0.21.0,0.21.0+cpu,github,cpu,cpu,cp38,abi3,Linux,x86_64,manylinux_2_34_x86_64,vllm-0.21.0+cpu-cp38-abi3-manylinux_2_34_x86_64.whl,,https://github.com/vllm-project/vllm/releases/download/v0.21.0/vllm-0.21.0%2Bcpu-cp38-abi3-manylinux_2_34_x86_64.whl,"uv pip install ""https://github.com/vllm-project/vllm/releases/download/v0.21.0/vllm-0.21.0%2Bcpu-cp38-abi3-manylinux_2_34_x86_64.whl"" --torch-backend cpu",,2026-05-15T08:44:26Z,95931170
db2f5b2ba79be4e4,release,github,0.21.0,0.21.0+cu129,github,cu129,cu129,cp38,abi3,Linux,aarch64,manylinux_2_34_aarch64,vllm-0.21.0+cu129-cp38-abi3-manylinux_2_34_aarch64.whl,,https://github.com/vllm-project/vllm/releases/download/v0.21.0/vllm-0.21.0%2Bcu129-cp38-abi3-manylinux_2_34_aarch64.whl,"uv pip install ""https://github.com/vllm-project/vllm/releases/download/v0.21.0/vllm-0.21.0%2Bcu129-cp38-abi3-manylinux_2_34_aarch64.whl"" --torch-backend auto",,2026-05-15T08:44:26Z,424234672
86d65fc85eb4388e,release,github,0.21.0,0.21.0+cu129,github,cu129,cu129,cp38,abi3,Linux,x86_64,manylinux_2_34_x86_64,vllm-0.21.0+cu129-cp38-abi3-manylinux_2_34_x86_64.whl,,https://github.com/vllm-project/vllm/releases/download/v0.21.0/vllm-0.21.0%2Bcu129-cp38-abi3-manylinux_2_34_x86_64.whl,"uv pip install ""https://github.com/vllm-project/vllm/releases/download/v0.21.0/vllm-0.21.0%2Bcu129-cp38-abi3-manylinux_2_34_x86_64.whl"" --torch-backend auto",,2026-05-15T08:44:26Z,457203916
a73324a8ae484cdb,release,github,0.21.0,0.21.0,github,default,,cp38,abi3,Linux,aarch64,manylinux_2_24_aarch64,vllm-0.21.0-cp38-abi3-manylinux_2_24_aarch64.whl,,https://github.com/vllm-project/vllm/releases/download/v0.21.0/vllm-0.21.0-cp38-abi3-manylinux_2_24_aarch64.whl,"uv pip install ""https://github.com/vllm-project/vllm/releases/download/v0.21.0/vllm-0.21.0-cp38-abi3-manylinux_2_24_aarch64.whl"" --torch-backend auto",,2026-05-15T08:44:26Z,239758862
c751385c1767d670,release,github,0.21.0,0.21.0,github,default,,cp38,abi3,Linux,x86_64,manylinux_2_24_x86_64,vllm-0.21.0-cp38-abi3-manylinux_2_24_x86_64.whl,,https://github.com/vllm-project/vllm/releases/download/v0.21.0/vllm-0.21.0-cp38-abi3-manylinux_2_24_x86_64.whl,"uv pip install ""https://github.com/vllm-project/vllm/releases/download/v0.21.0/vllm-0.21.0-cp38-abi3-manylinux_2_24_x86_64.whl"" --torch-backend auto",,2026-05-15T08:44:26Z,248151215
04d7d5401bf47934,release,wheels.vllm.ai,0.21.0,0.21.0,main,cpu,cpu,cp38,abi3,Linux,aarch64,manylinux_2_34_aarch64,vllm-0.21.0+cpu-cp38-abi3-manylinux_2_34_aarch64.whl,https://wheels.vllm.ai/0.21.0/cpu,https://wheels.vllm.ai/ad7125a431e176d4161099480a66f0169609a690/vllm-0.21.0%2Bcpu-cp38-abi3-manylinux_2_34_aarch64.whl,"uv pip install ""vllm==0.21.0"" --extra-index-url ""https://wheels.vllm.ai/0.21.0/cpu"" --index-strategy first-index --torch-backend cpu",ad7125a431e176d4161099480a66f0169609a690,,
3022f6fdd3a95064,release,wheels.vllm.ai,0.21.0,0.21.0,main,cpu,cpu,cp38,abi3,Linux,x86_64,manylinux_2_34_x86_64,vllm-0.21.0+cpu-cp38-abi3-manylinux_2_34_x86_64.whl,https://wheels.vllm.ai/0.21.0/cpu,https://wheels.vllm.ai/ad7125a431e176d4161099480a66f0169609a690/vllm-0.21.0%2Bcpu-cp38-abi3-manylinux_2_34_x86_64.whl,"uv pip install ""vllm==0.21.0"" --extra-index-url ""https://wheels.vllm.ai/0.21.0/cpu"" --index-strategy first-index --torch-backend cpu",ad7125a431e176d4161099480a66f0169609a690,,
b343ddb97288b4d3,release,wheels.vllm.ai,0.21.0,0.21.0,main,cu129,cu129,cp38,abi3,Linux,aarch64,manylinux_2_34_aarch64,vllm-0.21.0+cu129-cp38-abi3-manylinux_2_34_aarch64.whl,https://wheels.vllm.ai/0.21.0/cu129,https://wheels.vllm.ai/ad7125a431e176d4161099480a66f0169609a690/vllm-0.21.0%2Bcu129-cp38-abi3-manylinux_2_34_aarch64.whl,"uv pip install ""vllm==0.21.0"" --extra-index-url ""https://wheels.vllm.ai/0.21.0/cu129"" --torch-backend auto",ad7125a431e176d4161099480a66f0169609a690,,
ee63be2ab3ff4c1d,release,wheels.vllm.ai,0.21.0,0.21.0,main,cu129,cu129,cp38,abi3,Linux,x86_64,manylinux_2_34_x86_64,vllm-0.21.0+cu129-cp38-abi3-manylinux_2_34_x86_64.whl,https://wheels.vllm.ai/0.21.0/cu129,https://wheels.vllm.ai/ad7125a431e176d4161099480a66f0169609a690/vllm-0.21.0%2Bcu129-cp38-abi3-manylinux_2_34_x86_64.whl,"uv pip install ""vllm==0.21.0"" --extra-index-url ""https://wheels.vllm.ai/0.21.0/cu129"" --torch-backend auto",ad7125a431e176d4161099480a66f0169609a690,,
f96a246b22c39adf,release,wheels.vllm.ai,0.21.0,0.21.0,main,cu130,,cp38,abi3,Linux,aarch64,manylinux_2_24_aarch64,vllm-0.21.0-cp38-abi3-manylinux_2_24_aarch64.whl,https://wheels.vllm.ai/0.21.0/cu130,https://wheels.vllm.ai/ad7125a431e176d4161099480a66f0169609a690/vllm-0.21.0-cp38-abi3-manylinux_2_24_aarch64.whl,"uv pip install ""vllm==0.21.0"" --extra-index-url ""https://wheels.vllm.ai/0.21.0/cu130"" --torch-backend auto",ad7125a431e176d4161099480a66f0169609a690,,
14c25138b1cb6149,release,wheels.vllm.ai,0.21.0,0.21.0,main,cu130,,cp38,abi3,Linux,x86_64,manylinux_2_24_x86_64,vllm-0.21.0-cp38-abi3-manylinux_2_24_x86_64.whl,https://wheels.vllm.ai/0.21.0/cu130,https://wheels.vllm.ai/ad7125a431e176d4161099480a66f0169609a690/vllm-0.21.0-cp38-abi3-manylinux_2_24_x86_64.whl,"uv pip install ""vllm==0.21.0"" --extra-index-url ""https://wheels.vllm.ai/0.21.0/cu130"" --torch-backend auto",ad7125a431e176d4161099480a66f0169609a690,,
bb5e627468a237cb,release,wheels.vllm.ai,0.21.0,0.21.0,main,default,,cp38,abi3,Linux,aarch64,manylinux_2_24_aarch64,vllm-0.21.0-cp38-abi3-manylinux_2_24_aarch64.whl,https://wheels.vllm.ai/0.21.0,https://wheels.vllm.ai/ad7125a431e176d4161099480a66f0169609a690/vllm-0.21.0-cp38-abi3-manylinux_2_24_aarch64.whl,"uv pip install ""vllm==0.21.0"" --extra-index-url ""https://wheels.vllm.ai/0.21.0"" --torch-backend auto",ad7125a431e176d4161099480a66f0169609a690,,
01a365ad6ea71c17,release,wheels.vllm.ai,0.21.0,0.21.0,main,default,,cp38,abi3,Linux,x86_64,manylinux_2_24_x86_64,vllm-0.21.0-cp38-abi3-manylinux_2_24_x86_64.whl,https://wheels.vllm.ai/0.21.0,https://wheels.vllm.ai/ad7125a431e176d4161099480a66f0169609a690/vllm-0.21.0-cp38-abi3-manylinux_2_24_x86_64.whl,"uv pip install ""vllm==0.21.0"" --extra-index-url ""https://wheels.vllm.ai/0.21.0"" --torch-backend auto",ad7125a431e176d4161099480a66f0169609a690,,
2f44c53741cb9662,release,wheels.vllm.ai,0.21.0,0.21.0,rocm,rocm722,rocm722,cp312,cp312,Linux,x86_64,manylinux_2_34_x86_64,vllm-0.21.0+rocm722-cp312-cp312-manylinux_2_34_x86_64.whl,https://wheels.vllm.ai/rocm/0.21.0/rocm722,https://wheels.vllm.ai/rocm/ad7125a431e176d4161099480a66f0169609a690/vllm-0.21.0%2Brocm722-cp312-cp312-manylinux_2_34_x86_64.whl,"uv pip install ""vllm==0.21.0"" --extra-index-url ""https://wheels.vllm.ai/rocm/0.21.0/rocm722"" --torch-backend auto",ad7125a431e176d4161099480a66f0169609a690,,
6ade3df5e5f89612,release,github,0.20.2,0.20.2+cpu,github,cpu,cpu,cp38,abi3,Linux,aarch64,manylinux_2_35_aarch64,vllm-0.20.2+cpu-cp38-abi3-manylinux_2_35_aarch64.whl,,https://github.com/vllm-project/vllm/releases/download/v0.20.2/vllm-0.20.2%2Bcpu-cp38-abi3-manylinux_2_35_aarch64.whl,"uv pip install ""https://github.com/vllm-project/vllm/releases/download/v0.20.2/vllm-0.20.2%2Bcpu-cp38-abi3-manylinux_2_35_aarch64.whl"" --torch-backend cpu",,2026-05-10T07:37:57Z,36045171
27f1099f695eebcf,release,github,0.20.2,0.20.2+cpu,github,cpu,cpu,cp38,abi3,Linux,x86_64,manylinux_2_35_x86_64,vllm-0.20.2+cpu-cp38-abi3-manylinux_2_35_x86_64.whl,,https://github.com/vllm-project/vllm/releases/download/v0.20.2/vllm-0.20.2%2Bcpu-cp38-abi3-manylinux_2_35_x86_64.whl,"uv pip install ""https://github.com/vllm-project/vllm/releases/download/v0.20.2/vllm-0.20.2%2Bcpu-cp38-abi3-manylinux_2_35_x86_64.whl"" --torch-backend cpu",,2026-05-10T07:37:57Z,75799316
fbd89046faced407,release,github,0.20.2,0.20.2+cu129,github,cu129,cu129,cp38,abi3,Linux,aarch64,manylinux_2_31_aarch64,vllm-0.20.2+cu129-cp38-abi3-manylinux_2_31_aarch64.whl,,https://github.com/vllm-project/vllm/releases/download/v0.20.2/vllm-0.20.2%2Bcu129-cp38-abi3-manylinux_2_31_aarch64.whl,"uv pip install ""https://github.com/vllm-project/vllm/releases/download/v0.20.2/vllm-0.20.2%2Bcu129-cp38-abi3-manylinux_2_31_aarch64.whl"" --torch-backend auto",,2026-05-10T07:37:57Z,422241519
e295e92fa76e1046,release,github,0.20.2,0.20.2+cu129,github,cu129,cu129,cp38,abi3,Linux,x86_64,manylinux_2_31_x86_64,vllm-0.20.2+cu129-cp38-abi3-manylinux_2_31_x86_64.whl,,https://github.com/vllm-project/vllm/releases/download/v0.20.2/vllm-0.20.2%2Bcu129-cp38-abi3-manylinux_2_31_x86_64.whl,"uv pip install ""https://github.com/vllm-project/vllm/releases/download/v0.20.2/vllm-0.20.2%2Bcu129-cp38-abi3-manylinux_2_31_x86_64.whl"" --torch-backend auto",,2026-05-10T07:37:57Z,455085432
77c032449d58c783,release,github,0.20.2,0.20.2,github,default,,cp38,abi3,Linux,aarch64,manylinux_2_35_aarch64,vllm-0.20.2-cp38-abi3-manylinux_2_35_aarch64.whl,,https://github.com/vllm-project/vllm/releases/download/v0.20.2/vllm-0.20.2-cp38-abi3-manylinux_2_35_aarch64.whl,"uv pip install ""https://github.com/vllm-project/vllm/releases/download/v0.20.2/vllm-0.20.2-cp38-abi3-manylinux_2_35_aarch64.whl"" --torch-backend auto",,2026-05-10T07:37:57Z,235788487
5c77d51a87317624,release,github,0.20.2,0.20.2,github,default,,cp38,abi3,Linux,x86_64,manylinux_2_35_x86_64,vllm-0.20.2-cp38-abi3-manylinux_2_35_x86_64.whl,,https://github.com/vllm-project/vllm/releases/download/v0.20.2/vllm-0.20.2-cp38-abi3-manylinux_2_35_x86_64.whl,"uv pip install ""https://github.com/vllm-project/vllm/releases/download/v0.20.2/vllm-0.20.2-cp38-abi3-manylinux_2_35_x86_64.whl"" --torch-backend auto",,2026-05-10T07:37:57Z,244425988
e4294b20cc4efcd5,release,wheels.vllm.ai,0.20.2,0.20.2,main,cpu,cpu,cp38,abi3,Linux,aarch64,manylinux_2_35_aarch64,vllm-0.20.2+cpu-cp38-abi3-manylinux_2_35_aarch64.whl,https://wheels.vllm.ai/0.20.2/cpu,https://wheels.vllm.ai/bc150f50299199599673614f80d12a196f377655/vllm-0.20.2%2Bcpu-cp38-abi3-manylinux_2_35_aarch64.whl,"uv pip install ""vllm==0.20.2"" --extra-index-url ""https://wheels.vllm.ai/0.20.2/cpu"" --index-strategy first-index --torch-backend cpu",bc150f50299199599673614f80d12a196f377655,,
ef3f2b627fc801b3,release,wheels.vllm.ai,0.20.2,0.20.2,main,cpu,cpu,cp38,abi3,Linux,x86_64,manylinux_2_35_x86_64,vllm-0.20.2+cpu-cp38-abi3-manylinux_2_35_x86_64.whl,https://wheels.vllm.ai/0.20.2/cpu,https://wheels.vllm.ai/bc150f50299199599673614f80d12a196f377655/vllm-0.20.2%2Bcpu-cp38-abi3-manylinux_2_35_x86_64.whl,"uv pip install ""vllm==0.20.2"" --extra-index-url ""https://wheels.vllm.ai/0.20.2/cpu"" --index-strategy first-index --torch-backend cpu",bc150f50299199599673614f80d12a196f377655,,
86de73836cea3ef1,release,wheels.vllm.ai,0.20.2,0.20.2,main,cu129,cu129,cp38,abi3,Linux,aarch64,manylinux_2_31_aarch64,vllm-0.20.2+cu129-cp38-abi3-manylinux_2_31_aarch64.whl,https://wheels.vllm.ai/0.20.2/cu129,https://wheels.vllm.ai/bc150f50299199599673614f80d12a196f377655/vllm-0.20.2%2Bcu129-cp38-abi3-manylinux_2_31_aarch64.whl,"uv pip install ""vllm==0.20.2"" --extra-index-url ""https://wheels.vllm.ai/0.20.2/cu129"" --torch-backend auto",bc150f50299199599673614f80d12a196f377655,,
e3deeca97ae20ada,release,wheels.vllm.ai,0.20.2,0.20.2,main,cu129,cu129,cp38,abi3,Linux,x86_64,manylinux_2_31_x86_64,vllm-0.20.2+cu129-cp38-abi3-manylinux_2_31_x86_64.whl,https://wheels.vllm.ai/0.20.2/cu129,https://wheels.vllm.ai/bc150f50299199599673614f80d12a196f377655/vllm-0.20.2%2Bcu129-cp38-abi3-manylinux_2_31_x86_64.whl,"uv pip install ""vllm==0.20.2"" --extra-index-url ""https://wheels.vllm.ai/0.20.2/cu129"" --torch-backend auto",bc150f50299199599673614f80d12a196f377655,,
4abb92069059615d,release,wheels.vllm.ai,0.20.2,0.20.2,main,cu130,,cp38,abi3,Linux,aarch64,manylinux_2_35_aarch64,vllm-0.20.2-cp38-abi3-manylinux_2_35_aarch64.whl,https://wheels.vllm.ai/0.20.2/cu130,https://wheels.vllm.ai/bc150f50299199599673614f80d12a196f377655/vllm-0.20.2-cp38-abi3-manylinux_2_35_aarch64.whl,"uv pip install ""vllm==0.20.2"" --extra-index-url ""https://wheels.vllm.ai/0.20.2/cu130"" --torch-backend auto",bc150f50299199599673614f80d12a196f377655,,
a3423b35733e19bf,release,wheels.vllm.ai,0.20.2,0.20.2,main,cu130,,cp38,abi3,Linux,x86_64,manylinux_2_35_x86_64,vllm-0.20.2-cp38-abi3-manylinux_2_35_x86_64.whl,https://wheels.vllm.ai/0.20.2/cu130,https://wheels.vllm.ai/bc150f50299199599673614f80d12a196f377655/vllm-0.20.2-cp38-abi3-manylinux_2_35_x86_64.whl,"uv pip install ""vllm==0.20.2"" --extra-index-url ""https://wheels.vllm.ai/0.20.2/cu130"" --torch-backend auto",bc150f50299199599673614f80d12a196f377655,,
d31c9dd2452736bc,release,wheels.vllm.ai,0.20.2,0.20.2,main,default,,cp38,abi3,Linux,aarch64,manylinux_2_35_aarch64,vllm-0.20.2-cp38-abi3-manylinux_2_35_aarch64.whl,https://wheels.vllm.ai/0.20.2,https://wheels.vllm.ai/bc150f50299199599673614f80d12a196f377655/vllm-0.20.2-cp38-abi3-manylinux_2_35_aarch64.whl,"uv pip install ""vllm==0.20.2"" --extra-index-url ""https://wheels.vllm.ai/0.20.2"" --torch-backend auto",bc150f50299199599673614f80d12a196f377655,,
ab9036f008c60a0c,release,wheels.vllm.ai,0.20.2,0.20.2,main,default,,cp38,abi3,Linux,x86_64,manylinux_2_35_x86_64,vllm-0.20.2-cp38-abi3-manylinux_2_35_x86_64.whl,https://wheels.vllm.ai/0.20.2,https://wheels.vllm.ai/bc150f50299199599673614f80d12a196f377655/vllm-0.20.2-cp38-abi3-manylinux_2_35_x86_64.whl,"uv pip install ""vllm==0.20.2"" --extra-index-url ""https://wheels.vllm.ai/0.20.2"" --torch-backend auto",bc150f50299199599673614f80d12a196f377655,,
8c150e542ad13d6e,release,wheels.vllm.ai,0.20.2,0.20.2,rocm,rocm721,rocm721,cp312,cp312,Linux,x86_64,manylinux_2_35_x86_64,vllm-0.20.2+rocm721-cp312-cp312-manylinux_2_35_x86_64.whl,https://wheels.vllm.ai/rocm/0.20.2/rocm721,https://wheels.vllm.ai/rocm/bc150f50299199599673614f80d12a196f377655/vllm-0.20.2%2Brocm721-cp312-cp312-manylinux_2_35_x86_64.whl,"uv pip install ""vllm==0.20.2"" --extra-index-url ""https://wheels.vllm.ai/rocm/0.20.2/rocm721"" --torch-backend auto",bc150f50299199599673614f80d12a196f377655,,
9a6003c6d630db47,release,wheels.vllm.ai,0.20.2,0.20.2.dev6+gbc150f502,rocm,rocm721,rocm721,cp312,cp312,Linux,x86_64,manylinux_2_35_x86_64,vllm-0.20.2.dev6+gbc150f502.rocm721-cp312-cp312-manylinux_2_35_x86_64.whl,https://wheels.vllm.ai/rocm/0.20.2/rocm721,https://wheels.vllm.ai/rocm/bc150f50299199599673614f80d12a196f377655/vllm-0.20.2.dev6%2Bgbc150f502.rocm721-cp312-cp312-manylinux_2_35_x86_64.whl,"uv pip install ""vllm==0.20.2"" --extra-index-url ""https://wheels.vllm.ai/rocm/0.20.2/rocm721"" --torch-backend auto",bc150f50299199599673614f80d12a196f377655,,
f1f987a25a7d04b9,release,github,0.20.1,0.20.1+cpu,github,cpu,cpu,cp38,abi3,Linux,aarch64,manylinux_2_35_aarch64,vllm-0.20.1+cpu-cp38-abi3-manylinux_2_35_aarch64.whl,,https://github.com/vllm-project/vllm/releases/download/v0.20.1/vllm-0.20.1%2Bcpu-cp38-abi3-manylinux_2_35_aarch64.whl,"uv pip install ""https://github.com/vllm-project/vllm/releases/download/v0.20.1/vllm-0.20.1%2Bcpu-cp38-abi3-manylinux_2_35_aarch64.whl"" --torch-backend cpu",,2026-05-04T10:36:26Z,36044609
f4308721e6a01f50,release,github,0.20.1,0.20.1+cpu,github,cpu,cpu,cp38,abi3,Linux,x86_64,manylinux_2_35_x86_64,vllm-0.20.1+cpu-cp38-abi3-manylinux_2_35_x86_64.whl,,https://github.com/vllm-project/vllm/releases/download/v0.20.1/vllm-0.20.1%2Bcpu-cp38-abi3-manylinux_2_35_x86_64.whl,"uv pip install ""https://github.com/vllm-project/vllm/releases/download/v0.20.1/vllm-0.20.1%2Bcpu-cp38-abi3-manylinux_2_35_x86_64.whl"" --torch-backend cpu",,2026-05-04T10:36:26Z,75798752
22cd6f13576f9850,release,github,0.20.1,0.20.1+cu129,github,cu129,cu129,cp38,abi3,Linux,aarch64,manylinux_2_31_aarch64,vllm-0.20.1+cu129-cp38-abi3-manylinux_2_31_aarch64.whl,,https://github.com/vllm-project/vllm/releases/download/v0.20.1/vllm-0.20.1%2Bcu129-cp38-abi3-manylinux_2_31_aarch64.whl,"uv pip install ""https://github.com/vllm-project/vllm/releases/download/v0.20.1/vllm-0.20.1%2Bcu129-cp38-abi3-manylinux_2_31_aarch64.whl"" --torch-backend auto",,2026-05-04T10:36:26Z,422241415
67e6b018b6b94136,release,github,0.20.1,0.20.1+cu129,github,cu129,cu129,cp38,abi3,Linux,x86_64,manylinux_2_31_x86_64,vllm-0.20.1+cu129-cp38-abi3-manylinux_2_31_x86_64.whl,,https://github.com/vllm-project/vllm/releases/download/v0.20.1/vllm-0.20.1%2Bcu129-cp38-abi3-manylinux_2_31_x86_64.whl,"uv pip install ""https://github.com/vllm-project/vllm/releases/download/v0.20.1/vllm-0.20.1%2Bcu129-cp38-abi3-manylinux_2_31_x86_64.whl"" --torch-backend auto",,2026-05-04T10:36:26Z,455084882
da7669f9b1fbadd9,release,github,0.20.1,0.20.1,github,default,,cp38,abi3,Linux,aarch64,manylinux_2_35_aarch64,vllm-0.20.1-cp38-abi3-manylinux_2_35_aarch64.whl,,https://github.com/vllm-project/vllm/releases/download/v0.20.1/vllm-0.20.1-cp38-abi3-manylinux_2_35_aarch64.whl,"uv pip install ""https://github.com/vllm-project/vllm/releases/download/v0.20.1/vllm-0.20.1-cp38-abi3-manylinux_2_35_aarch64.whl"" --torch-backend auto",,2026-05-04T10:36:26Z,235787780
05f5b3df2322e302,release,github,0.20.1,0.20.1,github,default,,cp38,abi3,Linux,x86_64,manylinux_2_35_x86_64,vllm-0.20.1-cp38-abi3-manylinux_2_35_x86_64.whl,,https://github.com/vllm-project/vllm/releases/download/v0.20.1/vllm-0.20.1-cp38-abi3-manylinux_2_35_x86_64.whl,"uv pip install ""https://github.com/vllm-project/vllm/releases/download/v0.20.1/vllm-0.20.1-cp38-abi3-manylinux_2_35_x86_64.whl"" --torch-backend auto",,2026-05-04T10:36:26Z,244425444
a713a7a3e37ac82d,release,wheels.vllm.ai,0.20.1,0.20.1,main,cpu,cpu,cp38,abi3,Linux,aarch64,manylinux_2_35_aarch64,vllm-0.20.1+cpu-cp38-abi3-manylinux_2_35_aarch64.whl,https://wheels.vllm.ai/0.20.1/cpu,https://wheels.vllm.ai/132765e3560659ff63ebd236203672e991b70e08/vllm-0.20.1%2Bcpu-cp38-abi3-manylinux_2_35_aarch64.whl,"uv pip install ""vllm==0.20.1"" --extra-index-url ""https://wheels.vllm.ai/0.20.1/cpu"" --index-strategy first-index --torch-backend cpu",132765e3560659ff63ebd236203672e991b70e08,,
e3c24702a695349b,release,wheels.vllm.ai,0.20.1,0.20.1,main,cpu,cpu,cp38,abi3,Linux,x86_64,manylinux_2_35_x86_64,vllm-0.20.1+cpu-cp38-abi3-manylinux_2_35_x86_64.whl,https://wheels.vllm.ai/0.20.1/cpu,https://wheels.vllm.ai/132765e3560659ff63ebd236203672e991b70e08/vllm-0.20.1%2Bcpu-cp38-abi3-manylinux_2_35_x86_64.whl,"uv pip install ""vllm==0.20.1"" --extra-index-url ""https://wheels.vllm.ai/0.20.1/cpu"" --index-strategy first-index --torch-backend cpu",132765e3560659ff63ebd236203672e991b70e08,,
517f5747f36eb9cd,release,wheels.vllm.ai,0.20.1,0.20.1,main,cu129,cu129,cp38,abi3,Linux,aarch64,manylinux_2_31_aarch64,vllm-0.20.1+cu129-cp38-abi3-manylinux_2_31_aarch64.whl,https://wheels.vllm.ai/0.20.1/cu129,https://wheels.vllm.ai/132765e3560659ff63ebd236203672e991b70e08/vllm-0.20.1%2Bcu129-cp38-abi3-manylinux_2_31_aarch64.whl,"uv pip install ""vllm==0.20.1"" --extra-index-url ""https://wheels.vllm.ai/0.20.1/cu129"" --torch-backend auto",132765e3560659ff63ebd236203672e991b70e08,,
3d4be640d7d36aea,release,wheels.vllm.ai,0.20.1,0.20.1,main,cu129,cu129,cp38,abi3,Linux,x86_64,manylinux_2_31_x86_64,vllm-0.20.1+cu129-cp38-abi3-manylinux_2_31_x86_64.whl,https://wheels.vllm.ai/0.20.1/cu129,https://wheels.vllm.ai/132765e3560659ff63ebd236203672e991b70e08/vllm-0.20.1%2Bcu129-cp38-abi3-manylinux_2_31_x86_64.whl,"uv pip install ""vllm==0.20.1"" --extra-index-url ""https://wheels.vllm.ai/0.20.1/cu129"" --torch-backend auto",132765e3560659ff63ebd236203672e991b70e08,,
08338d0ee02c252d,release,wheels.vllm.ai,0.20.1,0.20.1,main,cu130,,cp38,abi3,Linux,aarch64,manylinux_2_35_aarch64,vllm-0.20.1-cp38-abi3-manylinux_2_35_aarch64.whl,https://wheels.vllm.ai/0.20.1/cu130,https://wheels.vllm.ai/132765e3560659ff63ebd236203672e991b70e08/vllm-0.20.1-cp38-abi3-manylinux_2_35_aarch64.whl,"uv pip install ""vllm==0.20.1"" --extra-index-url ""https://wheels.vllm.ai/0.20.1/cu130"" --torch-backend auto",132765e3560659ff63ebd236203672e991b70e08,,
81f75733de9bf8bf,release,wheels.vllm.ai,0.20.1,0.20.1,main,cu130,,cp38,abi3,Linux,x86_64,manylinux_2_35_x86_64,vllm-0.20.1-cp38-abi3-manylinux_2_35_x86_64.whl,https://wheels.vllm.ai/0.20.1/cu130,https://wheels.vllm.ai/132765e3560659ff63ebd236203672e991b70e08/vllm-0.20.1-cp38-abi3-manylinux_2_35_x86_64.whl,"uv pip install ""vllm==0.20.1"" --extra-index-url ""https://wheels.vllm.ai/0.20.1/cu130"" --torch-backend auto",132765e3560659ff63ebd236203672e991b70e08,,
00bbc5df9025bc7f,release,wheels.vllm.ai,0.20.1,0.20.1,main,default,,cp38,abi3,Linux,aarch64,manylinux_2_35_aarch64,vllm-0.20.1-cp38-abi3-manylinux_2_35_aarch64.whl,https://wheels.vllm.ai/0.20.1,https://wheels.vllm.ai/132765e3560659ff63ebd236203672e991b70e08/vllm-0.20.1-cp38-abi3-manylinux_2_35_aarch64.whl,"uv pip install ""vllm==0.20.1"" --extra-index-url ""https://wheels.vllm.ai/0.20.1"" --torch-backend auto",132765e3560659ff63ebd236203672e991b70e08,,
dc76859ef203a570,release,wheels.vllm.ai,0.20.1,0.20.1,main,default,,cp38,abi3,Linux,x86_64,manylinux_2_35_x86_64,vllm-0.20.1-cp38-abi3-manylinux_2_35_x86_64.whl,https://wheels.vllm.ai/0.20.1,https://wheels.vllm.ai/132765e3560659ff63ebd236203672e991b70e08/vllm-0.20.1-cp38-abi3-manylinux_2_35_x86_64.whl,"uv pip install ""vllm==0.20.1"" --extra-index-url ""https://wheels.vllm.ai/0.20.1"" --torch-backend auto",132765e3560659ff63ebd236203672e991b70e08,,
97a8be2f5861bac8,release,wheels.vllm.ai,0.20.1,0.20.1,rocm,rocm721,rocm721,cp312,cp312,Linux,x86_64,manylinux_2_35_x86_64,vllm-0.20.1+rocm721-cp312-cp312-manylinux_2_35_x86_64.whl,https://wheels.vllm.ai/rocm/0.20.1/rocm721,https://wheels.vllm.ai/rocm/132765e3560659ff63ebd236203672e991b70e08/vllm-0.20.1%2Brocm721-cp312-cp312-manylinux_2_35_x86_64.whl,"uv pip install ""vllm==0.20.1"" --extra-index-url ""https://wheels.vllm.ai/rocm/0.20.1/rocm721"" --torch-backend auto",132765e3560659ff63ebd236203672e991b70e08,,
80229766a7b6a082,release,github,0.20.0,0.20.0+cpu,github,cpu,cpu,cp38,abi3,Linux,aarch64,manylinux_2_35_aarch64,vllm-0.20.0+cpu-cp38-abi3-manylinux_2_35_aarch64.whl,,https://github.com/vllm-project/vllm/releases/download/v0.20.0/vllm-0.20.0%2Bcpu-cp38-abi3-manylinux_2_35_aarch64.whl,"uv pip install ""https://github.com/vllm-project/vllm/releases/download/v0.20.0/vllm-0.20.0%2Bcpu-cp38-abi3-manylinux_2_35_aarch64.whl"" --torch-backend cpu",,2026-04-27T21:20:28Z,36038767
750a0090098d689a,release,github,0.20.0,0.20.0+cpu,github,cpu,cpu,cp38,abi3,Linux,x86_64,manylinux_2_35_x86_64,vllm-0.20.0+cpu-cp38-abi3-manylinux_2_35_x86_64.whl,,https://github.com/vllm-project/vllm/releases/download/v0.20.0/vllm-0.20.0%2Bcpu-cp38-abi3-manylinux_2_35_x86_64.whl,"uv pip install ""https://github.com/vllm-project/vllm/releases/download/v0.20.0/vllm-0.20.0%2Bcpu-cp38-abi3-manylinux_2_35_x86_64.whl"" --torch-backend cpu",,2026-04-27T21:20:28Z,75793141
c7b556ee1de5db6c,release,github,0.20.0,0.20.0+cu129,github,cu129,cu129,cp38,abi3,Linux,aarch64,manylinux_2_31_aarch64,vllm-0.20.0+cu129-cp38-abi3-manylinux_2_31_aarch64.whl,,https://github.com/vllm-project/vllm/releases/download/v0.20.0/vllm-0.20.0%2Bcu129-cp38-abi3-manylinux_2_31_aarch64.whl,"uv pip install ""https://github.com/vllm-project/vllm/releases/download/v0.20.0/vllm-0.20.0%2Bcu129-cp38-abi3-manylinux_2_31_aarch64.whl"" --torch-backend auto",,2026-04-27T21:20:28Z,422288789
a73b572da6c299d9,release,github,0.20.0,0.20.0+cu129,github,cu129,cu129,cp38,abi3,Linux,x86_64,manylinux_2_31_x86_64,vllm-0.20.0+cu129-cp38-abi3-manylinux_2_31_x86_64.whl,,https://github.com/vllm-project/vllm/releases/download/v0.20.0/vllm-0.20.0%2Bcu129-cp38-abi3-manylinux_2_31_x86_64.whl,"uv pip install ""https://github.com/vllm-project/vllm/releases/download/v0.20.0/vllm-0.20.0%2Bcu129-cp38-abi3-manylinux_2_31_x86_64.whl"" --torch-backend auto",,2026-04-27T21:20:28Z,455151305
f3fb99c0057e0d81,release,github,0.20.0,0.20.0,github,default,,cp38,abi3,Linux,aarch64,manylinux_2_35_aarch64,vllm-0.20.0-cp38-abi3-manylinux_2_35_aarch64.whl,,https://github.com/vllm-project/vllm/releases/download/v0.20.0/vllm-0.20.0-cp38-abi3-manylinux_2_35_aarch64.whl,"uv pip install ""https://github.com/vllm-project/vllm/releases/download/v0.20.0/vllm-0.20.0-cp38-abi3-manylinux_2_35_aarch64.whl"" --torch-backend auto",,2026-04-27T21:20:28Z,235776358
a976a7e58073c035,release,github,0.20.0,0.20.0,github,default,,cp38,abi3,Linux,x86_64,manylinux_2_35_x86_64,vllm-0.20.0-cp38-abi3-manylinux_2_35_x86_64.whl,,https://github.com/vllm-project/vllm/releases/download/v0.20.0/vllm-0.20.0-cp38-abi3-manylinux_2_35_x86_64.whl,"uv pip install ""https://github.com/vllm-project/vllm/releases/download/v0.20.0/vllm-0.20.0-cp38-abi3-manylinux_2_35_x86_64.whl"" --torch-backend auto",,2026-04-27T21:20:28Z,244415937
c3ef2860de09b3f7,release,wheels.vllm.ai,0.20.0,0.20.0,main,cpu,cpu,cp38,abi3,Linux,aarch64,manylinux_2_35_aarch64,vllm-0.20.0+cpu-cp38-abi3-manylinux_2_35_aarch64.whl,https://wheels.vllm.ai/0.20.0/cpu,https://wheels.vllm.ai/88d34c6409e9fb3c7b8ca0c04756f061d2099eb1/vllm-0.20.0%2Bcpu-cp38-abi3-manylinux_2_35_aarch64.whl,"uv pip install ""vllm==0.20.0"" --extra-index-url ""https://wheels.vllm.ai/0.20.0/cpu"" --index-strategy first-index --torch-backend cpu",88d34c6409e9fb3c7b8ca0c04756f061d2099eb1,,
3d22a51e56cbb3c1,release,wheels.vllm.ai,0.20.0,0.20.0,main,cpu,cpu,cp38,abi3,Linux,x86_64,manylinux_2_35_x86_64,vllm-0.20.0+cpu-cp38-abi3-manylinux_2_35_x86_64.whl,https://wheels.vllm.ai/0.20.0/cpu,https://wheels.vllm.ai/88d34c6409e9fb3c7b8ca0c04756f061d2099eb1/vllm-0.20.0%2Bcpu-cp38-abi3-manylinux_2_35_x86_64.whl,"uv pip install ""vllm==0.20.0"" --extra-index-url ""https://wheels.vllm.ai/0.20.0/cpu"" --index-strategy first-index --torch-backend cpu",88d34c6409e9fb3c7b8ca0c04756f061d2099eb1,,
9db8f449a47f95d7,release,wheels.vllm.ai,0.20.0,0.20.0,main,cu129,cu129,cp38,abi3,Linux,aarch64,manylinux_2_31_aarch64,vllm-0.20.0+cu129-cp38-abi3-manylinux_2_31_aarch64.whl,https://wheels.vllm.ai/0.20.0/cu129,https://wheels.vllm.ai/88d34c6409e9fb3c7b8ca0c04756f061d2099eb1/vllm-0.20.0%2Bcu129-cp38-abi3-manylinux_2_31_aarch64.whl,"uv pip install ""vllm==0.20.0"" --extra-index-url ""https://wheels.vllm.ai/0.20.0/cu129"" --torch-backend auto",88d34c6409e9fb3c7b8ca0c04756f061d2099eb1,,
6dac4b7b587b387b,release,wheels.vllm.ai,0.20.0,0.20.0,main,cu129,cu129,cp38,abi3,Linux,x86_64,manylinux_2_31_x86_64,vllm-0.20.0+cu129-cp38-abi3-manylinux_2_31_x86_64.whl,https://wheels.vllm.ai/0.20.0/cu129,https://wheels.vllm.ai/88d34c6409e9fb3c7b8ca0c04756f061d2099eb1/vllm-0.20.0%2Bcu129-cp38-abi3-manylinux_2_31_x86_64.whl,"uv pip install ""vllm==0.20.0"" --extra-index-url ""https://wheels.vllm.ai/0.20.0/cu129"" --torch-backend auto",88d34c6409e9fb3c7b8ca0c04756f061d2099eb1,,
86e59de260e28ddd,release,wheels.vllm.ai,0.20.0,0.20.0,main,cu130,,cp38,abi3,Linux,aarch64,manylinux_2_35_aarch64,vllm-0.20.0-cp38-abi3-manylinux_2_35_aarch64.whl,https://wheels.vllm.ai/0.20.0/cu130,https://wheels.vllm.ai/88d34c6409e9fb3c7b8ca0c04756f061d2099eb1/vllm-0.20.0-cp38-abi3-manylinux_2_35_aarch64.whl,"uv pip install ""vllm==0.20.0"" --extra-index-url ""https://wheels.vllm.ai/0.20.0/cu130"" --torch-backend auto",88d34c6409e9fb3c7b8ca0c04756f061d2099eb1,,
b4d25ef436f7b5da,release,wheels.vllm.ai,0.20.0,0.20.0,main,cu130,,cp38,abi3,Linux,x86_64,manylinux_2_35_x86_64,vllm-0.20.0-cp38-abi3-manylinux_2_35_x86_64.whl,https://wheels.vllm.ai/0.20.0/cu130,https://wheels.vllm.ai/88d34c6409e9fb3c7b8ca0c04756f061d2099eb1/vllm-0.20.0-cp38-abi3-manylinux_2_35_x86_64.whl,"uv pip install ""vllm==0.20.0"" --extra-index-url ""https://wheels.vllm.ai/0.20.0/cu130"" --torch-backend auto",88d34c6409e9fb3c7b8ca0c04756f061d2099eb1,,
92d44b1e77802292,release,wheels.vllm.ai,0.20.0,0.20.0,main,default,,cp38,abi3,Linux,aarch64,manylinux_2_35_aarch64,vllm-0.20.0-cp38-abi3-manylinux_2_35_aarch64.whl,https://wheels.vllm.ai/0.20.0,https://wheels.vllm.ai/88d34c6409e9fb3c7b8ca0c04756f061d2099eb1/vllm-0.20.0-cp38-abi3-manylinux_2_35_aarch64.whl,"uv pip install ""vllm==0.20.0"" --extra-index-url ""https://wheels.vllm.ai/0.20.0"" --torch-backend auto",88d34c6409e9fb3c7b8ca0c04756f061d2099eb1,,
9658fb5050bf5fe9,release,wheels.vllm.ai,0.20.0,0.20.0,main,default,,cp38,abi3,Linux,x86_64,manylinux_2_35_x86_64,vllm-0.20.0-cp38-abi3-manylinux_2_35_x86_64.whl,https://wheels.vllm.ai/0.20.0,https://wheels.vllm.ai/88d34c6409e9fb3c7b8ca0c04756f061d2099eb1/vllm-0.20.0-cp38-abi3-manylinux_2_35_x86_64.whl,"uv pip install ""vllm==0.20.0"" --extra-index-url ""https://wheels.vllm.ai/0.20.0"" --torch-backend auto",88d34c6409e9fb3c7b8ca0c04756f061d2099eb1,,
4cadb332a1f3f661,release,wheels.vllm.ai,0.20.0,0.20.0,rocm,rocm721,rocm721,cp312,cp312,Linux,x86_64,manylinux_2_35_x86_64,vllm-0.20.0+rocm721-cp312-cp312-manylinux_2_35_x86_64.whl,https://wheels.vllm.ai/rocm/0.20.0/rocm721,https://wheels.vllm.ai/rocm/88d34c6409e9fb3c7b8ca0c04756f061d2099eb1/vllm-0.20.0%2Brocm721-cp312-cp312-manylinux_2_35_x86_64.whl,"uv pip install ""vllm==0.20.0"" --extra-index-url ""https://wheels.vllm.ai/rocm/0.20.0/rocm721"" --torch-backend auto",88d34c6409e9fb3c7b8ca0c04756f061d2099eb1,,
729d868666b28e41,release,wheels.vllm.ai,0.20.0,0.20.1.dev1+g88d34c640,rocm,rocm721,rocm721,cp312,cp312,Linux,x86_64,manylinux_2_35_x86_64,vllm-0.20.1.dev1+g88d34c640.rocm721-cp312-cp312-manylinux_2_35_x86_64.whl,https://wheels.vllm.ai/rocm/0.20.0/rocm721,https://wheels.vllm.ai/rocm/88d34c6409e9fb3c7b8ca0c04756f061d2099eb1/vllm-0.20.1.dev1%2Bg88d34c640.rocm721-cp312-cp312-manylinux_2_35_x86_64.whl,"uv pip install ""vllm==0.20.0"" --extra-index-url ""https://wheels.vllm.ai/rocm/0.20.0/rocm721"" --torch-backend auto",88d34c6409e9fb3c7b8ca0c04756f061d2099eb1,,
f0e5f35741d2678d,release,github,0.19.1,0.19.1+cpu,github,cpu,cpu,cp38,abi3,Linux,aarch64,manylinux_2_35_aarch64,vllm-0.19.1+cpu-cp38-abi3-manylinux_2_35_aarch64.whl,,https://github.com/vllm-project/vllm/releases/download/v0.19.1/vllm-0.19.1%2Bcpu-cp38-abi3-manylinux_2_35_aarch64.whl,"uv pip install ""https://github.com/vllm-project/vllm/releases/download/v0.19.1/vllm-0.19.1%2Bcpu-cp38-abi3-manylinux_2_35_aarch64.whl"" --torch-backend cpu",,2026-04-18T05:44:42Z,33518983
44e000aee0a0ed84,release,github,0.19.1,0.19.1+cpu,github,cpu,cpu,cp38,abi3,Linux,x86_64,manylinux_2_35_x86_64,vllm-0.19.1+cpu-cp38-abi3-manylinux_2_35_x86_64.whl,,https://github.com/vllm-project/vllm/releases/download/v0.19.1/vllm-0.19.1%2Bcpu-cp38-abi3-manylinux_2_35_x86_64.whl,"uv pip install ""https://github.com/vllm-project/vllm/releases/download/v0.19.1/vllm-0.19.1%2Bcpu-cp38-abi3-manylinux_2_35_x86_64.whl"" --torch-backend cpu",,2026-04-18T05:44:42Z,71780104
dea6518a08f46c2b,release,github,0.19.1,0.19.1+cu130,github,cu130,cu130,cp38,abi3,Linux,aarch64,manylinux_2_35_aarch64,vllm-0.19.1+cu130-cp38-abi3-manylinux_2_35_aarch64.whl,,https://github.com/vllm-project/vllm/releases/download/v0.19.1/vllm-0.19.1%2Bcu130-cp38-abi3-manylinux_2_35_aarch64.whl,"uv pip install ""https://github.com/vllm-project/vllm/releases/download/v0.19.1/vllm-0.19.1%2Bcu130-cp38-abi3-manylinux_2_35_aarch64.whl"" --torch-backend auto",,2026-04-18T05:44:42Z,213520623
b226ac818a1b07af,release,github,0.19.1,0.19.1+cu130,github,cu130,cu130,cp38,abi3,Linux,x86_64,manylinux_2_35_x86_64,vllm-0.19.1+cu130-cp38-abi3-manylinux_2_35_x86_64.whl,,https://github.com/vllm-project/vllm/releases/download/v0.19.1/vllm-0.19.1%2Bcu130-cp38-abi3-manylinux_2_35_x86_64.whl,"uv pip install ""https://github.com/vllm-project/vllm/releases/download/v0.19.1/vllm-0.19.1%2Bcu130-cp38-abi3-manylinux_2_35_x86_64.whl"" --torch-backend auto",,2026-04-18T05:44:42Z,227920553
244f0307a8f91b82,release,github,0.19.1,0.19.1,github,default,,cp38,abi3,Linux,aarch64,manylinux_2_31_aarch64,vllm-0.19.1-cp38-abi3-manylinux_2_31_aarch64.whl,,https://github.com/vllm-project/vllm/releases/download/v0.19.1/vllm-0.19.1-cp38-abi3-manylinux_2_31_aarch64.whl,"uv pip install ""https://github.com/vllm-project/vllm/releases/download/v0.19.1/vllm-0.19.1-cp38-abi3-manylinux_2_31_aarch64.whl"" --torch-backend auto",,2026-04-18T05:44:42Z,385252556
6225eda998c5d75f,release,github,0.19.1,0.19.1,github,default,,cp38,abi3,Linux,x86_64,manylinux_2_31_x86_64,vllm-0.19.1-cp38-abi3-manylinux_2_31_x86_64.whl,,https://github.com/vllm-project/vllm/releases/download/v0.19.1/vllm-0.19.1-cp38-abi3-manylinux_2_31_x86_64.whl,"uv pip install ""https://github.com/vllm-project/vllm/releases/download/v0.19.1/vllm-0.19.1-cp38-abi3-manylinux_2_31_x86_64.whl"" --torch-backend auto",,2026-04-18T05:44:42Z,433132101
178d3c35ce817b1e,release,wheels.vllm.ai,0.19.1,0.19.1,main,cpu,cpu,cp38,abi3,Linux,aarch64,manylinux_2_35_aarch64,vllm-0.19.1+cpu-cp38-abi3-manylinux_2_35_aarch64.whl,https://wheels.vllm.ai/0.19.1/cpu,https://wheels.vllm.ai/b1388b1fbf5aaef47937fabe98931211684666a6/vllm-0.19.1%2Bcpu-cp38-abi3-manylinux_2_35_aarch64.whl,"uv pip install ""vllm==0.19.1"" --extra-index-url ""https://wheels.vllm.ai/0.19.1/cpu"" --index-strategy first-index --torch-backend cpu",b1388b1fbf5aaef47937fabe98931211684666a6,,
85df07d699d026fa,release,wheels.vllm.ai,0.19.1,0.19.1,main,cpu,cpu,cp38,abi3,Linux,x86_64,manylinux_2_35_x86_64,vllm-0.19.1+cpu-cp38-abi3-manylinux_2_35_x86_64.whl,https://wheels.vllm.ai/0.19.1/cpu,https://wheels.vllm.ai/b1388b1fbf5aaef47937fabe98931211684666a6/vllm-0.19.1%2Bcpu-cp38-abi3-manylinux_2_35_x86_64.whl,"uv pip install ""vllm==0.19.1"" --extra-index-url ""https://wheels.vllm.ai/0.19.1/cpu"" --index-strategy first-index --torch-backend cpu",b1388b1fbf5aaef47937fabe98931211684666a6,,
8be2265818806552,release,wheels.vllm.ai,0.19.1,0.19.1,main,cu129,,cp38,abi3,Linux,aarch64,manylinux_2_31_aarch64,vllm-0.19.1-cp38-abi3-manylinux_2_31_aarch64.whl,https://wheels.vllm.ai/0.19.1/cu129,https://wheels.vllm.ai/b1388b1fbf5aaef47937fabe98931211684666a6/vllm-0.19.1-cp38-abi3-manylinux_2_31_aarch64.whl,"uv pip install ""vllm==0.19.1"" --extra-index-url ""https://wheels.vllm.ai/0.19.1/cu129"" --torch-backend auto",b1388b1fbf5aaef47937fabe98931211684666a6,,
7d566a999b38fcba,release,wheels.vllm.ai,0.19.1,0.19.1,main,cu129,,cp38,abi3,Linux,x86_64,manylinux_2_31_x86_64,vllm-0.19.1-cp38-abi3-manylinux_2_31_x86_64.whl,https://wheels.vllm.ai/0.19.1/cu129,https://wheels.vllm.ai/b1388b1fbf5aaef47937fabe98931211684666a6/vllm-0.19.1-cp38-abi3-manylinux_2_31_x86_64.whl,"uv pip install ""vllm==0.19.1"" --extra-index-url ""https://wheels.vllm.ai/0.19.1/cu129"" --torch-backend auto",b1388b1fbf5aaef47937fabe98931211684666a6,,
4adddf7a5aea89ce,release,wheels.vllm.ai,0.19.1,0.19.1,main,cu130,cu130,cp38,abi3,Linux,aarch64,manylinux_2_35_aarch64,vllm-0.19.1+cu130-cp38-abi3-manylinux_2_35_aarch64.whl,https://wheels.vllm.ai/0.19.1/cu130,https://wheels.vllm.ai/b1388b1fbf5aaef47937fabe98931211684666a6/vllm-0.19.1%2Bcu130-cp38-abi3-manylinux_2_35_aarch64.whl,"uv pip install ""vllm==0.19.1"" --extra-index-url ""https://wheels.vllm.ai/0.19.1/cu130"" --torch-backend auto",b1388b1fbf5aaef47937fabe98931211684666a6,,
7d8894bdaa769099,release,wheels.vllm.ai,0.19.1,0.19.1,main,cu130,cu130,cp38,abi3,Linux,x86_64,manylinux_2_35_x86_64,vllm-0.19.1+cu130-cp38-abi3-manylinux_2_35_x86_64.whl,https://wheels.vllm.ai/0.19.1/cu130,https://wheels.vllm.ai/b1388b1fbf5aaef47937fabe98931211684666a6/vllm-0.19.1%2Bcu130-cp38-abi3-manylinux_2_35_x86_64.whl,"uv pip install ""vllm==0.19.1"" --extra-index-url ""https://wheels.vllm.ai/0.19.1/cu130"" --torch-backend auto",b1388b1fbf5aaef47937fabe98931211684666a6,,
beedd3ca4ca26ceb,release,wheels.vllm.ai,0.19.1,0.19.1,main,default,,cp38,abi3,Linux,aarch64,manylinux_2_31_aarch64,vllm-0.19.1-cp38-abi3-manylinux_2_31_aarch64.whl,https://wheels.vllm.ai/0.19.1,https://wheels.vllm.ai/b1388b1fbf5aaef47937fabe98931211684666a6/vllm-0.19.1-cp38-abi3-manylinux_2_31_aarch64.whl,"uv pip install ""vllm==0.19.1"" --extra-index-url ""https://wheels.vllm.ai/0.19.1"" --torch-backend auto",b1388b1fbf5aaef47937fabe98931211684666a6,,
1c7427ae0d0fdb1c,release,wheels.vllm.ai,0.19.1,0.19.1,main,default,,cp38,abi3,Linux,x86_64,manylinux_2_31_x86_64,vllm-0.19.1-cp38-abi3-manylinux_2_31_x86_64.whl,https://wheels.vllm.ai/0.19.1,https://wheels.vllm.ai/b1388b1fbf5aaef47937fabe98931211684666a6/vllm-0.19.1-cp38-abi3-manylinux_2_31_x86_64.whl,"uv pip install ""vllm==0.19.1"" --extra-index-url ""https://wheels.vllm.ai/0.19.1"" --torch-backend auto",b1388b1fbf5aaef47937fabe98931211684666a6,,
85a8c742ee8997e5,release,wheels.vllm.ai,0.19.1,0.19.1,rocm,rocm721,rocm721,cp312,cp312,Linux,x86_64,manylinux_2_35_x86_64,vllm-0.19.1+rocm721-cp312-cp312-manylinux_2_35_x86_64.whl,https://wheels.vllm.ai/rocm/0.19.1/rocm721,https://wheels.vllm.ai/rocm/b1388b1fbf5aaef47937fabe98931211684666a6/vllm-0.19.1%2Brocm721-cp312-cp312-manylinux_2_35_x86_64.whl,"uv pip install ""vllm==0.19.1"" --extra-index-url ""https://wheels.vllm.ai/rocm/0.19.1/rocm721"" --torch-backend auto",b1388b1fbf5aaef47937fabe98931211684666a6,,
0bf0e348ffd1fbe5,release,github,0.19.0,0.19.0+cpu,github,cpu,cpu,cp38,abi3,Linux,aarch64,manylinux_2_35_aarch64,vllm-0.19.0+cpu-cp38-abi3-manylinux_2_35_aarch64.whl,,https://github.com/vllm-project/vllm/releases/download/v0.19.0/vllm-0.19.0%2Bcpu-cp38-abi3-manylinux_2_35_aarch64.whl,"uv pip install ""https://github.com/vllm-project/vllm/releases/download/v0.19.0/vllm-0.19.0%2Bcpu-cp38-abi3-manylinux_2_35_aarch64.whl"" --torch-backend cpu",,2026-04-03T02:19:12Z,33505217
75a9d2ac512f4bfc,release,github,0.19.0,0.19.0+cpu,github,cpu,cpu,cp38,abi3,Linux,x86_64,manylinux_2_35_x86_64,vllm-0.19.0+cpu-cp38-abi3-manylinux_2_35_x86_64.whl,,https://github.com/vllm-project/vllm/releases/download/v0.19.0/vllm-0.19.0%2Bcpu-cp38-abi3-manylinux_2_35_x86_64.whl,"uv pip install ""https://github.com/vllm-project/vllm/releases/download/v0.19.0/vllm-0.19.0%2Bcpu-cp38-abi3-manylinux_2_35_x86_64.whl"" --torch-backend cpu",,2026-04-03T02:19:12Z,71766406
ac056a22c219d7ce,release,github,0.19.0,0.19.0+cu130,github,cu130,cu130,cp38,abi3,Linux,aarch64,manylinux_2_35_aarch64,vllm-0.19.0+cu130-cp38-abi3-manylinux_2_35_aarch64.whl,,https://github.com/vllm-project/vllm/releases/download/v0.19.0/vllm-0.19.0%2Bcu130-cp38-abi3-manylinux_2_35_aarch64.whl,"uv pip install ""https://github.com/vllm-project/vllm/releases/download/v0.19.0/vllm-0.19.0%2Bcu130-cp38-abi3-manylinux_2_35_aarch64.whl"" --torch-backend auto",,2026-04-03T02:19:12Z,213217590
122c3ede4a0fc291,release,github,0.19.0,0.19.0+cu130,github,cu130,cu130,cp38,abi3,Linux,x86_64,manylinux_2_35_x86_64,vllm-0.19.0+cu130-cp38-abi3-manylinux_2_35_x86_64.whl,,https://github.com/vllm-project/vllm/releases/download/v0.19.0/vllm-0.19.0%2Bcu130-cp38-abi3-manylinux_2_35_x86_64.whl,"uv pip install ""https://github.com/vllm-project/vllm/releases/download/v0.19.0/vllm-0.19.0%2Bcu130-cp38-abi3-manylinux_2_35_x86_64.whl"" --torch-backend auto",,2026-04-03T02:19:12Z,227555822
9d508f1f44509a9e,release,github,0.19.0,0.19.0,github,default,,cp38,abi3,Linux,aarch64,manylinux_2_31_aarch64,vllm-0.19.0-cp38-abi3-manylinux_2_31_aarch64.whl,,https://github.com/vllm-project/vllm/releases/download/v0.19.0/vllm-0.19.0-cp38-abi3-manylinux_2_31_aarch64.whl,"uv pip install ""https://github.com/vllm-project/vllm/releases/download/v0.19.0/vllm-0.19.0-cp38-abi3-manylinux_2_31_aarch64.whl"" --torch-backend auto",,2026-04-03T02:19:12Z,384650557
b864723d7f8474dd,release,github,0.19.0,0.19.0,github,default,,cp38,abi3,Linux,x86_64,manylinux_2_31_x86_64,vllm-0.19.0-cp38-abi3-manylinux_2_31_x86_64.whl,,https://github.com/vllm-project/vllm/releases/download/v0.19.0/vllm-0.19.0-cp38-abi3-manylinux_2_31_x86_64.whl,"uv pip install ""https://github.com/vllm-project/vllm/releases/download/v0.19.0/vllm-0.19.0-cp38-abi3-manylinux_2_31_x86_64.whl"" --torch-backend auto",,2026-04-03T02:19:12Z,432281473
aa178b708ef6e7cb,release,wheels.vllm.ai,0.19.0,0.19.0,main,cpu,cpu,cp38,abi3,Linux,aarch64,manylinux_2_35_aarch64,vllm-0.19.0+cpu-cp38-abi3-manylinux_2_35_aarch64.whl,https://wheels.vllm.ai/0.19.0/cpu,https://wheels.vllm.ai/2a69949bdadf0e8942b7a1619b229cb475beef20/vllm-0.19.0%2Bcpu-cp38-abi3-manylinux_2_35_aarch64.whl,"uv pip install ""vllm==0.19.0"" --extra-index-url ""https://wheels.vllm.ai/0.19.0/cpu"" --index-strategy first-index --torch-backend cpu",2a69949bdadf0e8942b7a1619b229cb475beef20,,
53f40a536bdb7326,release,wheels.vllm.ai,0.19.0,0.19.0,main,cpu,cpu,cp38,abi3,Linux,x86_64,manylinux_2_35_x86_64,vllm-0.19.0+cpu-cp38-abi3-manylinux_2_35_x86_64.whl,https://wheels.vllm.ai/0.19.0/cpu,https://wheels.vllm.ai/2a69949bdadf0e8942b7a1619b229cb475beef20/vllm-0.19.0%2Bcpu-cp38-abi3-manylinux_2_35_x86_64.whl,"uv pip install ""vllm==0.19.0"" --extra-index-url ""https://wheels.vllm.ai/0.19.0/cpu"" --index-strategy first-index --torch-backend cpu",2a69949bdadf0e8942b7a1619b229cb475beef20,,
e719facb77b3b872,release,wheels.vllm.ai,0.19.0,0.19.0,main,cu129,,cp38,abi3,Linux,aarch64,manylinux_2_31_aarch64,vllm-0.19.0-cp38-abi3-manylinux_2_31_aarch64.whl,https://wheels.vllm.ai/0.19.0/cu129,https://wheels.vllm.ai/2a69949bdadf0e8942b7a1619b229cb475beef20/vllm-0.19.0-cp38-abi3-manylinux_2_31_aarch64.whl,"uv pip install ""vllm==0.19.0"" --extra-index-url ""https://wheels.vllm.ai/0.19.0/cu129"" --torch-backend auto",2a69949bdadf0e8942b7a1619b229cb475beef20,,
838c1b186556202a,release,wheels.vllm.ai,0.19.0,0.19.0,main,cu129,,cp38,abi3,Linux,x86_64,manylinux_2_31_x86_64,vllm-0.19.0-cp38-abi3-manylinux_2_31_x86_64.whl,https://wheels.vllm.ai/0.19.0/cu129,https://wheels.vllm.ai/2a69949bdadf0e8942b7a1619b229cb475beef20/vllm-0.19.0-cp38-abi3-manylinux_2_31_x86_64.whl,"uv pip install ""vllm==0.19.0"" --extra-index-url ""https://wheels.vllm.ai/0.19.0/cu129"" --torch-backend auto",2a69949bdadf0e8942b7a1619b229cb475beef20,,
4baf6da64a489dcf,release,wheels.vllm.ai,0.19.0,0.19.0,main,cu130,cu130,cp38,abi3,Linux,aarch64,manylinux_2_35_aarch64,vllm-0.19.0+cu130-cp38-abi3-manylinux_2_35_aarch64.whl,https://wheels.vllm.ai/0.19.0/cu130,https://wheels.vllm.ai/2a69949bdadf0e8942b7a1619b229cb475beef20/vllm-0.19.0%2Bcu130-cp38-abi3-manylinux_2_35_aarch64.whl,"uv pip install ""vllm==0.19.0"" --extra-index-url ""https://wheels.vllm.ai/0.19.0/cu130"" --torch-backend auto",2a69949bdadf0e8942b7a1619b229cb475beef20,,
4d00fdc3fa59cdba,release,wheels.vllm.ai,0.19.0,0.19.0,main,cu130,cu130,cp38,abi3,Linux,x86_64,manylinux_2_35_x86_64,vllm-0.19.0+cu130-cp38-abi3-manylinux_2_35_x86_64.whl,https://wheels.vllm.ai/0.19.0/cu130,https://wheels.vllm.ai/2a69949bdadf0e8942b7a1619b229cb475beef20/vllm-0.19.0%2Bcu130-cp38-abi3-manylinux_2_35_x86_64.whl,"uv pip install ""vllm==0.19.0"" --extra-index-url ""https://wheels.vllm.ai/0.19.0/cu130"" --torch-backend auto",2a69949bdadf0e8942b7a1619b229cb475beef20,,
dc30a99bc5ec047e,release,wheels.vllm.ai,0.19.0,0.19.0,main,default,,cp38,abi3,Linux,aarch64,manylinux_2_31_aarch64,vllm-0.19.0-cp38-abi3-manylinux_2_31_aarch64.whl,https://wheels.vllm.ai/0.19.0,https://wheels.vllm.ai/2a69949bdadf0e8942b7a1619b229cb475beef20/vllm-0.19.0-cp38-abi3-manylinux_2_31_aarch64.whl,"uv pip install ""vllm==0.19.0"" --extra-index-url ""https://wheels.vllm.ai/0.19.0"" --torch-backend auto",2a69949bdadf0e8942b7a1619b229cb475beef20,,
346f89b0f01ece47,release,wheels.vllm.ai,0.19.0,0.19.0,main,default,,cp38,abi3,Linux,x86_64,manylinux_2_31_x86_64,vllm-0.19.0-cp38-abi3-manylinux_2_31_x86_64.whl,https://wheels.vllm.ai/0.19.0,https://wheels.vllm.ai/2a69949bdadf0e8942b7a1619b229cb475beef20/vllm-0.19.0-cp38-abi3-manylinux_2_31_x86_64.whl,"uv pip install ""vllm==0.19.0"" --extra-index-url ""https://wheels.vllm.ai/0.19.0"" --torch-backend auto",2a69949bdadf0e8942b7a1619b229cb475beef20,,
239e9b036dc2c132,release,wheels.vllm.ai,0.19.0,0.19.0,rocm,rocm721,rocm721,cp312,cp312,Linux,x86_64,manylinux_2_35_x86_64,vllm-0.19.0+rocm721-cp312-cp312-manylinux_2_35_x86_64.whl,https://wheels.vllm.ai/rocm/0.19.0/rocm721,https://wheels.vllm.ai/rocm/2a69949bdadf0e8942b7a1619b229cb475beef20/vllm-0.19.0%2Brocm721-cp312-cp312-manylinux_2_35_x86_64.whl,"uv pip install ""vllm==0.19.0"" --extra-index-url ""https://wheels.vllm.ai/rocm/0.19.0/rocm721"" --torch-backend auto",2a69949bdadf0e8942b7a1619b229cb475beef20,,
80251636b4b9c051,release,github,0.18.1,0.18.1+cpu,github,cpu,cpu,cp38,abi3,Linux,aarch64,manylinux_2_35_aarch64,vllm-0.18.1+cpu-cp38-abi3-manylinux_2_35_aarch64.whl,,https://github.com/vllm-project/vllm/releases/download/v0.18.1/vllm-0.18.1%2Bcpu-cp38-abi3-manylinux_2_35_aarch64.whl,"uv pip install ""https://github.com/vllm-project/vllm/releases/download/v0.18.1/vllm-0.18.1%2Bcpu-cp38-abi3-manylinux_2_35_aarch64.whl"" --torch-backend cpu",,2026-03-31T00:53:26Z,33245934
e74a1204fbc0ae14,release,github,0.18.1,0.18.1+cpu,github,cpu,cpu,cp38,abi3,Linux,x86_64,manylinux_2_35_x86_64,vllm-0.18.1+cpu-cp38-abi3-manylinux_2_35_x86_64.whl,,https://github.com/vllm-project/vllm/releases/download/v0.18.1/vllm-0.18.1%2Bcpu-cp38-abi3-manylinux_2_35_x86_64.whl,"uv pip install ""https://github.com/vllm-project/vllm/releases/download/v0.18.1/vllm-0.18.1%2Bcpu-cp38-abi3-manylinux_2_35_x86_64.whl"" --torch-backend cpu",,2026-03-31T00:53:26Z,71445384
ba5dbee17697998a,release,github,0.18.1,0.18.1+cu130,github,cu130,cu130,cp38,abi3,Linux,aarch64,manylinux_2_35_aarch64,vllm-0.18.1+cu130-cp38-abi3-manylinux_2_35_aarch64.whl,,https://github.com/vllm-project/vllm/releases/download/v0.18.1/vllm-0.18.1%2Bcu130-cp38-abi3-manylinux_2_35_aarch64.whl,"uv pip install ""https://github.com/vllm-project/vllm/releases/download/v0.18.1/vllm-0.18.1%2Bcu130-cp38-abi3-manylinux_2_35_aarch64.whl"" --torch-backend auto",,2026-03-31T00:53:26Z,213984259
4b621ffb3865ef92,release,github,0.18.1,0.18.1+cu130,github,cu130,cu130,cp38,abi3,Linux,x86_64,manylinux_2_35_x86_64,vllm-0.18.1+cu130-cp38-abi3-manylinux_2_35_x86_64.whl,,https://github.com/vllm-project/vllm/releases/download/v0.18.1/vllm-0.18.1%2Bcu130-cp38-abi3-manylinux_2_35_x86_64.whl,"uv pip install ""https://github.com/vllm-project/vllm/releases/download/v0.18.1/vllm-0.18.1%2Bcu130-cp38-abi3-manylinux_2_35_x86_64.whl"" --torch-backend auto",,2026-03-31T00:53:26Z,228315650
9cf48d95115203e8,release,github,0.18.1,0.18.1,github,default,,cp38,abi3,Linux,aarch64,manylinux_2_31_aarch64,vllm-0.18.1-cp38-abi3-manylinux_2_31_aarch64.whl,,https://github.com/vllm-project/vllm/releases/download/v0.18.1/vllm-0.18.1-cp38-abi3-manylinux_2_31_aarch64.whl,"uv pip install ""https://github.com/vllm-project/vllm/releases/download/v0.18.1/vllm-0.18.1-cp38-abi3-manylinux_2_31_aarch64.whl"" --torch-backend auto",,2026-03-31T00:53:26Z,385590570
fe0e5dbcad80a471,release,github,0.18.1,0.18.1,github,default,,cp38,abi3,Linux,x86_64,manylinux_2_31_x86_64,vllm-0.18.1-cp38-abi3-manylinux_2_31_x86_64.whl,,https://github.com/vllm-project/vllm/releases/download/v0.18.1/vllm-0.18.1-cp38-abi3-manylinux_2_31_x86_64.whl,"uv pip install ""https://github.com/vllm-project/vllm/releases/download/v0.18.1/vllm-0.18.1-cp38-abi3-manylinux_2_31_x86_64.whl"" --torch-backend auto",,2026-03-31T00:53:26Z,433216393
b70ffbf89a7ac939,release,wheels.vllm.ai,0.18.1,0.18.1,main,cpu,cpu,cp38,abi3,Linux,aarch64,manylinux_2_35_aarch64,vllm-0.18.1+cpu-cp38-abi3-manylinux_2_35_aarch64.whl,https://wheels.vllm.ai/0.18.1/cpu,https://wheels.vllm.ai/a26e8dc7ff2111a005144d775ecf9cebf56c45b2/vllm-0.18.1%2Bcpu-cp38-abi3-manylinux_2_35_aarch64.whl,"uv pip install ""vllm==0.18.1"" --extra-index-url ""https://wheels.vllm.ai/0.18.1/cpu"" --index-strategy first-index --torch-backend cpu",a26e8dc7ff2111a005144d775ecf9cebf56c45b2,,
871a0ae89226db73,release,wheels.vllm.ai,0.18.1,0.18.1,main,cpu,cpu,cp38,abi3,Linux,x86_64,manylinux_2_35_x86_64,vllm-0.18.1+cpu-cp38-abi3-manylinux_2_35_x86_64.whl,https://wheels.vllm.ai/0.18.1/cpu,https://wheels.vllm.ai/a26e8dc7ff2111a005144d775ecf9cebf56c45b2/vllm-0.18.1%2Bcpu-cp38-abi3-manylinux_2_35_x86_64.whl,"uv pip install ""vllm==0.18.1"" --extra-index-url ""https://wheels.vllm.ai/0.18.1/cpu"" --index-strategy first-index --torch-backend cpu",a26e8dc7ff2111a005144d775ecf9cebf56c45b2,,
1cad0b08154a1055,release,wheels.vllm.ai,0.18.1,0.18.1,main,cu129,,cp38,abi3,Linux,aarch64,manylinux_2_31_aarch64,vllm-0.18.1-cp38-abi3-manylinux_2_31_aarch64.whl,https://wheels.vllm.ai/0.18.1/cu129,https://wheels.vllm.ai/a26e8dc7ff2111a005144d775ecf9cebf56c45b2/vllm-0.18.1-cp38-abi3-manylinux_2_31_aarch64.whl,"uv pip install ""vllm==0.18.1"" --extra-index-url ""https://wheels.vllm.ai/0.18.1/cu129"" --torch-backend auto",a26e8dc7ff2111a005144d775ecf9cebf56c45b2,,
ffdeec575b46cbb3,release,wheels.vllm.ai,0.18.1,0.18.1,main,cu129,,cp38,abi3,Linux,x86_64,manylinux_2_31_x86_64,vllm-0.18.1-cp38-abi3-manylinux_2_31_x86_64.whl,https://wheels.vllm.ai/0.18.1/cu129,https://wheels.vllm.ai/a26e8dc7ff2111a005144d775ecf9cebf56c45b2/vllm-0.18.1-cp38-abi3-manylinux_2_31_x86_64.whl,"uv pip install ""vllm==0.18.1"" --extra-index-url ""https://wheels.vllm.ai/0.18.1/cu129"" --torch-backend auto",a26e8dc7ff2111a005144d775ecf9cebf56c45b2,,
70d07997f872ed32,release,wheels.vllm.ai,0.18.1,0.18.1,main,cu130,cu130,cp38,abi3,Linux,aarch64,manylinux_2_35_aarch64,vllm-0.18.1+cu130-cp38-abi3-manylinux_2_35_aarch64.whl,https://wheels.vllm.ai/0.18.1/cu130,https://wheels.vllm.ai/a26e8dc7ff2111a005144d775ecf9cebf56c45b2/vllm-0.18.1%2Bcu130-cp38-abi3-manylinux_2_35_aarch64.whl,"uv pip install ""vllm==0.18.1"" --extra-index-url ""https://wheels.vllm.ai/0.18.1/cu130"" --torch-backend auto",a26e8dc7ff2111a005144d775ecf9cebf56c45b2,,
dbd6e82d65ca71f9,release,wheels.vllm.ai,0.18.1,0.18.1,main,cu130,cu130,cp38,abi3,Linux,x86_64,manylinux_2_35_x86_64,vllm-0.18.1+cu130-cp38-abi3-manylinux_2_35_x86_64.whl,https://wheels.vllm.ai/0.18.1/cu130,https://wheels.vllm.ai/a26e8dc7ff2111a005144d775ecf9cebf56c45b2/vllm-0.18.1%2Bcu130-cp38-abi3-manylinux_2_35_x86_64.whl,"uv pip install ""vllm==0.18.1"" --extra-index-url ""https://wheels.vllm.ai/0.18.1/cu130"" --torch-backend auto",a26e8dc7ff2111a005144d775ecf9cebf56c45b2,,
10b7ab01a8cd992d,release,wheels.vllm.ai,0.18.1,0.18.1,main,default,,cp38,abi3,Linux,aarch64,manylinux_2_31_aarch64,vllm-0.18.1-cp38-abi3-manylinux_2_31_aarch64.whl,https://wheels.vllm.ai/0.18.1,https://wheels.vllm.ai/a26e8dc7ff2111a005144d775ecf9cebf56c45b2/vllm-0.18.1-cp38-abi3-manylinux_2_31_aarch64.whl,"uv pip install ""vllm==0.18.1"" --extra-index-url ""https://wheels.vllm.ai/0.18.1"" --torch-backend auto",a26e8dc7ff2111a005144d775ecf9cebf56c45b2,,
7a2924165135c8fc,release,wheels.vllm.ai,0.18.1,0.18.1,main,default,,cp38,abi3,Linux,x86_64,manylinux_2_31_x86_64,vllm-0.18.1-cp38-abi3-manylinux_2_31_x86_64.whl,https://wheels.vllm.ai/0.18.1,https://wheels.vllm.ai/a26e8dc7ff2111a005144d775ecf9cebf56c45b2/vllm-0.18.1-cp38-abi3-manylinux_2_31_x86_64.whl,"uv pip install ""vllm==0.18.1"" --extra-index-url ""https://wheels.vllm.ai/0.18.1"" --torch-backend auto",a26e8dc7ff2111a005144d775ecf9cebf56c45b2,,
8eb2601b77866773,release,wheels.vllm.ai,0.18.1,0.18.1,rocm,rocm700,rocm700,cp312,cp312,Linux,x86_64,manylinux_2_35_x86_64,vllm-0.18.1+rocm700-cp312-cp312-manylinux_2_35_x86_64.whl,https://wheels.vllm.ai/rocm/0.18.1/rocm700,https://wheels.vllm.ai/rocm/a26e8dc7ff2111a005144d775ecf9cebf56c45b2/vllm-0.18.1%2Brocm700-cp312-cp312-manylinux_2_35_x86_64.whl,"uv pip install ""vllm==0.18.1"" --extra-index-url ""https://wheels.vllm.ai/rocm/0.18.1/rocm700"" --torch-backend auto",a26e8dc7ff2111a005144d775ecf9cebf56c45b2,,
3c314cab7c011586,release,wheels.vllm.ai,0.18.1,0.18.1.dev13+ga26e8dc7f,rocm,rocm700,rocm700,cp312,cp312,Linux,x86_64,manylinux_2_35_x86_64,vllm-0.18.1.dev13+ga26e8dc7f.rocm700-cp312-cp312-manylinux_2_35_x86_64.whl,https://wheels.vllm.ai/rocm/0.18.1/rocm700,https://wheels.vllm.ai/rocm/a26e8dc7ff2111a005144d775ecf9cebf56c45b2/vllm-0.18.1.dev13%2Bga26e8dc7f.rocm700-cp312-cp312-manylinux_2_35_x86_64.whl,"uv pip install ""vllm==0.18.1"" --extra-index-url ""https://wheels.vllm.ai/rocm/0.18.1/rocm700"" --torch-backend auto",a26e8dc7ff2111a005144d775ecf9cebf56c45b2,,
a2edf4696fea075a,release,github,0.18.0,0.18.0+cpu,github,cpu,cpu,cp38,abi3,Linux,aarch64,manylinux_2_35_aarch64,vllm-0.18.0+cpu-cp38-abi3-manylinux_2_35_aarch64.whl,,https://github.com/vllm-project/vllm/releases/download/v0.18.0/vllm-0.18.0%2Bcpu-cp38-abi3-manylinux_2_35_aarch64.whl,"uv pip install ""https://github.com/vllm-project/vllm/releases/download/v0.18.0/vllm-0.18.0%2Bcpu-cp38-abi3-manylinux_2_35_aarch64.whl"" --torch-backend cpu",,2026-03-20T21:31:36Z,33245362
014e21ee8b07bb62,release,github,0.18.0,0.18.0+cpu,github,cpu,cpu,cp38,abi3,Linux,x86_64,manylinux_2_35_x86_64,vllm-0.18.0+cpu-cp38-abi3-manylinux_2_35_x86_64.whl,,https://github.com/vllm-project/vllm/releases/download/v0.18.0/vllm-0.18.0%2Bcpu-cp38-abi3-manylinux_2_35_x86_64.whl,"uv pip install ""https://github.com/vllm-project/vllm/releases/download/v0.18.0/vllm-0.18.0%2Bcpu-cp38-abi3-manylinux_2_35_x86_64.whl"" --torch-backend cpu",,2026-03-20T21:31:36Z,71444812
a5c2add5742390fc,release,github,0.18.0,0.18.0+cu130,github,cu130,cu130,cp38,abi3,Linux,aarch64,manylinux_2_35_aarch64,vllm-0.18.0+cu130-cp38-abi3-manylinux_2_35_aarch64.whl,,https://github.com/vllm-project/vllm/releases/download/v0.18.0/vllm-0.18.0%2Bcu130-cp38-abi3-manylinux_2_35_aarch64.whl,"uv pip install ""https://github.com/vllm-project/vllm/releases/download/v0.18.0/vllm-0.18.0%2Bcu130-cp38-abi3-manylinux_2_35_aarch64.whl"" --torch-backend auto",,2026-03-20T21:31:36Z,213983591
d6f6b95cf51fbb69,release,github,0.18.0,0.18.0+cu130,github,cu130,cu130,cp38,abi3,Linux,x86_64,manylinux_2_35_x86_64,vllm-0.18.0+cu130-cp38-abi3-manylinux_2_35_x86_64.whl,,https://github.com/vllm-project/vllm/releases/download/v0.18.0/vllm-0.18.0%2Bcu130-cp38-abi3-manylinux_2_35_x86_64.whl,"uv pip install ""https://github.com/vllm-project/vllm/releases/download/v0.18.0/vllm-0.18.0%2Bcu130-cp38-abi3-manylinux_2_35_x86_64.whl"" --torch-backend auto",,2026-03-20T21:31:36Z,228316984
ce6fc2d5d08d20e9,release,github,0.18.0,0.18.0,github,default,,cp38,abi3,Linux,aarch64,manylinux_2_31_aarch64,vllm-0.18.0-cp38-abi3-manylinux_2_31_aarch64.whl,,https://github.com/vllm-project/vllm/releases/download/v0.18.0/vllm-0.18.0-cp38-abi3-manylinux_2_31_aarch64.whl,"uv pip install ""https://github.com/vllm-project/vllm/releases/download/v0.18.0/vllm-0.18.0-cp38-abi3-manylinux_2_31_aarch64.whl"" --torch-backend auto",,2026-03-20T21:31:36Z,385589729
45f752d3370a951c,release,github,0.18.0,0.18.0,github,default,,cp38,abi3,Linux,x86_64,manylinux_2_31_x86_64,vllm-0.18.0-cp38-abi3-manylinux_2_31_x86_64.whl,,https://github.com/vllm-project/vllm/releases/download/v0.18.0/vllm-0.18.0-cp38-abi3-manylinux_2_31_x86_64.whl,"uv pip install ""https://github.com/vllm-project/vllm/releases/download/v0.18.0/vllm-0.18.0-cp38-abi3-manylinux_2_31_x86_64.whl"" --torch-backend auto",,2026-03-20T21:31:36Z,433215727
87407878c92e79c1,release,wheels.vllm.ai,0.18.0,0.18.0,main,cpu,cpu,cp38,abi3,Linux,aarch64,manylinux_2_35_aarch64,vllm-0.18.0+cpu-cp38-abi3-manylinux_2_35_aarch64.whl,https://wheels.vllm.ai/0.18.0/cpu,https://wheels.vllm.ai/bcf2be96120005e9aea171927f85055a6a5c0cf6/vllm-0.18.0%2Bcpu-cp38-abi3-manylinux_2_35_aarch64.whl,"uv pip install ""vllm==0.18.0"" --extra-index-url ""https://wheels.vllm.ai/0.18.0/cpu"" --index-strategy first-index --torch-backend cpu",bcf2be96120005e9aea171927f85055a6a5c0cf6,,
a276021d96118d32,release,wheels.vllm.ai,0.18.0,0.18.0,main,cpu,cpu,cp38,abi3,Linux,x86_64,manylinux_2_35_x86_64,vllm-0.18.0+cpu-cp38-abi3-manylinux_2_35_x86_64.whl,https://wheels.vllm.ai/0.18.0/cpu,https://wheels.vllm.ai/bcf2be96120005e9aea171927f85055a6a5c0cf6/vllm-0.18.0%2Bcpu-cp38-abi3-manylinux_2_35_x86_64.whl,"uv pip install ""vllm==0.18.0"" --extra-index-url ""https://wheels.vllm.ai/0.18.0/cpu"" --index-strategy first-index --torch-backend cpu",bcf2be96120005e9aea171927f85055a6a5c0cf6,,
dd3d32a5bf0bad26,release,wheels.vllm.ai,0.18.0,0.18.0,main,cu129,,cp38,abi3,Linux,aarch64,manylinux_2_31_aarch64,vllm-0.18.0-cp38-abi3-manylinux_2_31_aarch64.whl,https://wheels.vllm.ai/0.18.0/cu129,https://wheels.vllm.ai/bcf2be96120005e9aea171927f85055a6a5c0cf6/vllm-0.18.0-cp38-abi3-manylinux_2_31_aarch64.whl,"uv pip install ""vllm==0.18.0"" --extra-index-url ""https://wheels.vllm.ai/0.18.0/cu129"" --torch-backend auto",bcf2be96120005e9aea171927f85055a6a5c0cf6,,
843fecc89992784d,release,wheels.vllm.ai,0.18.0,0.18.0,main,cu129,,cp38,abi3,Linux,x86_64,manylinux_2_31_x86_64,vllm-0.18.0-cp38-abi3-manylinux_2_31_x86_64.whl,https://wheels.vllm.ai/0.18.0/cu129,https://wheels.vllm.ai/bcf2be96120005e9aea171927f85055a6a5c0cf6/vllm-0.18.0-cp38-abi3-manylinux_2_31_x86_64.whl,"uv pip install ""vllm==0.18.0"" --extra-index-url ""https://wheels.vllm.ai/0.18.0/cu129"" --torch-backend auto",bcf2be96120005e9aea171927f85055a6a5c0cf6,,
b7f6ef4cd199fbf4,release,wheels.vllm.ai,0.18.0,0.18.0,main,cu130,cu130,cp38,abi3,Linux,aarch64,manylinux_2_35_aarch64,vllm-0.18.0+cu130-cp38-abi3-manylinux_2_35_aarch64.whl,https://wheels.vllm.ai/0.18.0/cu130,https://wheels.vllm.ai/bcf2be96120005e9aea171927f85055a6a5c0cf6/vllm-0.18.0%2Bcu130-cp38-abi3-manylinux_2_35_aarch64.whl,"uv pip install ""vllm==0.18.0"" --extra-index-url ""https://wheels.vllm.ai/0.18.0/cu130"" --torch-backend auto",bcf2be96120005e9aea171927f85055a6a5c0cf6,,
f989c231c2fa4e3c,release,wheels.vllm.ai,0.18.0,0.18.0,main,cu130,cu130,cp38,abi3,Linux,x86_64,manylinux_2_35_x86_64,vllm-0.18.0+cu130-cp38-abi3-manylinux_2_35_x86_64.whl,https://wheels.vllm.ai/0.18.0/cu130,https://wheels.vllm.ai/bcf2be96120005e9aea171927f85055a6a5c0cf6/vllm-0.18.0%2Bcu130-cp38-abi3-manylinux_2_35_x86_64.whl,"uv pip install ""vllm==0.18.0"" --extra-index-url ""https://wheels.vllm.ai/0.18.0/cu130"" --torch-backend auto",bcf2be96120005e9aea171927f85055a6a5c0cf6,,
185c18ae839c22b3,release,wheels.vllm.ai,0.18.0,0.18.0,main,default,,cp38,abi3,Linux,aarch64,manylinux_2_31_aarch64,vllm-0.18.0-cp38-abi3-manylinux_2_31_aarch64.whl,https://wheels.vllm.ai/0.18.0,https://wheels.vllm.ai/bcf2be96120005e9aea171927f85055a6a5c0cf6/vllm-0.18.0-cp38-abi3-manylinux_2_31_aarch64.whl,"uv pip install ""vllm==0.18.0"" --extra-index-url ""https://wheels.vllm.ai/0.18.0"" --torch-backend auto",bcf2be96120005e9aea171927f85055a6a5c0cf6,,
70e50ab24a3e8583,release,wheels.vllm.ai,0.18.0,0.18.0,main,default,,cp38,abi3,Linux,x86_64,manylinux_2_31_x86_64,vllm-0.18.0-cp38-abi3-manylinux_2_31_x86_64.whl,https://wheels.vllm.ai/0.18.0,https://wheels.vllm.ai/bcf2be96120005e9aea171927f85055a6a5c0cf6/vllm-0.18.0-cp38-abi3-manylinux_2_31_x86_64.whl,"uv pip install ""vllm==0.18.0"" --extra-index-url ""https://wheels.vllm.ai/0.18.0"" --torch-backend auto",bcf2be96120005e9aea171927f85055a6a5c0cf6,,
373df3be77980183,release,wheels.vllm.ai,0.18.0,0.18.0,rocm,rocm700,rocm700,cp312,cp312,Linux,x86_64,manylinux_2_35_x86_64,vllm-0.18.0+rocm700-cp312-cp312-manylinux_2_35_x86_64.whl,https://wheels.vllm.ai/rocm/0.18.0/rocm700,https://wheels.vllm.ai/rocm/bcf2be96120005e9aea171927f85055a6a5c0cf6/vllm-0.18.0%2Brocm700-cp312-cp312-manylinux_2_35_x86_64.whl,"uv pip install ""vllm==0.18.0"" --extra-index-url ""https://wheels.vllm.ai/rocm/0.18.0/rocm700"" --torch-backend auto",bcf2be96120005e9aea171927f85055a6a5c0cf6,,
2c699d8ba745ad76,release,github,0.17.1,0.17.1+cpu,github,cpu,cpu,cp38,abi3,Linux,aarch64,manylinux_2_35_aarch64,vllm-0.17.1+cpu-cp38-abi3-manylinux_2_35_aarch64.whl,,https://github.com/vllm-project/vllm/releases/download/v0.17.1/vllm-0.17.1%2Bcpu-cp38-abi3-manylinux_2_35_aarch64.whl,"uv pip install ""https://github.com/vllm-project/vllm/releases/download/v0.17.1/vllm-0.17.1%2Bcpu-cp38-abi3-manylinux_2_35_aarch64.whl"" --torch-backend cpu",,2026-03-11T10:24:34Z,32945580
7db899977b065760,release,github,0.17.1,0.17.1+cpu,github,cpu,cpu,cp38,abi3,Linux,x86_64,manylinux_2_35_x86_64,vllm-0.17.1+cpu-cp38-abi3-manylinux_2_35_x86_64.whl,,https://github.com/vllm-project/vllm/releases/download/v0.17.1/vllm-0.17.1%2Bcpu-cp38-abi3-manylinux_2_35_x86_64.whl,"uv pip install ""https://github.com/vllm-project/vllm/releases/download/v0.17.1/vllm-0.17.1%2Bcpu-cp38-abi3-manylinux_2_35_x86_64.whl"" --torch-backend cpu",,2026-03-11T10:24:34Z,54386342
18b86d9c015b4034,release,github,0.17.1,0.17.1+cu130,github,cu130,cu130,cp38,abi3,Linux,aarch64,manylinux_2_35_aarch64,vllm-0.17.1+cu130-cp38-abi3-manylinux_2_35_aarch64.whl,,https://github.com/vllm-project/vllm/releases/download/v0.17.1/vllm-0.17.1%2Bcu130-cp38-abi3-manylinux_2_35_aarch64.whl,"uv pip install ""https://github.com/vllm-project/vllm/releases/download/v0.17.1/vllm-0.17.1%2Bcu130-cp38-abi3-manylinux_2_35_aarch64.whl"" --torch-backend auto",,2026-03-11T10:24:34Z,213773119
fda7c6c872699161,release,github,0.17.1,0.17.1+cu130,github,cu130,cu130,cp38,abi3,Linux,x86_64,manylinux_2_35_x86_64,vllm-0.17.1+cu130-cp38-abi3-manylinux_2_35_x86_64.whl,,https://github.com/vllm-project/vllm/releases/download/v0.17.1/vllm-0.17.1%2Bcu130-cp38-abi3-manylinux_2_35_x86_64.whl,"uv pip install ""https://github.com/vllm-project/vllm/releases/download/v0.17.1/vllm-0.17.1%2Bcu130-cp38-abi3-manylinux_2_35_x86_64.whl"" --torch-backend auto",,2026-03-11T10:24:34Z,228100955
ee0ee7894fb3f264,release,github,0.17.1,0.17.1,github,default,,cp38,abi3,Linux,aarch64,manylinux_2_31_aarch64,vllm-0.17.1-cp38-abi3-manylinux_2_31_aarch64.whl,,https://github.com/vllm-project/vllm/releases/download/v0.17.1/vllm-0.17.1-cp38-abi3-manylinux_2_31_aarch64.whl,"uv pip install ""https://github.com/vllm-project/vllm/releases/download/v0.17.1/vllm-0.17.1-cp38-abi3-manylinux_2_31_aarch64.whl"" --torch-backend auto",,2026-03-11T10:24:34Z,385333057
5e9356c5083ce95b,release,github,0.17.1,0.17.1,github,default,,cp38,abi3,Linux,x86_64,manylinux_2_31_x86_64,vllm-0.17.1-cp38-abi3-manylinux_2_31_x86_64.whl,,https://github.com/vllm-project/vllm/releases/download/v0.17.1/vllm-0.17.1-cp38-abi3-manylinux_2_31_x86_64.whl,"uv pip install ""https://github.com/vllm-project/vllm/releases/download/v0.17.1/vllm-0.17.1-cp38-abi3-manylinux_2_31_x86_64.whl"" --torch-backend auto",,2026-03-11T10:24:34Z,432931666
17a57ac600c1896b,release,wheels.vllm.ai,0.17.1,0.17.1,main,cpu,cpu,cp38,abi3,Linux,aarch64,manylinux_2_35_aarch64,vllm-0.17.1+cpu-cp38-abi3-manylinux_2_35_aarch64.whl,https://wheels.vllm.ai/0.17.1/cpu,https://wheels.vllm.ai/95c0f928cdeeaa21c4906e73cee6a156e1b3b995/vllm-0.17.1%2Bcpu-cp38-abi3-manylinux_2_35_aarch64.whl,"uv pip install ""vllm==0.17.1"" --extra-index-url ""https://wheels.vllm.ai/0.17.1/cpu"" --index-strategy first-index --torch-backend cpu",95c0f928cdeeaa21c4906e73cee6a156e1b3b995,,
301274a45523b4e4,release,wheels.vllm.ai,0.17.1,0.17.1,main,cpu,cpu,cp38,abi3,Linux,x86_64,manylinux_2_35_x86_64,vllm-0.17.1+cpu-cp38-abi3-manylinux_2_35_x86_64.whl,https://wheels.vllm.ai/0.17.1/cpu,https://wheels.vllm.ai/95c0f928cdeeaa21c4906e73cee6a156e1b3b995/vllm-0.17.1%2Bcpu-cp38-abi3-manylinux_2_35_x86_64.whl,"uv pip install ""vllm==0.17.1"" --extra-index-url ""https://wheels.vllm.ai/0.17.1/cpu"" --index-strategy first-index --torch-backend cpu",95c0f928cdeeaa21c4906e73cee6a156e1b3b995,,
5f663208daf79974,release,wheels.vllm.ai,0.17.1,0.17.1,main,cu129,,cp38,abi3,Linux,aarch64,manylinux_2_31_aarch64,vllm-0.17.1-cp38-abi3-manylinux_2_31_aarch64.whl,https://wheels.vllm.ai/0.17.1/cu129,https://wheels.vllm.ai/95c0f928cdeeaa21c4906e73cee6a156e1b3b995/vllm-0.17.1-cp38-abi3-manylinux_2_31_aarch64.whl,"uv pip install ""vllm==0.17.1"" --extra-index-url ""https://wheels.vllm.ai/0.17.1/cu129"" --torch-backend auto",95c0f928cdeeaa21c4906e73cee6a156e1b3b995,,
a35d45667228bcba,release,wheels.vllm.ai,0.17.1,0.17.1,main,cu129,,cp38,abi3,Linux,x86_64,manylinux_2_31_x86_64,vllm-0.17.1-cp38-abi3-manylinux_2_31_x86_64.whl,https://wheels.vllm.ai/0.17.1/cu129,https://wheels.vllm.ai/95c0f928cdeeaa21c4906e73cee6a156e1b3b995/vllm-0.17.1-cp38-abi3-manylinux_2_31_x86_64.whl,"uv pip install ""vllm==0.17.1"" --extra-index-url ""https://wheels.vllm.ai/0.17.1/cu129"" --torch-backend auto",95c0f928cdeeaa21c4906e73cee6a156e1b3b995,,
4a9a250d9566abe8,release,wheels.vllm.ai,0.17.1,0.17.1,main,cu130,cu130,cp38,abi3,Linux,aarch64,manylinux_2_35_aarch64,vllm-0.17.1+cu130-cp38-abi3-manylinux_2_35_aarch64.whl,https://wheels.vllm.ai/0.17.1/cu130,https://wheels.vllm.ai/95c0f928cdeeaa21c4906e73cee6a156e1b3b995/vllm-0.17.1%2Bcu130-cp38-abi3-manylinux_2_35_aarch64.whl,"uv pip install ""vllm==0.17.1"" --extra-index-url ""https://wheels.vllm.ai/0.17.1/cu130"" --torch-backend auto",95c0f928cdeeaa21c4906e73cee6a156e1b3b995,,
88120612292e73b5,release,wheels.vllm.ai,0.17.1,0.17.1,main,cu130,cu130,cp38,abi3,Linux,x86_64,manylinux_2_35_x86_64,vllm-0.17.1+cu130-cp38-abi3-manylinux_2_35_x86_64.whl,https://wheels.vllm.ai/0.17.1/cu130,https://wheels.vllm.ai/95c0f928cdeeaa21c4906e73cee6a156e1b3b995/vllm-0.17.1%2Bcu130-cp38-abi3-manylinux_2_35_x86_64.whl,"uv pip install ""vllm==0.17.1"" --extra-index-url ""https://wheels.vllm.ai/0.17.1/cu130"" --torch-backend auto",95c0f928cdeeaa21c4906e73cee6a156e1b3b995,,
8a9d6e6662947a8c,release,wheels.vllm.ai,0.17.1,0.17.1,main,default,,cp38,abi3,Linux,aarch64,manylinux_2_31_aarch64,vllm-0.17.1-cp38-abi3-manylinux_2_31_aarch64.whl,https://wheels.vllm.ai/0.17.1,https://wheels.vllm.ai/95c0f928cdeeaa21c4906e73cee6a156e1b3b995/vllm-0.17.1-cp38-abi3-manylinux_2_31_aarch64.whl,"uv pip install ""vllm==0.17.1"" --extra-index-url ""https://wheels.vllm.ai/0.17.1"" --torch-backend auto",95c0f928cdeeaa21c4906e73cee6a156e1b3b995,,
308212ce5f9dc839,release,wheels.vllm.ai,0.17.1,0.17.1,main,default,,cp38,abi3,Linux,x86_64,manylinux_2_31_x86_64,vllm-0.17.1-cp38-abi3-manylinux_2_31_x86_64.whl,https://wheels.vllm.ai/0.17.1,https://wheels.vllm.ai/95c0f928cdeeaa21c4906e73cee6a156e1b3b995/vllm-0.17.1-cp38-abi3-manylinux_2_31_x86_64.whl,"uv pip install ""vllm==0.17.1"" --extra-index-url ""https://wheels.vllm.ai/0.17.1"" --torch-backend auto",95c0f928cdeeaa21c4906e73cee6a156e1b3b995,,
11566e949b25f0a2,release,wheels.vllm.ai,0.17.1,0.17.1,rocm,rocm700,rocm700,cp312,cp312,Linux,x86_64,manylinux_2_35_x86_64,vllm-0.17.1+rocm700-cp312-cp312-manylinux_2_35_x86_64.whl,https://wheels.vllm.ai/rocm/0.17.1/rocm700,https://wheels.vllm.ai/rocm/95c0f928cdeeaa21c4906e73cee6a156e1b3b995/vllm-0.17.1%2Brocm700-cp312-cp312-manylinux_2_35_x86_64.whl,"uv pip install ""vllm==0.17.1"" --extra-index-url ""https://wheels.vllm.ai/rocm/0.17.1/rocm700"" --torch-backend auto",95c0f928cdeeaa21c4906e73cee6a156e1b3b995,,
c9fcb6927a615ccd,release,github,0.17.0,0.17.0+cpu,github,cpu,cpu,cp38,abi3,Linux,aarch64,manylinux_2_35_aarch64,vllm-0.17.0+cpu-cp38-abi3-manylinux_2_35_aarch64.whl,,https://github.com/vllm-project/vllm/releases/download/v0.17.0/vllm-0.17.0%2Bcpu-cp38-abi3-manylinux_2_35_aarch64.whl,"uv pip install ""https://github.com/vllm-project/vllm/releases/download/v0.17.0/vllm-0.17.0%2Bcpu-cp38-abi3-manylinux_2_35_aarch64.whl"" --torch-backend cpu",,2026-03-07T00:46:41Z,32941923
d013346531a46e11,release,github,0.17.0,0.17.0+cpu,github,cpu,cpu,cp38,abi3,Linux,x86_64,manylinux_2_35_x86_64,vllm-0.17.0+cpu-cp38-abi3-manylinux_2_35_x86_64.whl,,https://github.com/vllm-project/vllm/releases/download/v0.17.0/vllm-0.17.0%2Bcpu-cp38-abi3-manylinux_2_35_x86_64.whl,"uv pip install ""https://github.com/vllm-project/vllm/releases/download/v0.17.0/vllm-0.17.0%2Bcpu-cp38-abi3-manylinux_2_35_x86_64.whl"" --torch-backend cpu",,2026-03-07T00:46:41Z,54382687
fd5d9b5c3280490e,release,github,0.17.0,0.17.0+cu130,github,cu130,cu130,cp38,abi3,Linux,aarch64,manylinux_2_35_aarch64,vllm-0.17.0+cu130-cp38-abi3-manylinux_2_35_aarch64.whl,,https://github.com/vllm-project/vllm/releases/download/v0.17.0/vllm-0.17.0%2Bcu130-cp38-abi3-manylinux_2_35_aarch64.whl,"uv pip install ""https://github.com/vllm-project/vllm/releases/download/v0.17.0/vllm-0.17.0%2Bcu130-cp38-abi3-manylinux_2_35_aarch64.whl"" --torch-backend auto",,2026-03-07T00:46:41Z,213769448
143ff08472389d22,release,github,0.17.0,0.17.0+cu130,github,cu130,cu130,cp38,abi3,Linux,x86_64,manylinux_2_35_x86_64,vllm-0.17.0+cu130-cp38-abi3-manylinux_2_35_x86_64.whl,,https://github.com/vllm-project/vllm/releases/download/v0.17.0/vllm-0.17.0%2Bcu130-cp38-abi3-manylinux_2_35_x86_64.whl,"uv pip install ""https://github.com/vllm-project/vllm/releases/download/v0.17.0/vllm-0.17.0%2Bcu130-cp38-abi3-manylinux_2_35_x86_64.whl"" --torch-backend auto",,2026-03-07T00:46:41Z,228095156
c8673b0242fa64a5,release,github,0.17.0,0.17.0,github,default,,cp38,abi3,Linux,aarch64,manylinux_2_31_aarch64,vllm-0.17.0-cp38-abi3-manylinux_2_31_aarch64.whl,,https://github.com/vllm-project/vllm/releases/download/v0.17.0/vllm-0.17.0-cp38-abi3-manylinux_2_31_aarch64.whl,"uv pip install ""https://github.com/vllm-project/vllm/releases/download/v0.17.0/vllm-0.17.0-cp38-abi3-manylinux_2_31_aarch64.whl"" --torch-backend auto",,2026-03-07T00:46:41Z,385329399
52a0cba1205085eb,release,github,0.17.0,0.17.0,github,default,,cp38,abi3,Linux,x86_64,manylinux_2_31_x86_64,vllm-0.17.0-cp38-abi3-manylinux_2_31_x86_64.whl,,https://github.com/vllm-project/vllm/releases/download/v0.17.0/vllm-0.17.0-cp38-abi3-manylinux_2_31_x86_64.whl,"uv pip install ""https://github.com/vllm-project/vllm/releases/download/v0.17.0/vllm-0.17.0-cp38-abi3-manylinux_2_31_x86_64.whl"" --torch-backend auto",,2026-03-07T00:46:41Z,432927988
7fb6d7582b00e060,release,wheels.vllm.ai,0.17.0,0.17.0,main,cpu,cpu,cp38,abi3,Linux,aarch64,manylinux_2_35_aarch64,vllm-0.17.0+cpu-cp38-abi3-manylinux_2_35_aarch64.whl,https://wheels.vllm.ai/0.17.0/cpu,https://wheels.vllm.ai/b31e9326a7d9394aab8c767f8ebe225c65594b60/vllm-0.17.0%2Bcpu-cp38-abi3-manylinux_2_35_aarch64.whl,"uv pip install ""vllm==0.17.0"" --extra-index-url ""https://wheels.vllm.ai/0.17.0/cpu"" --index-strategy first-index --torch-backend cpu",b31e9326a7d9394aab8c767f8ebe225c65594b60,,
4b568a3345c33f3f,release,wheels.vllm.ai,0.17.0,0.17.0,main,cpu,cpu,cp38,abi3,Linux,x86_64,manylinux_2_35_x86_64,vllm-0.17.0+cpu-cp38-abi3-manylinux_2_35_x86_64.whl,https://wheels.vllm.ai/0.17.0/cpu,https://wheels.vllm.ai/b31e9326a7d9394aab8c767f8ebe225c65594b60/vllm-0.17.0%2Bcpu-cp38-abi3-manylinux_2_35_x86_64.whl,"uv pip install ""vllm==0.17.0"" --extra-index-url ""https://wheels.vllm.ai/0.17.0/cpu"" --index-strategy first-index --torch-backend cpu",b31e9326a7d9394aab8c767f8ebe225c65594b60,,
71366719ab6eb148,release,wheels.vllm.ai,0.17.0,0.17.0rc1,main,cpu,cpu,cp38,abi3,Linux,x86_64,manylinux_2_35_x86_64,vllm-0.17.0rc1+cpu-cp38-abi3-manylinux_2_35_x86_64.whl,https://wheels.vllm.ai/0.17.0/cpu,https://wheels.vllm.ai/b31e9326a7d9394aab8c767f8ebe225c65594b60/vllm-0.17.0rc1%2Bcpu-cp38-abi3-manylinux_2_35_x86_64.whl,"uv pip install ""vllm==0.17.0"" --extra-index-url ""https://wheels.vllm.ai/0.17.0/cpu"" --index-strategy first-index --torch-backend cpu",b31e9326a7d9394aab8c767f8ebe225c65594b60,,
c9d7a8311030bfe5,release,wheels.vllm.ai,0.17.0,0.17.0,main,cu129,,cp38,abi3,Linux,aarch64,manylinux_2_31_aarch64,vllm-0.17.0-cp38-abi3-manylinux_2_31_aarch64.whl,https://wheels.vllm.ai/0.17.0/cu129,https://wheels.vllm.ai/b31e9326a7d9394aab8c767f8ebe225c65594b60/vllm-0.17.0-cp38-abi3-manylinux_2_31_aarch64.whl,"uv pip install ""vllm==0.17.0"" --extra-index-url ""https://wheels.vllm.ai/0.17.0/cu129"" --torch-backend auto",b31e9326a7d9394aab8c767f8ebe225c65594b60,,
47f5d11e2211ad73,release,wheels.vllm.ai,0.17.0,0.17.0,main,cu129,,cp38,abi3,Linux,x86_64,manylinux_2_31_x86_64,vllm-0.17.0-cp38-abi3-manylinux_2_31_x86_64.whl,https://wheels.vllm.ai/0.17.0/cu129,https://wheels.vllm.ai/b31e9326a7d9394aab8c767f8ebe225c65594b60/vllm-0.17.0-cp38-abi3-manylinux_2_31_x86_64.whl,"uv pip install ""vllm==0.17.0"" --extra-index-url ""https://wheels.vllm.ai/0.17.0/cu129"" --torch-backend auto",b31e9326a7d9394aab8c767f8ebe225c65594b60,,
08c066771cce0b30,release,wheels.vllm.ai,0.17.0,0.17.0,main,cu130,cu130,cp38,abi3,Linux,aarch64,manylinux_2_35_aarch64,vllm-0.17.0+cu130-cp38-abi3-manylinux_2_35_aarch64.whl,https://wheels.vllm.ai/0.17.0/cu130,https://wheels.vllm.ai/b31e9326a7d9394aab8c767f8ebe225c65594b60/vllm-0.17.0%2Bcu130-cp38-abi3-manylinux_2_35_aarch64.whl,"uv pip install ""vllm==0.17.0"" --extra-index-url ""https://wheels.vllm.ai/0.17.0/cu130"" --torch-backend auto",b31e9326a7d9394aab8c767f8ebe225c65594b60,,
825c10c7b462480d,release,wheels.vllm.ai,0.17.0,0.17.0,main,cu130,cu130,cp38,abi3,Linux,x86_64,manylinux_2_35_x86_64,vllm-0.17.0+cu130-cp38-abi3-manylinux_2_35_x86_64.whl,https://wheels.vllm.ai/0.17.0/cu130,https://wheels.vllm.ai/b31e9326a7d9394aab8c767f8ebe225c65594b60/vllm-0.17.0%2Bcu130-cp38-abi3-manylinux_2_35_x86_64.whl,"uv pip install ""vllm==0.17.0"" --extra-index-url ""https://wheels.vllm.ai/0.17.0/cu130"" --torch-backend auto",b31e9326a7d9394aab8c767f8ebe225c65594b60,,
a2a2c2f61392390a,release,wheels.vllm.ai,0.17.0,0.17.0,main,default,,cp38,abi3,Linux,aarch64,manylinux_2_31_aarch64,vllm-0.17.0-cp38-abi3-manylinux_2_31_aarch64.whl,https://wheels.vllm.ai/0.17.0,https://wheels.vllm.ai/b31e9326a7d9394aab8c767f8ebe225c65594b60/vllm-0.17.0-cp38-abi3-manylinux_2_31_aarch64.whl,"uv pip install ""vllm==0.17.0"" --extra-index-url ""https://wheels.vllm.ai/0.17.0"" --torch-backend auto",b31e9326a7d9394aab8c767f8ebe225c65594b60,,
9893e68095eeb8e5,release,wheels.vllm.ai,0.17.0,0.17.0,main,default,,cp38,abi3,Linux,x86_64,manylinux_2_31_x86_64,vllm-0.17.0-cp38-abi3-manylinux_2_31_x86_64.whl,https://wheels.vllm.ai/0.17.0,https://wheels.vllm.ai/b31e9326a7d9394aab8c767f8ebe225c65594b60/vllm-0.17.0-cp38-abi3-manylinux_2_31_x86_64.whl,"uv pip install ""vllm==0.17.0"" --extra-index-url ""https://wheels.vllm.ai/0.17.0"" --torch-backend auto",b31e9326a7d9394aab8c767f8ebe225c65594b60,,
6a639ae91126a1e0,release,wheels.vllm.ai,0.17.0,0.17.0,rocm,rocm700,rocm700,cp312,cp312,Linux,x86_64,manylinux_2_35_x86_64,vllm-0.17.0+rocm700-cp312-cp312-manylinux_2_35_x86_64.whl,https://wheels.vllm.ai/rocm/0.17.0/rocm700,https://wheels.vllm.ai/rocm/b31e9326a7d9394aab8c767f8ebe225c65594b60/vllm-0.17.0%2Brocm700-cp312-cp312-manylinux_2_35_x86_64.whl,"uv pip install ""vllm==0.17.0"" --extra-index-url ""https://wheels.vllm.ai/rocm/0.17.0/rocm700"" --torch-backend auto",b31e9326a7d9394aab8c767f8ebe225c65594b60,,
e5e73cbd0d143a1d,release,github,0.16.0,0.16.0+cpu,github,cpu,cpu,cp38,abi3,Linux,aarch64,manylinux_2_35_aarch64,vllm-0.16.0+cpu-cp38-abi3-manylinux_2_35_aarch64.whl,,https://github.com/vllm-project/vllm/releases/download/v0.16.0/vllm-0.16.0%2Bcpu-cp38-abi3-manylinux_2_35_aarch64.whl,"uv pip install ""https://github.com/vllm-project/vllm/releases/download/v0.16.0/vllm-0.16.0%2Bcpu-cp38-abi3-manylinux_2_35_aarch64.whl"" --torch-backend cpu",,2026-02-25T19:58:49Z,32564365
f36e03d3b791e264,release,github,0.16.0,0.16.0+cpu,github,cpu,cpu,cp38,abi3,Linux,x86_64,manylinux_2_35_x86_64,vllm-0.16.0+cpu-cp38-abi3-manylinux_2_35_x86_64.whl,,https://github.com/vllm-project/vllm/releases/download/v0.16.0/vllm-0.16.0%2Bcpu-cp38-abi3-manylinux_2_35_x86_64.whl,"uv pip install ""https://github.com/vllm-project/vllm/releases/download/v0.16.0/vllm-0.16.0%2Bcpu-cp38-abi3-manylinux_2_35_x86_64.whl"" --torch-backend cpu",,2026-02-25T19:58:49Z,34396253
2976f4abfb066824,release,github,0.16.0,0.16.0+cu130,github,cu130,cu130,cp38,abi3,Linux,aarch64,manylinux_2_35_aarch64,vllm-0.16.0+cu130-cp38-abi3-manylinux_2_35_aarch64.whl,,https://github.com/vllm-project/vllm/releases/download/v0.16.0/vllm-0.16.0%2Bcu130-cp38-abi3-manylinux_2_35_aarch64.whl,"uv pip install ""https://github.com/vllm-project/vllm/releases/download/v0.16.0/vllm-0.16.0%2Bcu130-cp38-abi3-manylinux_2_35_aarch64.whl"" --torch-backend auto",,2026-02-25T19:58:49Z,265448018
9c0cbd5b3a7dab44,release,github,0.16.0,0.16.0+cu130,github,cu130,cu130,cp38,abi3,Linux,x86_64,manylinux_2_35_x86_64,vllm-0.16.0+cu130-cp38-abi3-manylinux_2_35_x86_64.whl,,https://github.com/vllm-project/vllm/releases/download/v0.16.0/vllm-0.16.0%2Bcu130-cp38-abi3-manylinux_2_35_x86_64.whl,"uv pip install ""https://github.com/vllm-project/vllm/releases/download/v0.16.0/vllm-0.16.0%2Bcu130-cp38-abi3-manylinux_2_35_x86_64.whl"" --torch-backend auto",,2026-02-25T19:58:49Z,280962334
0b062660fdcb4632,release,github,0.16.0,0.16.0,github,default,,cp38,abi3,Linux,aarch64,manylinux_2_31_aarch64,vllm-0.16.0-cp38-abi3-manylinux_2_31_aarch64.whl,,https://github.com/vllm-project/vllm/releases/download/v0.16.0/vllm-0.16.0-cp38-abi3-manylinux_2_31_aarch64.whl,"uv pip install ""https://github.com/vllm-project/vllm/releases/download/v0.16.0/vllm-0.16.0-cp38-abi3-manylinux_2_31_aarch64.whl"" --torch-backend auto",,2026-02-25T19:58:49Z,460494130
ca6c14c9ca50db09,release,github,0.16.0,0.16.0,github,default,,cp38,abi3,Linux,x86_64,manylinux_2_31_x86_64,vllm-0.16.0-cp38-abi3-manylinux_2_31_x86_64.whl,,https://github.com/vllm-project/vllm/releases/download/v0.16.0/vllm-0.16.0-cp38-abi3-manylinux_2_31_x86_64.whl,"uv pip install ""https://github.com/vllm-project/vllm/releases/download/v0.16.0/vllm-0.16.0-cp38-abi3-manylinux_2_31_x86_64.whl"" --torch-backend auto",,2026-02-25T19:58:49Z,508337437
07310136bf4b3e9b,release,wheels.vllm.ai,0.16.0,0.16.0,main,cpu,cpu,cp38,abi3,Linux,aarch64,manylinux_2_35_aarch64,vllm-0.16.0+cpu-cp38-abi3-manylinux_2_35_aarch64.whl,https://wheels.vllm.ai/0.16.0/cpu,https://wheels.vllm.ai/89a77b10846fd96273cce78d86d2556ea582d26e/vllm-0.16.0%2Bcpu-cp38-abi3-manylinux_2_35_aarch64.whl,"uv pip install ""vllm==0.16.0"" --extra-index-url ""https://wheels.vllm.ai/0.16.0/cpu"" --index-strategy first-index --torch-backend cpu",89a77b10846fd96273cce78d86d2556ea582d26e,,
11d69239edb8caf1,release,wheels.vllm.ai,0.16.0,0.16.0,main,cpu,cpu,cp38,abi3,Linux,x86_64,manylinux_2_35_x86_64,vllm-0.16.0+cpu-cp38-abi3-manylinux_2_35_x86_64.whl,https://wheels.vllm.ai/0.16.0/cpu,https://wheels.vllm.ai/89a77b10846fd96273cce78d86d2556ea582d26e/vllm-0.16.0%2Bcpu-cp38-abi3-manylinux_2_35_x86_64.whl,"uv pip install ""vllm==0.16.0"" --extra-index-url ""https://wheels.vllm.ai/0.16.0/cpu"" --index-strategy first-index --torch-backend cpu",89a77b10846fd96273cce78d86d2556ea582d26e,,
a789046c9a235704,release,wheels.vllm.ai,0.16.0,0.16.0,main,cu129,,cp38,abi3,Linux,aarch64,manylinux_2_31_aarch64,vllm-0.16.0-cp38-abi3-manylinux_2_31_aarch64.whl,https://wheels.vllm.ai/0.16.0/cu129,https://wheels.vllm.ai/89a77b10846fd96273cce78d86d2556ea582d26e/vllm-0.16.0-cp38-abi3-manylinux_2_31_aarch64.whl,"uv pip install ""vllm==0.16.0"" --extra-index-url ""https://wheels.vllm.ai/0.16.0/cu129"" --torch-backend auto",89a77b10846fd96273cce78d86d2556ea582d26e,,
a9a9975915a8aadc,release,wheels.vllm.ai,0.16.0,0.16.0,main,cu129,,cp38,abi3,Linux,x86_64,manylinux_2_31_x86_64,vllm-0.16.0-cp38-abi3-manylinux_2_31_x86_64.whl,https://wheels.vllm.ai/0.16.0/cu129,https://wheels.vllm.ai/89a77b10846fd96273cce78d86d2556ea582d26e/vllm-0.16.0-cp38-abi3-manylinux_2_31_x86_64.whl,"uv pip install ""vllm==0.16.0"" --extra-index-url ""https://wheels.vllm.ai/0.16.0/cu129"" --torch-backend auto",89a77b10846fd96273cce78d86d2556ea582d26e,,
6eaee13456bbc595,release,wheels.vllm.ai,0.16.0,0.16.0,main,cu130,cu130,cp38,abi3,Linux,aarch64,manylinux_2_35_aarch64,vllm-0.16.0+cu130-cp38-abi3-manylinux_2_35_aarch64.whl,https://wheels.vllm.ai/0.16.0/cu130,https://wheels.vllm.ai/89a77b10846fd96273cce78d86d2556ea582d26e/vllm-0.16.0%2Bcu130-cp38-abi3-manylinux_2_35_aarch64.whl,"uv pip install ""vllm==0.16.0"" --extra-index-url ""https://wheels.vllm.ai/0.16.0/cu130"" --torch-backend auto",89a77b10846fd96273cce78d86d2556ea582d26e,,
d66fdc6ed4d67aaf,release,wheels.vllm.ai,0.16.0,0.16.0,main,cu130,cu130,cp38,abi3,Linux,x86_64,manylinux_2_35_x86_64,vllm-0.16.0+cu130-cp38-abi3-manylinux_2_35_x86_64.whl,https://wheels.vllm.ai/0.16.0/cu130,https://wheels.vllm.ai/89a77b10846fd96273cce78d86d2556ea582d26e/vllm-0.16.0%2Bcu130-cp38-abi3-manylinux_2_35_x86_64.whl,"uv pip install ""vllm==0.16.0"" --extra-index-url ""https://wheels.vllm.ai/0.16.0/cu130"" --torch-backend auto",89a77b10846fd96273cce78d86d2556ea582d26e,,
58db3846bb30a866,release,wheels.vllm.ai,0.16.0,0.16.0,main,default,,cp38,abi3,Linux,aarch64,manylinux_2_31_aarch64,vllm-0.16.0-cp38-abi3-manylinux_2_31_aarch64.whl,https://wheels.vllm.ai/0.16.0,https://wheels.vllm.ai/89a77b10846fd96273cce78d86d2556ea582d26e/vllm-0.16.0-cp38-abi3-manylinux_2_31_aarch64.whl,"uv pip install ""vllm==0.16.0"" --extra-index-url ""https://wheels.vllm.ai/0.16.0"" --torch-backend auto",89a77b10846fd96273cce78d86d2556ea582d26e,,
0e79c584ec54e19c,release,wheels.vllm.ai,0.16.0,0.16.0,main,default,,cp38,abi3,Linux,x86_64,manylinux_2_31_x86_64,vllm-0.16.0-cp38-abi3-manylinux_2_31_x86_64.whl,https://wheels.vllm.ai/0.16.0,https://wheels.vllm.ai/89a77b10846fd96273cce78d86d2556ea582d26e/vllm-0.16.0-cp38-abi3-manylinux_2_31_x86_64.whl,"uv pip install ""vllm==0.16.0"" --extra-index-url ""https://wheels.vllm.ai/0.16.0"" --torch-backend auto",89a77b10846fd96273cce78d86d2556ea582d26e,,
41c822dfea879333,release,wheels.vllm.ai,0.16.0,0.16.0,rocm,rocm700,rocm700,cp312,cp312,Linux,x86_64,manylinux_2_35_x86_64,vllm-0.16.0+rocm700-cp312-cp312-manylinux_2_35_x86_64.whl,https://wheels.vllm.ai/rocm/0.16.0/rocm700,https://wheels.vllm.ai/rocm/89a77b10846fd96273cce78d86d2556ea582d26e/vllm-0.16.0%2Brocm700-cp312-cp312-manylinux_2_35_x86_64.whl,"uv pip install ""vllm==0.16.0"" --extra-index-url ""https://wheels.vllm.ai/rocm/0.16.0/rocm700"" --torch-backend auto",89a77b10846fd96273cce78d86d2556ea582d26e,,
521665620b4bd539,release,github,0.15.1,0.15.1+cpu,github,cpu,cpu,cp38,abi3,Linux,aarch64,manylinux_2_35_aarch64,vllm-0.15.1+cpu-cp38-abi3-manylinux_2_35_aarch64.whl,,https://github.com/vllm-project/vllm/releases/download/v0.15.1/vllm-0.15.1%2Bcpu-cp38-abi3-manylinux_2_35_aarch64.whl,"uv pip install ""https://github.com/vllm-project/vllm/releases/download/v0.15.1/vllm-0.15.1%2Bcpu-cp38-abi3-manylinux_2_35_aarch64.whl"" --torch-backend cpu",,2026-02-04T20:48:08Z,30951900
08cf91fa9ec7ea4a,release,github,0.15.1,0.15.1+cpu,github,cpu,cpu,cp38,abi3,Linux,x86_64,manylinux_2_35_x86_64,vllm-0.15.1+cpu-cp38-abi3-manylinux_2_35_x86_64.whl,,https://github.com/vllm-project/vllm/releases/download/v0.15.1/vllm-0.15.1%2Bcpu-cp38-abi3-manylinux_2_35_x86_64.whl,"uv pip install ""https://github.com/vllm-project/vllm/releases/download/v0.15.1/vllm-0.15.1%2Bcpu-cp38-abi3-manylinux_2_35_x86_64.whl"" --torch-backend cpu",,2026-02-04T20:48:08Z,34542588
4661701e1c4d1188,release,github,0.15.1,0.15.1+cu130,github,cu130,cu130,cp38,abi3,Linux,aarch64,manylinux_2_35_aarch64,vllm-0.15.1+cu130-cp38-abi3-manylinux_2_35_aarch64.whl,,https://github.com/vllm-project/vllm/releases/download/v0.15.1/vllm-0.15.1%2Bcu130-cp38-abi3-manylinux_2_35_aarch64.whl,"uv pip install ""https://github.com/vllm-project/vllm/releases/download/v0.15.1/vllm-0.15.1%2Bcu130-cp38-abi3-manylinux_2_35_aarch64.whl"" --torch-backend auto",,2026-02-04T20:48:08Z,265822577
d86f0280f1dae2da,release,github,0.15.1,0.15.1+cu130,github,cu130,cu130,cp38,abi3,Linux,x86_64,manylinux_2_35_x86_64,vllm-0.15.1+cu130-cp38-abi3-manylinux_2_35_x86_64.whl,,https://github.com/vllm-project/vllm/releases/download/v0.15.1/vllm-0.15.1%2Bcu130-cp38-abi3-manylinux_2_35_x86_64.whl,"uv pip install ""https://github.com/vllm-project/vllm/releases/download/v0.15.1/vllm-0.15.1%2Bcu130-cp38-abi3-manylinux_2_35_x86_64.whl"" --torch-backend auto",,2026-02-04T20:48:08Z,281337829
cb46ca132ec5af8f,release,github,0.15.1,0.15.1,github,default,,cp38,abi3,Linux,aarch64,manylinux_2_31_aarch64,vllm-0.15.1-cp38-abi3-manylinux_2_31_aarch64.whl,,https://github.com/vllm-project/vllm/releases/download/v0.15.1/vllm-0.15.1-cp38-abi3-manylinux_2_31_aarch64.whl,"uv pip install ""https://github.com/vllm-project/vllm/releases/download/v0.15.1/vllm-0.15.1-cp38-abi3-manylinux_2_31_aarch64.whl"" --torch-backend auto",,2026-02-04T20:48:08Z,461362624
ab1b399a411f9089,release,github,0.15.1,0.15.1,github,default,,cp38,abi3,Linux,x86_64,manylinux_2_31_x86_64,vllm-0.15.1-cp38-abi3-manylinux_2_31_x86_64.whl,,https://github.com/vllm-project/vllm/releases/download/v0.15.1/vllm-0.15.1-cp38-abi3-manylinux_2_31_x86_64.whl,"uv pip install ""https://github.com/vllm-project/vllm/releases/download/v0.15.1/vllm-0.15.1-cp38-abi3-manylinux_2_31_x86_64.whl"" --torch-backend auto",,2026-02-04T20:48:08Z,509219874
970f2a4c96b84696,release,wheels.vllm.ai,0.15.1,0.15.1,main,cpu,cpu,cp38,abi3,Linux,aarch64,manylinux_2_35_aarch64,vllm-0.15.1+cpu-cp38-abi3-manylinux_2_35_aarch64.whl,https://wheels.vllm.ai/0.15.1/cpu,https://wheels.vllm.ai/1892993bc18e243e2c05841314c5e9c06a80c70d/vllm-0.15.1%2Bcpu-cp38-abi3-manylinux_2_35_aarch64.whl,"uv pip install ""vllm==0.15.1"" --extra-index-url ""https://wheels.vllm.ai/0.15.1/cpu"" --index-strategy first-index --torch-backend cpu",1892993bc18e243e2c05841314c5e9c06a80c70d,,
397d6057335e08c8,release,wheels.vllm.ai,0.15.1,0.15.1,main,cpu,cpu,cp38,abi3,Linux,x86_64,manylinux_2_35_x86_64,vllm-0.15.1+cpu-cp38-abi3-manylinux_2_35_x86_64.whl,https://wheels.vllm.ai/0.15.1/cpu,https://wheels.vllm.ai/1892993bc18e243e2c05841314c5e9c06a80c70d/vllm-0.15.1%2Bcpu-cp38-abi3-manylinux_2_35_x86_64.whl,"uv pip install ""vllm==0.15.1"" --extra-index-url ""https://wheels.vllm.ai/0.15.1/cpu"" --index-strategy first-index --torch-backend cpu",1892993bc18e243e2c05841314c5e9c06a80c70d,,
620f19bd3325245c,release,wheels.vllm.ai,0.15.1,0.15.1,main,cu129,,cp38,abi3,Linux,aarch64,manylinux_2_31_aarch64,vllm-0.15.1-cp38-abi3-manylinux_2_31_aarch64.whl,https://wheels.vllm.ai/0.15.1/cu129,https://wheels.vllm.ai/1892993bc18e243e2c05841314c5e9c06a80c70d/vllm-0.15.1-cp38-abi3-manylinux_2_31_aarch64.whl,"uv pip install ""vllm==0.15.1"" --extra-index-url ""https://wheels.vllm.ai/0.15.1/cu129"" --torch-backend auto",1892993bc18e243e2c05841314c5e9c06a80c70d,,
3bbf2b4d79ae7d0e,release,wheels.vllm.ai,0.15.1,0.15.1,main,cu129,,cp38,abi3,Linux,x86_64,manylinux_2_31_x86_64,vllm-0.15.1-cp38-abi3-manylinux_2_31_x86_64.whl,https://wheels.vllm.ai/0.15.1/cu129,https://wheels.vllm.ai/1892993bc18e243e2c05841314c5e9c06a80c70d/vllm-0.15.1-cp38-abi3-manylinux_2_31_x86_64.whl,"uv pip install ""vllm==0.15.1"" --extra-index-url ""https://wheels.vllm.ai/0.15.1/cu129"" --torch-backend auto",1892993bc18e243e2c05841314c5e9c06a80c70d,,
941c7f3c2058f023,release,wheels.vllm.ai,0.15.1,0.15.1,main,cu130,cu130,cp38,abi3,Linux,aarch64,manylinux_2_35_aarch64,vllm-0.15.1+cu130-cp38-abi3-manylinux_2_35_aarch64.whl,https://wheels.vllm.ai/0.15.1/cu130,https://wheels.vllm.ai/1892993bc18e243e2c05841314c5e9c06a80c70d/vllm-0.15.1%2Bcu130-cp38-abi3-manylinux_2_35_aarch64.whl,"uv pip install ""vllm==0.15.1"" --extra-index-url ""https://wheels.vllm.ai/0.15.1/cu130"" --torch-backend auto",1892993bc18e243e2c05841314c5e9c06a80c70d,,
83d2796466ba0349,release,wheels.vllm.ai,0.15.1,0.15.1,main,cu130,cu130,cp38,abi3,Linux,x86_64,manylinux_2_35_x86_64,vllm-0.15.1+cu130-cp38-abi3-manylinux_2_35_x86_64.whl,https://wheels.vllm.ai/0.15.1/cu130,https://wheels.vllm.ai/1892993bc18e243e2c05841314c5e9c06a80c70d/vllm-0.15.1%2Bcu130-cp38-abi3-manylinux_2_35_x86_64.whl,"uv pip install ""vllm==0.15.1"" --extra-index-url ""https://wheels.vllm.ai/0.15.1/cu130"" --torch-backend auto",1892993bc18e243e2c05841314c5e9c06a80c70d,,
bbaa9ce823df06c2,release,wheels.vllm.ai,0.15.1,0.15.1,main,default,,cp38,abi3,Linux,aarch64,manylinux_2_31_aarch64,vllm-0.15.1-cp38-abi3-manylinux_2_31_aarch64.whl,https://wheels.vllm.ai/0.15.1,https://wheels.vllm.ai/1892993bc18e243e2c05841314c5e9c06a80c70d/vllm-0.15.1-cp38-abi3-manylinux_2_31_aarch64.whl,"uv pip install ""vllm==0.15.1"" --extra-index-url ""https://wheels.vllm.ai/0.15.1"" --torch-backend auto",1892993bc18e243e2c05841314c5e9c06a80c70d,,
6358f301b9a5be63,release,wheels.vllm.ai,0.15.1,0.15.1,main,default,,cp38,abi3,Linux,x86_64,manylinux_2_31_x86_64,vllm-0.15.1-cp38-abi3-manylinux_2_31_x86_64.whl,https://wheels.vllm.ai/0.15.1,https://wheels.vllm.ai/1892993bc18e243e2c05841314c5e9c06a80c70d/vllm-0.15.1-cp38-abi3-manylinux_2_31_x86_64.whl,"uv pip install ""vllm==0.15.1"" --extra-index-url ""https://wheels.vllm.ai/0.15.1"" --torch-backend auto",1892993bc18e243e2c05841314c5e9c06a80c70d,,
80d6589598188941,release,wheels.vllm.ai,0.15.1,0.15.1,rocm,rocm700,rocm700,cp312,cp312,Linux,x86_64,manylinux_2_35_x86_64,vllm-0.15.1+rocm700-cp312-cp312-manylinux_2_35_x86_64.whl,https://wheels.vllm.ai/rocm/0.15.1/rocm700,https://wheels.vllm.ai/rocm/1892993bc18e243e2c05841314c5e9c06a80c70d/vllm-0.15.1%2Brocm700-cp312-cp312-manylinux_2_35_x86_64.whl,"uv pip install ""vllm==0.15.1"" --extra-index-url ""https://wheels.vllm.ai/rocm/0.15.1/rocm700"" --torch-backend auto",1892993bc18e243e2c05841314c5e9c06a80c70d,,
5df77d7b4acf8410,release,github,0.15.0,0.15.0+cpu,github,cpu,cpu,cp38,abi3,Linux,aarch64,manylinux_2_35_aarch64,vllm-0.15.0+cpu-cp38-abi3-manylinux_2_35_aarch64.whl,,https://github.com/vllm-project/vllm/releases/download/v0.15.0/vllm-0.15.0%2Bcpu-cp38-abi3-manylinux_2_35_aarch64.whl,"uv pip install ""https://github.com/vllm-project/vllm/releases/download/v0.15.0/vllm-0.15.0%2Bcpu-cp38-abi3-manylinux_2_35_aarch64.whl"" --torch-backend cpu",,2026-01-29T10:21:01Z,30926362
3598c2f0aefe7cea,release,github,0.15.0,0.15.0+cpu,github,cpu,cpu,cp38,abi3,Linux,x86_64,manylinux_2_35_x86_64,vllm-0.15.0+cpu-cp38-abi3-manylinux_2_35_x86_64.whl,,https://github.com/vllm-project/vllm/releases/download/v0.15.0/vllm-0.15.0%2Bcpu-cp38-abi3-manylinux_2_35_x86_64.whl,"uv pip install ""https://github.com/vllm-project/vllm/releases/download/v0.15.0/vllm-0.15.0%2Bcpu-cp38-abi3-manylinux_2_35_x86_64.whl"" --torch-backend cpu",,2026-01-29T10:21:01Z,34516852
d49339ff04ba20b4,release,github,0.15.0,0.15.0+cu130,github,cu130,cu130,cp38,abi3,Linux,aarch64,manylinux_2_35_aarch64,vllm-0.15.0+cu130-cp38-abi3-manylinux_2_35_aarch64.whl,,https://github.com/vllm-project/vllm/releases/download/v0.15.0/vllm-0.15.0%2Bcu130-cp38-abi3-manylinux_2_35_aarch64.whl,"uv pip install ""https://github.com/vllm-project/vllm/releases/download/v0.15.0/vllm-0.15.0%2Bcu130-cp38-abi3-manylinux_2_35_aarch64.whl"" --torch-backend auto",,2026-01-29T10:21:01Z,265797024
4123e9e6243b2393,release,github,0.15.0,0.15.0+cu130,github,cu130,cu130,cp38,abi3,Linux,x86_64,manylinux_2_35_x86_64,vllm-0.15.0+cu130-cp38-abi3-manylinux_2_35_x86_64.whl,,https://github.com/vllm-project/vllm/releases/download/v0.15.0/vllm-0.15.0%2Bcu130-cp38-abi3-manylinux_2_35_x86_64.whl,"uv pip install ""https://github.com/vllm-project/vllm/releases/download/v0.15.0/vllm-0.15.0%2Bcu130-cp38-abi3-manylinux_2_35_x86_64.whl"" --torch-backend auto",,2026-01-29T10:21:01Z,281312277
579c3cd5ce4da6fc,release,github,0.15.0,0.15.0,github,default,,cp38,abi3,Linux,aarch64,manylinux_2_31_aarch64,vllm-0.15.0-cp38-abi3-manylinux_2_31_aarch64.whl,,https://github.com/vllm-project/vllm/releases/download/v0.15.0/vllm-0.15.0-cp38-abi3-manylinux_2_31_aarch64.whl,"uv pip install ""https://github.com/vllm-project/vllm/releases/download/v0.15.0/vllm-0.15.0-cp38-abi3-manylinux_2_31_aarch64.whl"" --torch-backend auto",,2026-01-29T10:21:01Z,461337080
b146f4a29567aabb,release,github,0.15.0,0.15.0,github,default,,cp38,abi3,Linux,x86_64,manylinux_2_31_x86_64,vllm-0.15.0-cp38-abi3-manylinux_2_31_x86_64.whl,,https://github.com/vllm-project/vllm/releases/download/v0.15.0/vllm-0.15.0-cp38-abi3-manylinux_2_31_x86_64.whl,"uv pip install ""https://github.com/vllm-project/vllm/releases/download/v0.15.0/vllm-0.15.0-cp38-abi3-manylinux_2_31_x86_64.whl"" --torch-backend auto",,2026-01-29T10:21:01Z,509194343
7f1c4ebc2e55eb92,release,wheels.vllm.ai,0.15.0,0.15.0,main,cpu,cpu,cp38,abi3,Linux,aarch64,manylinux_2_35_aarch64,vllm-0.15.0+cpu-cp38-abi3-manylinux_2_35_aarch64.whl,https://wheels.vllm.ai/0.15.0/cpu,https://wheels.vllm.ai/f176443446f659dbab5315e056e605d8984fd976/vllm-0.15.0%2Bcpu-cp38-abi3-manylinux_2_35_aarch64.whl,"uv pip install ""vllm==0.15.0"" --extra-index-url ""https://wheels.vllm.ai/0.15.0/cpu"" --index-strategy first-index --torch-backend cpu",f176443446f659dbab5315e056e605d8984fd976,,
cea7f6f71a50bb56,release,wheels.vllm.ai,0.15.0,0.15.0,main,cpu,cpu,cp38,abi3,Linux,x86_64,manylinux_2_35_x86_64,vllm-0.15.0+cpu-cp38-abi3-manylinux_2_35_x86_64.whl,https://wheels.vllm.ai/0.15.0/cpu,https://wheels.vllm.ai/f176443446f659dbab5315e056e605d8984fd976/vllm-0.15.0%2Bcpu-cp38-abi3-manylinux_2_35_x86_64.whl,"uv pip install ""vllm==0.15.0"" --extra-index-url ""https://wheels.vllm.ai/0.15.0/cpu"" --index-strategy first-index --torch-backend cpu",f176443446f659dbab5315e056e605d8984fd976,,
59ef6a6e5b675470,release,wheels.vllm.ai,0.15.0,0.15.0,main,cu129,,cp38,abi3,Linux,aarch64,manylinux_2_31_aarch64,vllm-0.15.0-cp38-abi3-manylinux_2_31_aarch64.whl,https://wheels.vllm.ai/0.15.0/cu129,https://wheels.vllm.ai/f176443446f659dbab5315e056e605d8984fd976/vllm-0.15.0-cp38-abi3-manylinux_2_31_aarch64.whl,"uv pip install ""vllm==0.15.0"" --extra-index-url ""https://wheels.vllm.ai/0.15.0/cu129"" --torch-backend auto",f176443446f659dbab5315e056e605d8984fd976,,
fd378bc46ca648f2,release,wheels.vllm.ai,0.15.0,0.15.0,main,cu129,,cp38,abi3,Linux,x86_64,manylinux_2_31_x86_64,vllm-0.15.0-cp38-abi3-manylinux_2_31_x86_64.whl,https://wheels.vllm.ai/0.15.0/cu129,https://wheels.vllm.ai/f176443446f659dbab5315e056e605d8984fd976/vllm-0.15.0-cp38-abi3-manylinux_2_31_x86_64.whl,"uv pip install ""vllm==0.15.0"" --extra-index-url ""https://wheels.vllm.ai/0.15.0/cu129"" --torch-backend auto",f176443446f659dbab5315e056e605d8984fd976,,
7ef02140ba8315ea,release,wheels.vllm.ai,0.15.0,0.15.0,main,cu130,cu130,cp38,abi3,Linux,aarch64,manylinux_2_35_aarch64,vllm-0.15.0+cu130-cp38-abi3-manylinux_2_35_aarch64.whl,https://wheels.vllm.ai/0.15.0/cu130,https://wheels.vllm.ai/f176443446f659dbab5315e056e605d8984fd976/vllm-0.15.0%2Bcu130-cp38-abi3-manylinux_2_35_aarch64.whl,"uv pip install ""vllm==0.15.0"" --extra-index-url ""https://wheels.vllm.ai/0.15.0/cu130"" --torch-backend auto",f176443446f659dbab5315e056e605d8984fd976,,
c1da582ed55398fc,release,wheels.vllm.ai,0.15.0,0.15.0,main,cu130,cu130,cp38,abi3,Linux,x86_64,manylinux_2_35_x86_64,vllm-0.15.0+cu130-cp38-abi3-manylinux_2_35_x86_64.whl,https://wheels.vllm.ai/0.15.0/cu130,https://wheels.vllm.ai/f176443446f659dbab5315e056e605d8984fd976/vllm-0.15.0%2Bcu130-cp38-abi3-manylinux_2_35_x86_64.whl,"uv pip install ""vllm==0.15.0"" --extra-index-url ""https://wheels.vllm.ai/0.15.0/cu130"" --torch-backend auto",f176443446f659dbab5315e056e605d8984fd976,,
de7f37109cd98596,release,wheels.vllm.ai,0.15.0,0.15.0,main,default,,cp38,abi3,Linux,aarch64,manylinux_2_31_aarch64,vllm-0.15.0-cp38-abi3-manylinux_2_31_aarch64.whl,https://wheels.vllm.ai/0.15.0,https://wheels.vllm.ai/f176443446f659dbab5315e056e605d8984fd976/vllm-0.15.0-cp38-abi3-manylinux_2_31_aarch64.whl,"uv pip install ""vllm==0.15.0"" --extra-index-url ""https://wheels.vllm.ai/0.15.0"" --torch-backend auto",f176443446f659dbab5315e056e605d8984fd976,,
868b15549218cb88,release,wheels.vllm.ai,0.15.0,0.15.0,main,default,,cp38,abi3,Linux,x86_64,manylinux_2_31_x86_64,vllm-0.15.0-cp38-abi3-manylinux_2_31_x86_64.whl,https://wheels.vllm.ai/0.15.0,https://wheels.vllm.ai/f176443446f659dbab5315e056e605d8984fd976/vllm-0.15.0-cp38-abi3-manylinux_2_31_x86_64.whl,"uv pip install ""vllm==0.15.0"" --extra-index-url ""https://wheels.vllm.ai/0.15.0"" --torch-backend auto",f176443446f659dbab5315e056e605d8984fd976,,
6c93e296a8e3942c,release,wheels.vllm.ai,0.15.0,0.15.0,rocm,rocm700,rocm700,cp312,cp312,Linux,x86_64,manylinux_2_35_x86_64,vllm-0.15.0+rocm700-cp312-cp312-manylinux_2_35_x86_64.whl,https://wheels.vllm.ai/rocm/0.15.0/rocm700,https://wheels.vllm.ai/rocm/f176443446f659dbab5315e056e605d8984fd976/vllm-0.15.0%2Brocm700-cp312-cp312-manylinux_2_35_x86_64.whl,"uv pip install ""vllm==0.15.0"" --extra-index-url ""https://wheels.vllm.ai/rocm/0.15.0/rocm700"" --torch-backend auto",f176443446f659dbab5315e056e605d8984fd976,,
574b88f6f428a6ed,release,github,0.14.1,0.14.1+cpu,github,cpu,cpu,cp38,abi3,Linux,aarch64,manylinux_2_35_aarch64,vllm-0.14.1+cpu-cp38-abi3-manylinux_2_35_aarch64.whl,,https://github.com/vllm-project/vllm/releases/download/v0.14.1/vllm-0.14.1%2Bcpu-cp38-abi3-manylinux_2_35_aarch64.whl,"uv pip install ""https://github.com/vllm-project/vllm/releases/download/v0.14.1/vllm-0.14.1%2Bcpu-cp38-abi3-manylinux_2_35_aarch64.whl"" --torch-backend cpu",,2026-01-24T20:29:27Z,29036749
76b3de0d7c2c840e,release,github,0.14.1,0.14.1+cpu,github,cpu,cpu,cp38,abi3,Linux,x86_64,manylinux_2_35_x86_64,vllm-0.14.1+cpu-cp38-abi3-manylinux_2_35_x86_64.whl,,https://github.com/vllm-project/vllm/releases/download/v0.14.1/vllm-0.14.1%2Bcpu-cp38-abi3-manylinux_2_35_x86_64.whl,"uv pip install ""https://github.com/vllm-project/vllm/releases/download/v0.14.1/vllm-0.14.1%2Bcpu-cp38-abi3-manylinux_2_35_x86_64.whl"" --torch-backend cpu",,2026-01-24T20:29:27Z,34314254
a04bcfe21824f84d,release,github,0.14.1,0.14.1+cu130,github,cu130,cu130,cp38,abi3,Linux,aarch64,manylinux_2_35_aarch64,vllm-0.14.1+cu130-cp38-abi3-manylinux_2_35_aarch64.whl,,https://github.com/vllm-project/vllm/releases/download/v0.14.1/vllm-0.14.1%2Bcu130-cp38-abi3-manylinux_2_35_aarch64.whl,"uv pip install ""https://github.com/vllm-project/vllm/releases/download/v0.14.1/vllm-0.14.1%2Bcu130-cp38-abi3-manylinux_2_35_aarch64.whl"" --torch-backend auto",,2026-01-24T20:29:27Z,259756884
595d49d4cb8bdd45,release,github,0.14.1,0.14.1+cu130,github,cu130,cu130,cp38,abi3,Linux,x86_64,manylinux_2_35_x86_64,vllm-0.14.1+cu130-cp38-abi3-manylinux_2_35_x86_64.whl,,https://github.com/vllm-project/vllm/releases/download/v0.14.1/vllm-0.14.1%2Bcu130-cp38-abi3-manylinux_2_35_x86_64.whl,"uv pip install ""https://github.com/vllm-project/vllm/releases/download/v0.14.1/vllm-0.14.1%2Bcu130-cp38-abi3-manylinux_2_35_x86_64.whl"" --torch-backend auto",,2026-01-24T20:29:27Z,274641608
4bcb1c7c98a37a88,release,github,0.14.1,0.14.1,github,default,,cp38,abi3,Linux,aarch64,manylinux_2_31_aarch64,vllm-0.14.1-cp38-abi3-manylinux_2_31_aarch64.whl,,https://github.com/vllm-project/vllm/releases/download/v0.14.1/vllm-0.14.1-cp38-abi3-manylinux_2_31_aarch64.whl,"uv pip install ""https://github.com/vllm-project/vllm/releases/download/v0.14.1/vllm-0.14.1-cp38-abi3-manylinux_2_31_aarch64.whl"" --torch-backend auto",,2026-01-24T20:29:27Z,448041824
d419941c877d91ce,release,github,0.14.1,0.14.1,github,default,,cp38,abi3,Linux,x86_64,manylinux_2_31_x86_64,vllm-0.14.1-cp38-abi3-manylinux_2_31_x86_64.whl,,https://github.com/vllm-project/vllm/releases/download/v0.14.1/vllm-0.14.1-cp38-abi3-manylinux_2_31_x86_64.whl,"uv pip install ""https://github.com/vllm-project/vllm/releases/download/v0.14.1/vllm-0.14.1-cp38-abi3-manylinux_2_31_x86_64.whl"" --torch-backend auto",,2026-01-24T20:29:27Z,495378590
d0fcdb5aa5ac3872,release,wheels.vllm.ai,0.14.1,0.14.1,main,cpu,cpu,cp38,abi3,Linux,aarch64,manylinux_2_35_aarch64,vllm-0.14.1+cpu-cp38-abi3-manylinux_2_35_aarch64.whl,https://wheels.vllm.ai/0.14.1/cpu,https://wheels.vllm.ai/d7de043d55d1dd629554467e23874097e1c48993/vllm-0.14.1%2Bcpu-cp38-abi3-manylinux_2_35_aarch64.whl,"uv pip install ""vllm==0.14.1"" --extra-index-url ""https://wheels.vllm.ai/0.14.1/cpu"" --index-strategy first-index --torch-backend cpu",d7de043d55d1dd629554467e23874097e1c48993,,
710ad1e91ee7c222,release,wheels.vllm.ai,0.14.1,0.14.1,main,cpu,cpu,cp38,abi3,Linux,x86_64,manylinux_2_35_x86_64,vllm-0.14.1+cpu-cp38-abi3-manylinux_2_35_x86_64.whl,https://wheels.vllm.ai/0.14.1/cpu,https://wheels.vllm.ai/d7de043d55d1dd629554467e23874097e1c48993/vllm-0.14.1%2Bcpu-cp38-abi3-manylinux_2_35_x86_64.whl,"uv pip install ""vllm==0.14.1"" --extra-index-url ""https://wheels.vllm.ai/0.14.1/cpu"" --index-strategy first-index --torch-backend cpu",d7de043d55d1dd629554467e23874097e1c48993,,
07f7e7d6c3dd2543,release,wheels.vllm.ai,0.14.1,0.14.1,main,cu129,,cp38,abi3,Linux,aarch64,manylinux_2_31_aarch64,vllm-0.14.1-cp38-abi3-manylinux_2_31_aarch64.whl,https://wheels.vllm.ai/0.14.1/cu129,https://wheels.vllm.ai/d7de043d55d1dd629554467e23874097e1c48993/vllm-0.14.1-cp38-abi3-manylinux_2_31_aarch64.whl,"uv pip install ""vllm==0.14.1"" --extra-index-url ""https://wheels.vllm.ai/0.14.1/cu129"" --torch-backend auto",d7de043d55d1dd629554467e23874097e1c48993,,
3b17259c7a3ee622,release,wheels.vllm.ai,0.14.1,0.14.1,main,cu129,,cp38,abi3,Linux,x86_64,manylinux_2_31_x86_64,vllm-0.14.1-cp38-abi3-manylinux_2_31_x86_64.whl,https://wheels.vllm.ai/0.14.1/cu129,https://wheels.vllm.ai/d7de043d55d1dd629554467e23874097e1c48993/vllm-0.14.1-cp38-abi3-manylinux_2_31_x86_64.whl,"uv pip install ""vllm==0.14.1"" --extra-index-url ""https://wheels.vllm.ai/0.14.1/cu129"" --torch-backend auto",d7de043d55d1dd629554467e23874097e1c48993,,
332e6e79e87a27a7,release,wheels.vllm.ai,0.14.1,0.14.1,main,cu130,cu130,cp38,abi3,Linux,aarch64,manylinux_2_35_aarch64,vllm-0.14.1+cu130-cp38-abi3-manylinux_2_35_aarch64.whl,https://wheels.vllm.ai/0.14.1/cu130,https://wheels.vllm.ai/d7de043d55d1dd629554467e23874097e1c48993/vllm-0.14.1%2Bcu130-cp38-abi3-manylinux_2_35_aarch64.whl,"uv pip install ""vllm==0.14.1"" --extra-index-url ""https://wheels.vllm.ai/0.14.1/cu130"" --torch-backend auto",d7de043d55d1dd629554467e23874097e1c48993,,
0735c9ea6e850c86,release,wheels.vllm.ai,0.14.1,0.14.1,main,cu130,cu130,cp38,abi3,Linux,x86_64,manylinux_2_35_x86_64,vllm-0.14.1+cu130-cp38-abi3-manylinux_2_35_x86_64.whl,https://wheels.vllm.ai/0.14.1/cu130,https://wheels.vllm.ai/d7de043d55d1dd629554467e23874097e1c48993/vllm-0.14.1%2Bcu130-cp38-abi3-manylinux_2_35_x86_64.whl,"uv pip install ""vllm==0.14.1"" --extra-index-url ""https://wheels.vllm.ai/0.14.1/cu130"" --torch-backend auto",d7de043d55d1dd629554467e23874097e1c48993,,
215d933a89bdb165,release,wheels.vllm.ai,0.14.1,0.14.1,main,default,,cp38,abi3,Linux,aarch64,manylinux_2_31_aarch64,vllm-0.14.1-cp38-abi3-manylinux_2_31_aarch64.whl,https://wheels.vllm.ai/0.14.1,https://wheels.vllm.ai/d7de043d55d1dd629554467e23874097e1c48993/vllm-0.14.1-cp38-abi3-manylinux_2_31_aarch64.whl,"uv pip install ""vllm==0.14.1"" --extra-index-url ""https://wheels.vllm.ai/0.14.1"" --torch-backend auto",d7de043d55d1dd629554467e23874097e1c48993,,
005301ce02a77be7,release,wheels.vllm.ai,0.14.1,0.14.1,main,default,,cp38,abi3,Linux,x86_64,manylinux_2_31_x86_64,vllm-0.14.1-cp38-abi3-manylinux_2_31_x86_64.whl,https://wheels.vllm.ai/0.14.1,https://wheels.vllm.ai/d7de043d55d1dd629554467e23874097e1c48993/vllm-0.14.1-cp38-abi3-manylinux_2_31_x86_64.whl,"uv pip install ""vllm==0.14.1"" --extra-index-url ""https://wheels.vllm.ai/0.14.1"" --torch-backend auto",d7de043d55d1dd629554467e23874097e1c48993,,
92c05a1240408551,release,wheels.vllm.ai,0.14.1,0.14.1,rocm,rocm700,rocm700,cp312,cp312,Linux,x86_64,manylinux_2_35_x86_64,vllm-0.14.1+rocm700-cp312-cp312-manylinux_2_35_x86_64.whl,https://wheels.vllm.ai/rocm/0.14.1/rocm700,https://wheels.vllm.ai/rocm/d7de043d55d1dd629554467e23874097e1c48993/vllm-0.14.1%2Brocm700-cp312-cp312-manylinux_2_35_x86_64.whl,"uv pip install ""vllm==0.14.1"" --extra-index-url ""https://wheels.vllm.ai/rocm/0.14.1/rocm700"" --torch-backend auto",d7de043d55d1dd629554467e23874097e1c48993,,
22f127cb91172bb3,release,github,0.14.0,0.14.0+cpu,github,cpu,cpu,cp38,abi3,Linux,aarch64,manylinux_2_35_aarch64,vllm-0.14.0+cpu-cp38-abi3-manylinux_2_35_aarch64.whl,,https://github.com/vllm-project/vllm/releases/download/v0.14.0/vllm-0.14.0%2Bcpu-cp38-abi3-manylinux_2_35_aarch64.whl,"uv pip install ""https://github.com/vllm-project/vllm/releases/download/v0.14.0/vllm-0.14.0%2Bcpu-cp38-abi3-manylinux_2_35_aarch64.whl"" --torch-backend cpu",,2026-01-20T09:20:31Z,29036491
aad8ccf4b09f27b7,release,github,0.14.0,0.14.0+cpu,github,cpu,cpu,cp38,abi3,Linux,x86_64,manylinux_2_35_x86_64,vllm-0.14.0+cpu-cp38-abi3-manylinux_2_35_x86_64.whl,,https://github.com/vllm-project/vllm/releases/download/v0.14.0/vllm-0.14.0%2Bcpu-cp38-abi3-manylinux_2_35_x86_64.whl,"uv pip install ""https://github.com/vllm-project/vllm/releases/download/v0.14.0/vllm-0.14.0%2Bcpu-cp38-abi3-manylinux_2_35_x86_64.whl"" --torch-backend cpu",,2026-01-20T09:20:31Z,34313994
e86f4c59af2b2fb5,release,github,0.14.0,0.14.0+cu130,github,cu130,cu130,cp38,abi3,Linux,aarch64,manylinux_2_35_aarch64,vllm-0.14.0+cu130-cp38-abi3-manylinux_2_35_aarch64.whl,,https://github.com/vllm-project/vllm/releases/download/v0.14.0/vllm-0.14.0%2Bcu130-cp38-abi3-manylinux_2_35_aarch64.whl,"uv pip install ""https://github.com/vllm-project/vllm/releases/download/v0.14.0/vllm-0.14.0%2Bcu130-cp38-abi3-manylinux_2_35_aarch64.whl"" --torch-backend auto",,2026-01-20T09:20:31Z,259756623
8bb8b35706f3deb8,release,github,0.14.0,0.14.0+cu130,github,cu130,cu130,cp38,abi3,Linux,x86_64,manylinux_2_35_x86_64,vllm-0.14.0+cu130-cp38-abi3-manylinux_2_35_x86_64.whl,,https://github.com/vllm-project/vllm/releases/download/v0.14.0/vllm-0.14.0%2Bcu130-cp38-abi3-manylinux_2_35_x86_64.whl,"uv pip install ""https://github.com/vllm-project/vllm/releases/download/v0.14.0/vllm-0.14.0%2Bcu130-cp38-abi3-manylinux_2_35_x86_64.whl"" --torch-backend auto",,2026-01-20T09:20:31Z,274641401
7424288fbecfb2b3,release,github,0.14.0,0.14.0,github,default,,cp38,abi3,Linux,aarch64,manylinux_2_31_aarch64,vllm-0.14.0-cp38-abi3-manylinux_2_31_aarch64.whl,,https://github.com/vllm-project/vllm/releases/download/v0.14.0/vllm-0.14.0-cp38-abi3-manylinux_2_31_aarch64.whl,"uv pip install ""https://github.com/vllm-project/vllm/releases/download/v0.14.0/vllm-0.14.0-cp38-abi3-manylinux_2_31_aarch64.whl"" --torch-backend auto",,2026-01-20T09:20:31Z,448040411
e4e3b340de231624,release,github,0.14.0,0.14.0,github,default,,cp38,abi3,Linux,x86_64,manylinux_2_31_x86_64,vllm-0.14.0-cp38-abi3-manylinux_2_31_x86_64.whl,,https://github.com/vllm-project/vllm/releases/download/v0.14.0/vllm-0.14.0-cp38-abi3-manylinux_2_31_x86_64.whl,"uv pip install ""https://github.com/vllm-project/vllm/releases/download/v0.14.0/vllm-0.14.0-cp38-abi3-manylinux_2_31_x86_64.whl"" --torch-backend auto",,2026-01-20T09:20:31Z,495377847
57a48013c3c1a234,release,wheels.vllm.ai,0.14.0,0.14.0,main,cpu,cpu,cp38,abi3,Linux,aarch64,manylinux_2_35_aarch64,vllm-0.14.0+cpu-cp38-abi3-manylinux_2_35_aarch64.whl,https://wheels.vllm.ai/0.14.0/cpu,https://wheels.vllm.ai/b17039bccc17b94a2ea107272ad7bc93508708df/vllm-0.14.0%2Bcpu-cp38-abi3-manylinux_2_35_aarch64.whl,"uv pip install ""vllm==0.14.0"" --extra-index-url ""https://wheels.vllm.ai/0.14.0/cpu"" --index-strategy first-index --torch-backend cpu",b17039bccc17b94a2ea107272ad7bc93508708df,,
27087fd70c4f54bb,release,wheels.vllm.ai,0.14.0,0.14.0,main,cpu,cpu,cp38,abi3,Linux,x86_64,manylinux_2_35_x86_64,vllm-0.14.0+cpu-cp38-abi3-manylinux_2_35_x86_64.whl,https://wheels.vllm.ai/0.14.0/cpu,https://wheels.vllm.ai/b17039bccc17b94a2ea107272ad7bc93508708df/vllm-0.14.0%2Bcpu-cp38-abi3-manylinux_2_35_x86_64.whl,"uv pip install ""vllm==0.14.0"" --extra-index-url ""https://wheels.vllm.ai/0.14.0/cpu"" --index-strategy first-index --torch-backend cpu",b17039bccc17b94a2ea107272ad7bc93508708df,,
8839eb30305a8805,release,wheels.vllm.ai,0.14.0,0.14.0,main,cu129,,cp38,abi3,Linux,aarch64,manylinux_2_31_aarch64,vllm-0.14.0-cp38-abi3-manylinux_2_31_aarch64.whl,https://wheels.vllm.ai/0.14.0/cu129,https://wheels.vllm.ai/b17039bccc17b94a2ea107272ad7bc93508708df/vllm-0.14.0-cp38-abi3-manylinux_2_31_aarch64.whl,"uv pip install ""vllm==0.14.0"" --extra-index-url ""https://wheels.vllm.ai/0.14.0/cu129"" --torch-backend auto",b17039bccc17b94a2ea107272ad7bc93508708df,,
7f446e35348142c7,release,wheels.vllm.ai,0.14.0,0.14.0,main,cu129,,cp38,abi3,Linux,x86_64,manylinux_2_31_x86_64,vllm-0.14.0-cp38-abi3-manylinux_2_31_x86_64.whl,https://wheels.vllm.ai/0.14.0/cu129,https://wheels.vllm.ai/b17039bccc17b94a2ea107272ad7bc93508708df/vllm-0.14.0-cp38-abi3-manylinux_2_31_x86_64.whl,"uv pip install ""vllm==0.14.0"" --extra-index-url ""https://wheels.vllm.ai/0.14.0/cu129"" --torch-backend auto",b17039bccc17b94a2ea107272ad7bc93508708df,,
6122c883130faa49,release,wheels.vllm.ai,0.14.0,0.14.0,main,cu130,cu130,cp38,abi3,Linux,aarch64,manylinux_2_35_aarch64,vllm-0.14.0+cu130-cp38-abi3-manylinux_2_35_aarch64.whl,https://wheels.vllm.ai/0.14.0/cu130,https://wheels.vllm.ai/b17039bccc17b94a2ea107272ad7bc93508708df/vllm-0.14.0%2Bcu130-cp38-abi3-manylinux_2_35_aarch64.whl,"uv pip install ""vllm==0.14.0"" --extra-index-url ""https://wheels.vllm.ai/0.14.0/cu130"" --torch-backend auto",b17039bccc17b94a2ea107272ad7bc93508708df,,
625e50d216b708c9,release,wheels.vllm.ai,0.14.0,0.14.0,main,cu130,cu130,cp38,abi3,Linux,x86_64,manylinux_2_35_x86_64,vllm-0.14.0+cu130-cp38-abi3-manylinux_2_35_x86_64.whl,https://wheels.vllm.ai/0.14.0/cu130,https://wheels.vllm.ai/b17039bccc17b94a2ea107272ad7bc93508708df/vllm-0.14.0%2Bcu130-cp38-abi3-manylinux_2_35_x86_64.whl,"uv pip install ""vllm==0.14.0"" --extra-index-url ""https://wheels.vllm.ai/0.14.0/cu130"" --torch-backend auto",b17039bccc17b94a2ea107272ad7bc93508708df,,
22171be762bcaf72,release,wheels.vllm.ai,0.14.0,0.14.0,main,default,,cp38,abi3,Linux,aarch64,manylinux_2_31_aarch64,vllm-0.14.0-cp38-abi3-manylinux_2_31_aarch64.whl,https://wheels.vllm.ai/0.14.0,https://wheels.vllm.ai/b17039bccc17b94a2ea107272ad7bc93508708df/vllm-0.14.0-cp38-abi3-manylinux_2_31_aarch64.whl,"uv pip install ""vllm==0.14.0"" --extra-index-url ""https://wheels.vllm.ai/0.14.0"" --torch-backend auto",b17039bccc17b94a2ea107272ad7bc93508708df,,
8741277bd678cdc3,release,wheels.vllm.ai,0.14.0,0.14.0,main,default,,cp38,abi3,Linux,x86_64,manylinux_2_31_x86_64,vllm-0.14.0-cp38-abi3-manylinux_2_31_x86_64.whl,https://wheels.vllm.ai/0.14.0,https://wheels.vllm.ai/b17039bccc17b94a2ea107272ad7bc93508708df/vllm-0.14.0-cp38-abi3-manylinux_2_31_x86_64.whl,"uv pip install ""vllm==0.14.0"" --extra-index-url ""https://wheels.vllm.ai/0.14.0"" --torch-backend auto",b17039bccc17b94a2ea107272ad7bc93508708df,,
80f3c8d6b1824704,release,wheels.vllm.ai,0.14.0,0.14.0,rocm,rocm700,rocm700,cp312,cp312,Linux,x86_64,manylinux_2_35_x86_64,vllm-0.14.0+rocm700-cp312-cp312-manylinux_2_35_x86_64.whl,https://wheels.vllm.ai/rocm/0.14.0/rocm700,https://wheels.vllm.ai/rocm/b17039bccc17b94a2ea107272ad7bc93508708df/vllm-0.14.0%2Brocm700-cp312-cp312-manylinux_2_35_x86_64.whl,"uv pip install ""vllm==0.14.0"" --extra-index-url ""https://wheels.vllm.ai/rocm/0.14.0/rocm700"" --torch-backend auto",b17039bccc17b94a2ea107272ad7bc93508708df,,
b8a565858f58a6ec,release,github,0.13.0,0.13.0+cpu,github,cpu,cpu,cp38,abi3,Linux,aarch64,manylinux_2_35_aarch64,vllm-0.13.0+cpu-cp38-abi3-manylinux_2_35_aarch64.whl,,https://github.com/vllm-project/vllm/releases/download/v0.13.0/vllm-0.13.0%2Bcpu-cp38-abi3-manylinux_2_35_aarch64.whl,"uv pip install ""https://github.com/vllm-project/vllm/releases/download/v0.13.0/vllm-0.13.0%2Bcpu-cp38-abi3-manylinux_2_35_aarch64.whl"" --torch-backend cpu",,2025-12-19T03:02:22Z,26314465
f08d890368d87bfe,release,github,0.13.0,0.13.0+cpu,github,cpu,cpu,cp38,abi3,Linux,x86_64,manylinux_2_35_x86_64,vllm-0.13.0+cpu-cp38-abi3-manylinux_2_35_x86_64.whl,,https://github.com/vllm-project/vllm/releases/download/v0.13.0/vllm-0.13.0%2Bcpu-cp38-abi3-manylinux_2_35_x86_64.whl,"uv pip install ""https://github.com/vllm-project/vllm/releases/download/v0.13.0/vllm-0.13.0%2Bcpu-cp38-abi3-manylinux_2_35_x86_64.whl"" --torch-backend cpu",,2025-12-19T03:02:22Z,30805855
f448669448876b1b,release,github,0.13.0,0.13.0+cu130,github,cu130,cu130,cp38,abi3,Linux,aarch64,manylinux_2_35_aarch64,vllm-0.13.0+cu130-cp38-abi3-manylinux_2_35_aarch64.whl,,https://github.com/vllm-project/vllm/releases/download/v0.13.0/vllm-0.13.0%2Bcu130-cp38-abi3-manylinux_2_35_aarch64.whl,"uv pip install ""https://github.com/vllm-project/vllm/releases/download/v0.13.0/vllm-0.13.0%2Bcu130-cp38-abi3-manylinux_2_35_aarch64.whl"" --torch-backend auto",,2025-12-19T03:02:22Z,258218891
b516cd7ed84f44fe,release,github,0.13.0,0.13.0+cu130,github,cu130,cu130,cp38,abi3,Linux,x86_64,manylinux_2_35_x86_64,vllm-0.13.0+cu130-cp38-abi3-manylinux_2_35_x86_64.whl,,https://github.com/vllm-project/vllm/releases/download/v0.13.0/vllm-0.13.0%2Bcu130-cp38-abi3-manylinux_2_35_x86_64.whl,"uv pip install ""https://github.com/vllm-project/vllm/releases/download/v0.13.0/vllm-0.13.0%2Bcu130-cp38-abi3-manylinux_2_35_x86_64.whl"" --torch-backend auto",,2025-12-19T03:02:22Z,267480120
949648883d749cf8,release,github,0.13.0,0.13.0,github,default,,cp38,abi3,Linux,aarch64,manylinux_2_31_aarch64,vllm-0.13.0-cp38-abi3-manylinux_2_31_aarch64.whl,,https://github.com/vllm-project/vllm/releases/download/v0.13.0/vllm-0.13.0-cp38-abi3-manylinux_2_31_aarch64.whl,"uv pip install ""https://github.com/vllm-project/vllm/releases/download/v0.13.0/vllm-0.13.0-cp38-abi3-manylinux_2_31_aarch64.whl"" --torch-backend auto",,2025-12-19T03:02:22Z,442031402
d10ac27f8be40c7b,release,github,0.13.0,0.13.0,github,default,,cp38,abi3,Linux,x86_64,manylinux_2_31_x86_64,vllm-0.13.0-cp38-abi3-manylinux_2_31_x86_64.whl,,https://github.com/vllm-project/vllm/releases/download/v0.13.0/vllm-0.13.0-cp38-abi3-manylinux_2_31_x86_64.whl,"uv pip install ""https://github.com/vllm-project/vllm/releases/download/v0.13.0/vllm-0.13.0-cp38-abi3-manylinux_2_31_x86_64.whl"" --torch-backend auto",,2025-12-19T03:02:22Z,474942618
0b36d1aecebb5559,release,wheels.vllm.ai,0.13.0,0.13.0,main,cpu,cpu,cp38,abi3,Linux,aarch64,manylinux_2_35_aarch64,vllm-0.13.0+cpu-cp38-abi3-manylinux_2_35_aarch64.whl,https://wheels.vllm.ai/0.13.0/cpu,https://wheels.vllm.ai/72506c98349d6bcd32b4e33eec7b5513453c1502/vllm-0.13.0%2Bcpu-cp38-abi3-manylinux_2_35_aarch64.whl,"uv pip install ""vllm==0.13.0"" --extra-index-url ""https://wheels.vllm.ai/0.13.0/cpu"" --index-strategy first-index --torch-backend cpu",72506c98349d6bcd32b4e33eec7b5513453c1502,,
2fd239bf0bdc70ac,release,wheels.vllm.ai,0.13.0,0.13.0,main,cpu,cpu,cp38,abi3,Linux,x86_64,manylinux_2_35_x86_64,vllm-0.13.0+cpu-cp38-abi3-manylinux_2_35_x86_64.whl,https://wheels.vllm.ai/0.13.0/cpu,https://wheels.vllm.ai/72506c98349d6bcd32b4e33eec7b5513453c1502/vllm-0.13.0%2Bcpu-cp38-abi3-manylinux_2_35_x86_64.whl,"uv pip install ""vllm==0.13.0"" --extra-index-url ""https://wheels.vllm.ai/0.13.0/cpu"" --index-strategy first-index --torch-backend cpu",72506c98349d6bcd32b4e33eec7b5513453c1502,,
9cf555af8313f34a,release,wheels.vllm.ai,0.13.0,0.13.0,main,cu129,,cp38,abi3,Linux,aarch64,manylinux_2_31_aarch64,vllm-0.13.0-cp38-abi3-manylinux_2_31_aarch64.whl,https://wheels.vllm.ai/0.13.0/cu129,https://wheels.vllm.ai/72506c98349d6bcd32b4e33eec7b5513453c1502/vllm-0.13.0-cp38-abi3-manylinux_2_31_aarch64.whl,"uv pip install ""vllm==0.13.0"" --extra-index-url ""https://wheels.vllm.ai/0.13.0/cu129"" --torch-backend auto",72506c98349d6bcd32b4e33eec7b5513453c1502,,
e0e53d4ef612fd45,release,wheels.vllm.ai,0.13.0,0.13.0,main,cu129,,cp38,abi3,Linux,x86_64,manylinux_2_31_x86_64,vllm-0.13.0-cp38-abi3-manylinux_2_31_x86_64.whl,https://wheels.vllm.ai/0.13.0/cu129,https://wheels.vllm.ai/72506c98349d6bcd32b4e33eec7b5513453c1502/vllm-0.13.0-cp38-abi3-manylinux_2_31_x86_64.whl,"uv pip install ""vllm==0.13.0"" --extra-index-url ""https://wheels.vllm.ai/0.13.0/cu129"" --torch-backend auto",72506c98349d6bcd32b4e33eec7b5513453c1502,,
efbccadd01589a4c,release,wheels.vllm.ai,0.13.0,0.13.0,main,cu130,cu130,cp38,abi3,Linux,aarch64,manylinux_2_35_aarch64,vllm-0.13.0+cu130-cp38-abi3-manylinux_2_35_aarch64.whl,https://wheels.vllm.ai/0.13.0/cu130,https://wheels.vllm.ai/72506c98349d6bcd32b4e33eec7b5513453c1502/vllm-0.13.0%2Bcu130-cp38-abi3-manylinux_2_35_aarch64.whl,"uv pip install ""vllm==0.13.0"" --extra-index-url ""https://wheels.vllm.ai/0.13.0/cu130"" --torch-backend auto",72506c98349d6bcd32b4e33eec7b5513453c1502,,
4caf82857dab9a8f,release,wheels.vllm.ai,0.13.0,0.13.0,main,cu130,cu130,cp38,abi3,Linux,x86_64,manylinux_2_35_x86_64,vllm-0.13.0+cu130-cp38-abi3-manylinux_2_35_x86_64.whl,https://wheels.vllm.ai/0.13.0/cu130,https://wheels.vllm.ai/72506c98349d6bcd32b4e33eec7b5513453c1502/vllm-0.13.0%2Bcu130-cp38-abi3-manylinux_2_35_x86_64.whl,"uv pip install ""vllm==0.13.0"" --extra-index-url ""https://wheels.vllm.ai/0.13.0/cu130"" --torch-backend auto",72506c98349d6bcd32b4e33eec7b5513453c1502,,
4ce9c8bbf0471e4b,release,wheels.vllm.ai,0.13.0,0.13.0,main,default,,cp38,abi3,Linux,aarch64,manylinux_2_31_aarch64,vllm-0.13.0-cp38-abi3-manylinux_2_31_aarch64.whl,https://wheels.vllm.ai/0.13.0,https://wheels.vllm.ai/72506c98349d6bcd32b4e33eec7b5513453c1502/vllm-0.13.0-cp38-abi3-manylinux_2_31_aarch64.whl,"uv pip install ""vllm==0.13.0"" --extra-index-url ""https://wheels.vllm.ai/0.13.0"" --torch-backend auto",72506c98349d6bcd32b4e33eec7b5513453c1502,,
6a8ae5c45095f8d2,release,wheels.vllm.ai,0.13.0,0.13.0,main,default,,cp38,abi3,Linux,x86_64,manylinux_2_31_x86_64,vllm-0.13.0-cp38-abi3-manylinux_2_31_x86_64.whl,https://wheels.vllm.ai/0.13.0,https://wheels.vllm.ai/72506c98349d6bcd32b4e33eec7b5513453c1502/vllm-0.13.0-cp38-abi3-manylinux_2_31_x86_64.whl,"uv pip install ""vllm==0.13.0"" --extra-index-url ""https://wheels.vllm.ai/0.13.0"" --torch-backend auto",72506c98349d6bcd32b4e33eec7b5513453c1502,,
65048c59f05412dd,release,github,0.12.0,0.12.0+cu130,github,cu130,cu130,cp38,abi3,Linux,x86_64,manylinux_2_31_x86_64,vllm-0.12.0+cu130-cp38-abi3-manylinux_2_31_x86_64.whl,,https://github.com/vllm-project/vllm/releases/download/v0.12.0/vllm-0.12.0%2Bcu130-cp38-abi3-manylinux_2_31_x86_64.whl,"uv pip install ""https://github.com/vllm-project/vllm/releases/download/v0.12.0/vllm-0.12.0%2Bcu130-cp38-abi3-manylinux_2_31_x86_64.whl"" --torch-backend auto",,2025-12-03T09:36:17Z,264860903
c36c46b2c762c733,release,github,0.12.0,0.12.0,github,default,,cp38,abi3,Linux,aarch64,manylinux_2_31_aarch64,vllm-0.12.0-cp38-abi3-manylinux_2_31_aarch64.whl,,https://github.com/vllm-project/vllm/releases/download/v0.12.0/vllm-0.12.0-cp38-abi3-manylinux_2_31_aarch64.whl,"uv pip install ""https://github.com/vllm-project/vllm/releases/download/v0.12.0/vllm-0.12.0-cp38-abi3-manylinux_2_31_aarch64.whl"" --torch-backend auto",,2025-12-03T09:36:17Z,435774675
5e09b604ce2d050a,release,github,0.12.0,0.12.0,github,default,,cp38,abi3,Linux,x86_64,manylinux_2_31_x86_64,vllm-0.12.0-cp38-abi3-manylinux_2_31_x86_64.whl,,https://github.com/vllm-project/vllm/releases/download/v0.12.0/vllm-0.12.0-cp38-abi3-manylinux_2_31_x86_64.whl,"uv pip install ""https://github.com/vllm-project/vllm/releases/download/v0.12.0/vllm-0.12.0-cp38-abi3-manylinux_2_31_x86_64.whl"" --torch-backend auto",,2025-12-03T09:36:17Z,466530617
bbc90a70a2c58265,release,wheels.vllm.ai,0.12.0,0.12.0,main,cpu,cpu,cp38,abi3,Linux,aarch64,manylinux_2_31_aarch64,vllm-0.12.0+cpu-cp38-abi3-manylinux_2_31_aarch64.whl,https://wheels.vllm.ai/0.12.0/cpu,https://wheels.vllm.ai/4fd9d6a85c00ac0186aa9abbeff73fc2ac6c721e/vllm-0.12.0%2Bcpu-cp38-abi3-manylinux_2_31_aarch64.whl,"uv pip install ""vllm==0.12.0"" --extra-index-url ""https://wheels.vllm.ai/0.12.0/cpu"" --index-strategy first-index --torch-backend cpu",4fd9d6a85c00ac0186aa9abbeff73fc2ac6c721e,,
ab0ca10715c52bd7,release,wheels.vllm.ai,0.12.0,0.12.0,main,cu129,,cp38,abi3,Linux,aarch64,manylinux_2_31_aarch64,vllm-0.12.0-cp38-abi3-manylinux_2_31_aarch64.whl,https://wheels.vllm.ai/0.12.0/cu129,https://wheels.vllm.ai/4fd9d6a85c00ac0186aa9abbeff73fc2ac6c721e/vllm-0.12.0-cp38-abi3-manylinux_2_31_aarch64.whl,"uv pip install ""vllm==0.12.0"" --extra-index-url ""https://wheels.vllm.ai/0.12.0/cu129"" --torch-backend auto",4fd9d6a85c00ac0186aa9abbeff73fc2ac6c721e,,
2c670eadebfc280b,release,wheels.vllm.ai,0.12.0,0.12.0,main,cu129,,cp38,abi3,Linux,x86_64,manylinux_2_31_x86_64,vllm-0.12.0-cp38-abi3-manylinux_2_31_x86_64.whl,https://wheels.vllm.ai/0.12.0/cu129,https://wheels.vllm.ai/4fd9d6a85c00ac0186aa9abbeff73fc2ac6c721e/vllm-0.12.0-cp38-abi3-manylinux_2_31_x86_64.whl,"uv pip install ""vllm==0.12.0"" --extra-index-url ""https://wheels.vllm.ai/0.12.0/cu129"" --torch-backend auto",4fd9d6a85c00ac0186aa9abbeff73fc2ac6c721e,,
7ba89de79470a30b,release,wheels.vllm.ai,0.12.0,0.12.0,main,cu130,cu130,cp38,abi3,Linux,x86_64,manylinux_2_31_x86_64,vllm-0.12.0+cu130-cp38-abi3-manylinux_2_31_x86_64.whl,https://wheels.vllm.ai/0.12.0/cu130,https://wheels.vllm.ai/4fd9d6a85c00ac0186aa9abbeff73fc2ac6c721e/vllm-0.12.0%2Bcu130-cp38-abi3-manylinux_2_31_x86_64.whl,"uv pip install ""vllm==0.12.0"" --extra-index-url ""https://wheels.vllm.ai/0.12.0/cu130"" --torch-backend auto",4fd9d6a85c00ac0186aa9abbeff73fc2ac6c721e,,
1e71c7a9c62d7949,release,wheels.vllm.ai,0.12.0,0.12.0,main,default,,cp38,abi3,Linux,aarch64,manylinux_2_31_aarch64,vllm-0.12.0-cp38-abi3-manylinux_2_31_aarch64.whl,https://wheels.vllm.ai/0.12.0,https://wheels.vllm.ai/4fd9d6a85c00ac0186aa9abbeff73fc2ac6c721e/vllm-0.12.0-cp38-abi3-manylinux_2_31_aarch64.whl,"uv pip install ""vllm==0.12.0"" --extra-index-url ""https://wheels.vllm.ai/0.12.0"" --torch-backend auto",4fd9d6a85c00ac0186aa9abbeff73fc2ac6c721e,,
db0aa5c2ada66708,release,wheels.vllm.ai,0.12.0,0.12.0,main,default,,cp38,abi3,Linux,x86_64,manylinux_2_31_x86_64,vllm-0.12.0-cp38-abi3-manylinux_2_31_x86_64.whl,https://wheels.vllm.ai/0.12.0,https://wheels.vllm.ai/4fd9d6a85c00ac0186aa9abbeff73fc2ac6c721e/vllm-0.12.0-cp38-abi3-manylinux_2_31_x86_64.whl,"uv pip install ""vllm==0.12.0"" --extra-index-url ""https://wheels.vllm.ai/0.12.0"" --torch-backend auto",4fd9d6a85c00ac0186aa9abbeff73fc2ac6c721e,,
eaca3992760adc8a,release,github,0.11.2,0.11.2+cu129,github,cu129,cu129,cp38,abi3,Linux,x86_64,manylinux1_x86_64,vllm-0.11.2+cu129-cp38-abi3-manylinux1_x86_64.whl,,https://github.com/vllm-project/vllm/releases/download/v0.11.2/vllm-0.11.2%2Bcu129-cp38-abi3-manylinux1_x86_64.whl,"uv pip install ""https://github.com/vllm-project/vllm/releases/download/v0.11.2/vllm-0.11.2%2Bcu129-cp38-abi3-manylinux1_x86_64.whl"" --torch-backend auto",,2025-11-20T07:29:19Z,398964798
b45ceae3663d094f,release,github,0.11.2,0.11.2+cu130,github,cu130,cu130,cp38,abi3,Linux,x86_64,manylinux1_x86_64,vllm-0.11.2+cu130-cp38-abi3-manylinux1_x86_64.whl,,https://github.com/vllm-project/vllm/releases/download/v0.11.2/vllm-0.11.2%2Bcu130-cp38-abi3-manylinux1_x86_64.whl,"uv pip install ""https://github.com/vllm-project/vllm/releases/download/v0.11.2/vllm-0.11.2%2Bcu130-cp38-abi3-manylinux1_x86_64.whl"" --torch-backend auto",,2025-11-20T07:29:19Z,230664790
3295b2ef7f993d56,release,github,0.11.2,0.11.2,github,default,,cp38,abi3,Linux,x86_64,manylinux1_x86_64,vllm-0.11.2-cp38-abi3-manylinux1_x86_64.whl,,https://github.com/vllm-project/vllm/releases/download/v0.11.2/vllm-0.11.2-cp38-abi3-manylinux1_x86_64.whl,"uv pip install ""https://github.com/vllm-project/vllm/releases/download/v0.11.2/vllm-0.11.2-cp38-abi3-manylinux1_x86_64.whl"" --torch-backend auto",,2025-11-20T07:29:19Z,370306629
f27122f38cd76854,release,github,0.11.2,0.11.2,github,default,,cp38,abi3,Linux,aarch64,manylinux2014_aarch64,vllm-0.11.2-cp38-abi3-manylinux2014_aarch64.whl,,https://github.com/vllm-project/vllm/releases/download/v0.11.2/vllm-0.11.2-cp38-abi3-manylinux2014_aarch64.whl,"uv pip install ""https://github.com/vllm-project/vllm/releases/download/v0.11.2/vllm-0.11.2-cp38-abi3-manylinux2014_aarch64.whl"" --torch-backend auto",,2025-11-20T07:29:19Z,368543904
61f1072b1799e4d1,release,wheels.vllm.ai,0.11.2,0.11.2,main,cpu,cpu,cp38,abi3,Linux,aarch64,manylinux2014_aarch64,vllm-0.11.2+cpu-cp38-abi3-manylinux2014_aarch64.whl,https://wheels.vllm.ai/0.11.2/cpu,https://wheels.vllm.ai/0.11.2/vllm-0.11.2%2Bcpu-cp38-abi3-manylinux2014_aarch64.whl,"uv pip install ""vllm==0.11.2"" --extra-index-url ""https://wheels.vllm.ai/0.11.2/cpu"" --index-strategy first-index --torch-backend cpu",,,
08933ec298a3a9ad,release,wheels.vllm.ai,0.11.2,0.11.2,main,cu129,cu129,cp38,abi3,Linux,x86_64,manylinux1_x86_64,vllm-0.11.2+cu129-cp38-abi3-manylinux1_x86_64.whl,https://wheels.vllm.ai/0.11.2/cu129,https://wheels.vllm.ai/0.11.2/vllm-0.11.2%2Bcu129-cp38-abi3-manylinux1_x86_64.whl,"uv pip install ""vllm==0.11.2"" --extra-index-url ""https://wheels.vllm.ai/0.11.2/cu129"" --torch-backend auto",,,
e59db9481279a4e6,release,wheels.vllm.ai,0.11.2,0.11.2,main,cu130,cu130,cp38,abi3,Linux,x86_64,manylinux1_x86_64,vllm-0.11.2+cu130-cp38-abi3-manylinux1_x86_64.whl,https://wheels.vllm.ai/0.11.2/cu130,https://wheels.vllm.ai/0.11.2/vllm-0.11.2%2Bcu130-cp38-abi3-manylinux1_x86_64.whl,"uv pip install ""vllm==0.11.2"" --extra-index-url ""https://wheels.vllm.ai/0.11.2/cu130"" --torch-backend auto",,,
afc54d43978a24d7,release,wheels.vllm.ai,0.11.2,0.11.2,main,default,,cp38,abi3,Linux,x86_64,manylinux1_x86_64,vllm-0.11.2-cp38-abi3-manylinux1_x86_64.whl,https://wheels.vllm.ai/0.11.2,https://wheels.vllm.ai/0.11.2/vllm-0.11.2-cp38-abi3-manylinux1_x86_64.whl,"uv pip install ""vllm==0.11.2"" --extra-index-url ""https://wheels.vllm.ai/0.11.2"" --torch-backend auto",,,
d977b7401c1ce80e,release,wheels.vllm.ai,0.11.2,0.11.2,main,default,,cp38,abi3,Linux,aarch64,manylinux2014_aarch64,vllm-0.11.2-cp38-abi3-manylinux2014_aarch64.whl,https://wheels.vllm.ai/0.11.2,https://wheels.vllm.ai/0.11.2/vllm-0.11.2-cp38-abi3-manylinux2014_aarch64.whl,"uv pip install ""vllm==0.11.2"" --extra-index-url ""https://wheels.vllm.ai/0.11.2"" --torch-backend auto",,,
3eae22ad22cb76c5,release,github,0.11.1,0.11.1+cu129,github,cu129,cu129,cp38,abi3,Linux,x86_64,manylinux1_x86_64,vllm-0.11.1+cu129-cp38-abi3-manylinux1_x86_64.whl,,https://github.com/vllm-project/vllm/releases/download/v0.11.1/vllm-0.11.1%2Bcu129-cp38-abi3-manylinux1_x86_64.whl,"uv pip install ""https://github.com/vllm-project/vllm/releases/download/v0.11.1/vllm-0.11.1%2Bcu129-cp38-abi3-manylinux1_x86_64.whl"" --torch-backend auto",,2025-11-18T23:03:42Z,399372227
914d544fcedce47f,release,github,0.11.1,0.11.1+cu130,github,cu130,cu130,cp38,abi3,Linux,x86_64,manylinux1_x86_64,vllm-0.11.1+cu130-cp38-abi3-manylinux1_x86_64.whl,,https://github.com/vllm-project/vllm/releases/download/v0.11.1/vllm-0.11.1%2Bcu130-cp38-abi3-manylinux1_x86_64.whl,"uv pip install ""https://github.com/vllm-project/vllm/releases/download/v0.11.1/vllm-0.11.1%2Bcu130-cp38-abi3-manylinux1_x86_64.whl"" --torch-backend auto",,2025-11-18T23:03:42Z,230828290
0aa53c41ad89a29a,release,github,0.11.1,0.11.1,github,default,,cp38,abi3,Linux,x86_64,manylinux1_x86_64,vllm-0.11.1-cp38-abi3-manylinux1_x86_64.whl,,https://github.com/vllm-project/vllm/releases/download/v0.11.1/vllm-0.11.1-cp38-abi3-manylinux1_x86_64.whl,"uv pip install ""https://github.com/vllm-project/vllm/releases/download/v0.11.1/vllm-0.11.1-cp38-abi3-manylinux1_x86_64.whl"" --torch-backend auto",,2025-11-18T23:03:42Z,370708817
6c2fcb2b0ef1f3d8,release,github,0.11.1,0.11.1,github,default,,cp38,abi3,Linux,aarch64,manylinux2014_aarch64,vllm-0.11.1-cp38-abi3-manylinux2014_aarch64.whl,,https://github.com/vllm-project/vllm/releases/download/v0.11.1/vllm-0.11.1-cp38-abi3-manylinux2014_aarch64.whl,"uv pip install ""https://github.com/vllm-project/vllm/releases/download/v0.11.1/vllm-0.11.1-cp38-abi3-manylinux2014_aarch64.whl"" --torch-backend auto",,2025-11-18T23:03:42Z,368946085
e026e71b317cec1c,release,wheels.vllm.ai,0.11.1,0.11.1,main,cpu,cpu,cp38,abi3,Linux,aarch64,manylinux2014_aarch64,vllm-0.11.1+cpu-cp38-abi3-manylinux2014_aarch64.whl,https://wheels.vllm.ai/0.11.1/cpu,https://wheels.vllm.ai/0.11.1/vllm-0.11.1%2Bcpu-cp38-abi3-manylinux2014_aarch64.whl,"uv pip install ""vllm==0.11.1"" --extra-index-url ""https://wheels.vllm.ai/0.11.1/cpu"" --index-strategy first-index --torch-backend cpu",,,
cae69fa24703f570,release,wheels.vllm.ai,0.11.1,0.11.1,main,cu129,cu129,cp38,abi3,Linux,x86_64,manylinux1_x86_64,vllm-0.11.1+cu129-cp38-abi3-manylinux1_x86_64.whl,https://wheels.vllm.ai/0.11.1/cu129,https://wheels.vllm.ai/0.11.1/vllm-0.11.1%2Bcu129-cp38-abi3-manylinux1_x86_64.whl,"uv pip install ""vllm==0.11.1"" --extra-index-url ""https://wheels.vllm.ai/0.11.1/cu129"" --torch-backend auto",,,
70c2eaa78a0c9407,release,wheels.vllm.ai,0.11.1,0.11.1,main,cu130,cu130,cp38,abi3,Linux,x86_64,manylinux1_x86_64,vllm-0.11.1+cu130-cp38-abi3-manylinux1_x86_64.whl,https://wheels.vllm.ai/0.11.1/cu130,https://wheels.vllm.ai/0.11.1/vllm-0.11.1%2Bcu130-cp38-abi3-manylinux1_x86_64.whl,"uv pip install ""vllm==0.11.1"" --extra-index-url ""https://wheels.vllm.ai/0.11.1/cu130"" --torch-backend auto",,,
73106d3ec05384da,release,wheels.vllm.ai,0.11.1,0.11.1,main,default,,cp38,abi3,Linux,x86_64,manylinux1_x86_64,vllm-0.11.1-cp38-abi3-manylinux1_x86_64.whl,https://wheels.vllm.ai/0.11.1,https://wheels.vllm.ai/0.11.1/vllm-0.11.1-cp38-abi3-manylinux1_x86_64.whl,"uv pip install ""vllm==0.11.1"" --extra-index-url ""https://wheels.vllm.ai/0.11.1"" --torch-backend auto",,,
37ed929b763331fb,release,wheels.vllm.ai,0.11.1,0.11.1,main,default,,cp38,abi3,Linux,aarch64,manylinux2014_aarch64,vllm-0.11.1-cp38-abi3-manylinux2014_aarch64.whl,https://wheels.vllm.ai/0.11.1,https://wheels.vllm.ai/0.11.1/vllm-0.11.1-cp38-abi3-manylinux2014_aarch64.whl,"uv pip install ""vllm==0.11.1"" --extra-index-url ""https://wheels.vllm.ai/0.11.1"" --torch-backend auto",,,
a581202fe924f263,release,github,0.11.0,0.11.0+cu129,github,cu129,cu129,cp38,abi3,Linux,x86_64,manylinux1_x86_64,vllm-0.11.0+cu129-cp38-abi3-manylinux1_x86_64.whl,,https://github.com/vllm-project/vllm/releases/download/v0.11.0/vllm-0.11.0%2Bcu129-cp38-abi3-manylinux1_x86_64.whl,"uv pip install ""https://github.com/vllm-project/vllm/releases/download/v0.11.0/vllm-0.11.0%2Bcu129-cp38-abi3-manylinux1_x86_64.whl"" --torch-backend auto",,2025-10-02T19:17:04Z,460304251
1cc587e157d17917,release,github,0.11.0,0.11.0,github,default,,cp38,abi3,Linux,x86_64,manylinux1_x86_64,vllm-0.11.0-cp38-abi3-manylinux1_x86_64.whl,,https://github.com/vllm-project/vllm/releases/download/v0.11.0/vllm-0.11.0-cp38-abi3-manylinux1_x86_64.whl,"uv pip install ""https://github.com/vllm-project/vllm/releases/download/v0.11.0/vllm-0.11.0-cp38-abi3-manylinux1_x86_64.whl"" --torch-backend auto",,2025-10-02T19:17:04Z,438217982
ce4ad8049079b263,release,github,0.11.0,0.11.0,github,default,,cp38,abi3,Linux,aarch64,manylinux2014_aarch64,vllm-0.11.0-cp38-abi3-manylinux2014_aarch64.whl,,https://github.com/vllm-project/vllm/releases/download/v0.11.0/vllm-0.11.0-cp38-abi3-manylinux2014_aarch64.whl,"uv pip install ""https://github.com/vllm-project/vllm/releases/download/v0.11.0/vllm-0.11.0-cp38-abi3-manylinux2014_aarch64.whl"" --torch-backend auto",,2025-10-02T19:17:04Z,401001944
92f6de36b97be67e,release,wheels.vllm.ai,0.11.0,0.11.0,main,cu129,cu129,cp38,abi3,Linux,x86_64,manylinux1_x86_64,vllm-0.11.0+cu129-cp38-abi3-manylinux1_x86_64.whl,https://wheels.vllm.ai/0.11.0/cu129,https://wheels.vllm.ai/0.11.0/vllm-0.11.0%2Bcu129-cp38-abi3-manylinux1_x86_64.whl,"uv pip install ""vllm==0.11.0"" --extra-index-url ""https://wheels.vllm.ai/0.11.0/cu129"" --torch-backend auto",,,
310523697deeb332,release,wheels.vllm.ai,0.11.0,0.11.0,main,default,,cp38,abi3,Linux,x86_64,manylinux1_x86_64,vllm-0.11.0-cp38-abi3-manylinux1_x86_64.whl,https://wheels.vllm.ai/0.11.0,https://wheels.vllm.ai/0.11.0/vllm-0.11.0-cp38-abi3-manylinux1_x86_64.whl,"uv pip install ""vllm==0.11.0"" --extra-index-url ""https://wheels.vllm.ai/0.11.0"" --torch-backend auto",,,
46e53a8ede3e9640,release,wheels.vllm.ai,0.11.0,0.11.0,main,default,,cp38,abi3,Linux,aarch64,manylinux2014_aarch64,vllm-0.11.0-cp38-abi3-manylinux2014_aarch64.whl,https://wheels.vllm.ai/0.11.0,https://wheels.vllm.ai/0.11.0/vllm-0.11.0-cp38-abi3-manylinux2014_aarch64.whl,"uv pip install ""vllm==0.11.0"" --extra-index-url ""https://wheels.vllm.ai/0.11.0"" --torch-backend auto",,,
dcd3555a28455ad2,release,github,0.10.2,0.10.2+cu129,github,cu129,cu129,cp38,abi3,Linux,x86_64,manylinux1_x86_64,vllm-0.10.2+cu129-cp38-abi3-manylinux1_x86_64.whl,,https://github.com/vllm-project/vllm/releases/download/v0.10.2/vllm-0.10.2%2Bcu129-cp38-abi3-manylinux1_x86_64.whl,"uv pip install ""https://github.com/vllm-project/vllm/releases/download/v0.10.2/vllm-0.10.2%2Bcu129-cp38-abi3-manylinux1_x86_64.whl"" --torch-backend auto",,2025-09-13T06:37:01Z,432160693
6489f8920e22e78c,release,github,0.10.2,0.10.2+cu129,github,cu129,cu129,cp38,abi3,Linux,aarch64,manylinux2014_aarch64,vllm-0.10.2+cu129-cp38-abi3-manylinux2014_aarch64.whl,,https://github.com/vllm-project/vllm/releases/download/v0.10.2/vllm-0.10.2%2Bcu129-cp38-abi3-manylinux2014_aarch64.whl,"uv pip install ""https://github.com/vllm-project/vllm/releases/download/v0.10.2/vllm-0.10.2%2Bcu129-cp38-abi3-manylinux2014_aarch64.whl"" --torch-backend auto",,2025-09-13T06:37:01Z,399379720
f36921b5bf687243,release,github,0.10.2,0.10.2,github,default,,cp38,abi3,Linux,x86_64,manylinux1_x86_64,vllm-0.10.2-cp38-abi3-manylinux1_x86_64.whl,,https://github.com/vllm-project/vllm/releases/download/v0.10.2/vllm-0.10.2-cp38-abi3-manylinux1_x86_64.whl,"uv pip install ""https://github.com/vllm-project/vllm/releases/download/v0.10.2/vllm-0.10.2-cp38-abi3-manylinux1_x86_64.whl"" --torch-backend auto",,2025-09-13T06:37:01Z,436413211
4848a190b8585e49,release,wheels.vllm.ai,0.10.2,0.10.2,main,cu129,cu129,cp38,abi3,Linux,x86_64,manylinux1_x86_64,vllm-0.10.2+cu129-cp38-abi3-manylinux1_x86_64.whl,https://wheels.vllm.ai/0.10.2/cu129,https://wheels.vllm.ai/0.10.2/vllm-0.10.2%2Bcu129-cp38-abi3-manylinux1_x86_64.whl,"uv pip install ""vllm==0.10.2"" --extra-index-url ""https://wheels.vllm.ai/0.10.2/cu129"" --torch-backend auto",,,
595a0afa35c17fc4,release,wheels.vllm.ai,0.10.2,0.10.2,main,cu129,cu129,cp38,abi3,Linux,aarch64,manylinux2014_aarch64,vllm-0.10.2+cu129-cp38-abi3-manylinux2014_aarch64.whl,https://wheels.vllm.ai/0.10.2/cu129,https://wheels.vllm.ai/0.10.2/vllm-0.10.2%2Bcu129-cp38-abi3-manylinux2014_aarch64.whl,"uv pip install ""vllm==0.10.2"" --extra-index-url ""https://wheels.vllm.ai/0.10.2/cu129"" --torch-backend auto",,,
bab2302921871361,release,wheels.vllm.ai,0.10.2,0.10.2,main,default,,cp38,abi3,Linux,x86_64,manylinux1_x86_64,vllm-0.10.2-cp38-abi3-manylinux1_x86_64.whl,https://wheels.vllm.ai/0.10.2,https://wheels.vllm.ai/0.10.2/vllm-0.10.2-cp38-abi3-manylinux1_x86_64.whl,"uv pip install ""vllm==0.10.2"" --extra-index-url ""https://wheels.vllm.ai/0.10.2"" --torch-backend auto",,,
1452d51ebd99485b,release,wheels.vllm.ai,0.10.2,0.10.2,main,default,,cp38,abi3,Linux,aarch64,manylinux2014_aarch64,vllm-0.10.2-cp38-abi3-manylinux2014_aarch64.whl,https://wheels.vllm.ai/0.10.2,https://wheels.vllm.ai/0.10.2/vllm-0.10.2-cp38-abi3-manylinux2014_aarch64.whl,"uv pip install ""vllm==0.10.2"" --extra-index-url ""https://wheels.vllm.ai/0.10.2"" --torch-backend auto",,,
5607c7e280f8f684,release,github,0.10.1.1,0.10.1.1+cu118,github,cu118,cu118,cp38,abi3,Linux,x86_64,manylinux1_x86_64,vllm-0.10.1.1+cu118-cp38-abi3-manylinux1_x86_64.whl,,https://github.com/vllm-project/vllm/releases/download/v0.10.1.1/vllm-0.10.1.1%2Bcu118-cp38-abi3-manylinux1_x86_64.whl,"uv pip install ""https://github.com/vllm-project/vllm/releases/download/v0.10.1.1/vllm-0.10.1.1%2Bcu118-cp38-abi3-manylinux1_x86_64.whl"" --torch-backend auto",,2025-08-20T21:20:50Z,250923729
4270bf558a25b522,release,github,0.10.1.1,0.10.1.1,github,default,,cp38,abi3,Linux,aarch64,manylinux1_aarch64,vllm-0.10.1.1-cp38-abi3-manylinux1_aarch64.whl,,https://github.com/vllm-project/vllm/releases/download/v0.10.1.1/vllm-0.10.1.1-cp38-abi3-manylinux1_aarch64.whl,"uv pip install ""https://github.com/vllm-project/vllm/releases/download/v0.10.1.1/vllm-0.10.1.1-cp38-abi3-manylinux1_aarch64.whl"" --torch-backend auto",,2025-08-20T21:20:50Z,348634055
64dc3093f04933f6,release,github,0.10.1.1,0.10.1.1,github,default,,cp38,abi3,Linux,x86_64,manylinux1_x86_64,vllm-0.10.1.1-cp38-abi3-manylinux1_x86_64.whl,,https://github.com/vllm-project/vllm/releases/download/v0.10.1.1/vllm-0.10.1.1-cp38-abi3-manylinux1_x86_64.whl,"uv pip install ""https://github.com/vllm-project/vllm/releases/download/v0.10.1.1/vllm-0.10.1.1-cp38-abi3-manylinux1_x86_64.whl"" --torch-backend auto",,2025-08-20T21:20:50Z,414400912
60b4d221e993de13,release,wheels.vllm.ai,0.10.1.1,0.10.1.1,main,cu118,cu118,cp38,abi3,Linux,x86_64,manylinux1_x86_64,vllm-0.10.1.1+cu118-cp38-abi3-manylinux1_x86_64.whl,https://wheels.vllm.ai/0.10.1.1/cu118,https://wheels.vllm.ai/0.10.1.1/vllm-0.10.1.1%2Bcu118-cp38-abi3-manylinux1_x86_64.whl,"uv pip install ""vllm==0.10.1.1"" --extra-index-url ""https://wheels.vllm.ai/0.10.1.1/cu118"" --torch-backend auto",,,
06a086ac9fbd700c,release,wheels.vllm.ai,0.10.1.1,0.10.1.1,main,default,,cp38,abi3,Linux,aarch64,manylinux1_aarch64,vllm-0.10.1.1-cp38-abi3-manylinux1_aarch64.whl,https://wheels.vllm.ai/0.10.1.1,https://wheels.vllm.ai/0.10.1.1/vllm-0.10.1.1-cp38-abi3-manylinux1_aarch64.whl,"uv pip install ""vllm==0.10.1.1"" --extra-index-url ""https://wheels.vllm.ai/0.10.1.1"" --torch-backend auto",,,
96054d52e2dc1eb1,release,wheels.vllm.ai,0.10.1.1,0.10.1.1,main,default,,cp38,abi3,Linux,x86_64,manylinux1_x86_64,vllm-0.10.1.1-cp38-abi3-manylinux1_x86_64.whl,https://wheels.vllm.ai/0.10.1.1,https://wheels.vllm.ai/0.10.1.1/vllm-0.10.1.1-cp38-abi3-manylinux1_x86_64.whl,"uv pip install ""vllm==0.10.1.1"" --extra-index-url ""https://wheels.vllm.ai/0.10.1.1"" --torch-backend auto",,,
54b9c5f87a9520f8,release,github,0.10.1,0.10.1+cu118,github,cu118,cu118,cp38,abi3,Linux,x86_64,manylinux1_x86_64,vllm-0.10.1+cu118-cp38-abi3-manylinux1_x86_64.whl,,https://github.com/vllm-project/vllm/releases/download/v0.10.1/vllm-0.10.1%2Bcu118-cp38-abi3-manylinux1_x86_64.whl,"uv pip install ""https://github.com/vllm-project/vllm/releases/download/v0.10.1/vllm-0.10.1%2Bcu118-cp38-abi3-manylinux1_x86_64.whl"" --torch-backend auto",,2025-08-18T04:39:12Z,250922775
65a04495cac1ffac,release,github,0.10.1,0.10.1,github,default,,cp38,abi3,Linux,aarch64,manylinux1_aarch64,vllm-0.10.1-cp38-abi3-manylinux1_aarch64.whl,,https://github.com/vllm-project/vllm/releases/download/v0.10.1/vllm-0.10.1-cp38-abi3-manylinux1_aarch64.whl,"uv pip install ""https://github.com/vllm-project/vllm/releases/download/v0.10.1/vllm-0.10.1-cp38-abi3-manylinux1_aarch64.whl"" --torch-backend auto",,2025-08-18T04:39:12Z,348633048
4b480229459f21ae,release,github,0.10.1,0.10.1,github,default,,cp38,abi3,Linux,x86_64,manylinux1_x86_64,vllm-0.10.1-cp38-abi3-manylinux1_x86_64.whl,,https://github.com/vllm-project/vllm/releases/download/v0.10.1/vllm-0.10.1-cp38-abi3-manylinux1_x86_64.whl,"uv pip install ""https://github.com/vllm-project/vllm/releases/download/v0.10.1/vllm-0.10.1-cp38-abi3-manylinux1_x86_64.whl"" --torch-backend auto",,2025-08-18T04:39:12Z,414399973
8296377f6ea19cc7,release,wheels.vllm.ai,0.10.1,0.10.1,main,cu118,cu118,cp38,abi3,Linux,x86_64,manylinux1_x86_64,vllm-0.10.1+cu118-cp38-abi3-manylinux1_x86_64.whl,https://wheels.vllm.ai/0.10.1/cu118,https://wheels.vllm.ai/0.10.1/vllm-0.10.1%2Bcu118-cp38-abi3-manylinux1_x86_64.whl,"uv pip install ""vllm==0.10.1"" --extra-index-url ""https://wheels.vllm.ai/0.10.1/cu118"" --torch-backend auto",,,
1adac49d6350aa67,release,wheels.vllm.ai,0.10.1,0.10.1,main,default,,cp38,abi3,Linux,aarch64,manylinux1_aarch64,vllm-0.10.1-cp38-abi3-manylinux1_aarch64.whl,https://wheels.vllm.ai/0.10.1,https://wheels.vllm.ai/0.10.1/vllm-0.10.1-cp38-abi3-manylinux1_aarch64.whl,"uv pip install ""vllm==0.10.1"" --extra-index-url ""https://wheels.vllm.ai/0.10.1"" --torch-backend auto",,,
575585afcdc7514f,release,wheels.vllm.ai,0.10.1,0.10.1,main,default,,cp38,abi3,Linux,x86_64,manylinux1_x86_64,vllm-0.10.1-cp38-abi3-manylinux1_x86_64.whl,https://wheels.vllm.ai/0.10.1,https://wheels.vllm.ai/0.10.1/vllm-0.10.1-cp38-abi3-manylinux1_x86_64.whl,"uv pip install ""vllm==0.10.1"" --extra-index-url ""https://wheels.vllm.ai/0.10.1"" --torch-backend auto",,,
9e5642a76f2bf76d,release,github,0.10.0,0.10.0+cu118,github,cu118,cu118,cp38,abi3,Linux,x86_64,manylinux1_x86_64,vllm-0.10.0+cu118-cp38-abi3-manylinux1_x86_64.whl,,https://github.com/vllm-project/vllm/releases/download/v0.10.0/vllm-0.10.0%2Bcu118-cp38-abi3-manylinux1_x86_64.whl,"uv pip install ""https://github.com/vllm-project/vllm/releases/download/v0.10.0/vllm-0.10.0%2Bcu118-cp38-abi3-manylinux1_x86_64.whl"" --torch-backend auto",,2025-07-24T22:43:46Z,245458294
357f3859974d3651,release,github,0.10.0,0.10.0+cu126,github,cu126,cu126,cp38,abi3,Linux,x86_64,manylinux1_x86_64,vllm-0.10.0+cu126-cp38-abi3-manylinux1_x86_64.whl,,https://github.com/vllm-project/vllm/releases/download/v0.10.0/vllm-0.10.0%2Bcu126-cp38-abi3-manylinux1_x86_64.whl,"uv pip install ""https://github.com/vllm-project/vllm/releases/download/v0.10.0/vllm-0.10.0%2Bcu126-cp38-abi3-manylinux1_x86_64.whl"" --torch-backend auto",,2025-07-24T22:43:46Z,360943083
a598747f6f3c0bc8,release,github,0.10.0,0.10.0,github,default,,cp38,abi3,Linux,x86_64,manylinux1_x86_64,vllm-0.10.0-cp38-abi3-manylinux1_x86_64.whl,,https://github.com/vllm-project/vllm/releases/download/v0.10.0/vllm-0.10.0-cp38-abi3-manylinux1_x86_64.whl,"uv pip install ""https://github.com/vllm-project/vllm/releases/download/v0.10.0/vllm-0.10.0-cp38-abi3-manylinux1_x86_64.whl"" --torch-backend auto",,2025-07-24T22:43:46Z,386575356
d12257a755276688,release,wheels.vllm.ai,0.10.0,0.10.0,main,cu118,cu118,cp38,abi3,Linux,x86_64,manylinux1_x86_64,vllm-0.10.0+cu118-cp38-abi3-manylinux1_x86_64.whl,https://wheels.vllm.ai/0.10.0/cu118,https://wheels.vllm.ai/0.10.0/vllm-0.10.0%2Bcu118-cp38-abi3-manylinux1_x86_64.whl,"uv pip install ""vllm==0.10.0"" --extra-index-url ""https://wheels.vllm.ai/0.10.0/cu118"" --torch-backend auto",,,
022f314abcb1c829,release,wheels.vllm.ai,0.10.0,0.10.0,main,cu126,cu126,cp38,abi3,Linux,x86_64,manylinux1_x86_64,vllm-0.10.0+cu126-cp38-abi3-manylinux1_x86_64.whl,https://wheels.vllm.ai/0.10.0/cu126,https://wheels.vllm.ai/0.10.0/vllm-0.10.0%2Bcu126-cp38-abi3-manylinux1_x86_64.whl,"uv pip install ""vllm==0.10.0"" --extra-index-url ""https://wheels.vllm.ai/0.10.0/cu126"" --torch-backend auto",,,
4c93557b3bbf7302,release,wheels.vllm.ai,0.10.0,0.10.0,main,default,,cp38,abi3,Linux,x86_64,manylinux1_x86_64,vllm-0.10.0-cp38-abi3-manylinux1_x86_64.whl,https://wheels.vllm.ai/0.10.0,https://wheels.vllm.ai/0.10.0/vllm-0.10.0-cp38-abi3-manylinux1_x86_64.whl,"uv pip install ""vllm==0.10.0"" --extra-index-url ""https://wheels.vllm.ai/0.10.0"" --torch-backend auto",,,
e6289492f8b7e3ee,release,github,0.9.2,0.9.2+cu118,github,cu118,cu118,cp38,abi3,Linux,x86_64,manylinux1_x86_64,vllm-0.9.2+cu118-cp38-abi3-manylinux1_x86_64.whl,,https://github.com/vllm-project/vllm/releases/download/v0.9.2/vllm-0.9.2%2Bcu118-cp38-abi3-manylinux1_x86_64.whl,"uv pip install ""https://github.com/vllm-project/vllm/releases/download/v0.9.2/vllm-0.9.2%2Bcu118-cp38-abi3-manylinux1_x86_64.whl"" --torch-backend auto",,2025-07-07T17:05:24Z,243437956
ef912068b1ca83cc,release,github,0.9.2,0.9.2+cu126,github,cu126,cu126,cp38,abi3,Linux,x86_64,manylinux1_x86_64,vllm-0.9.2+cu126-cp38-abi3-manylinux1_x86_64.whl,,https://github.com/vllm-project/vllm/releases/download/v0.9.2/vllm-0.9.2%2Bcu126-cp38-abi3-manylinux1_x86_64.whl,"uv pip install ""https://github.com/vllm-project/vllm/releases/download/v0.9.2/vllm-0.9.2%2Bcu126-cp38-abi3-manylinux1_x86_64.whl"" --torch-backend auto",,2025-07-07T17:05:24Z,359189589
78d816e7b1465ad7,release,github,0.9.2,0.9.2,github,default,,cp38,abi3,Linux,x86_64,manylinux1_x86_64,vllm-0.9.2-cp38-abi3-manylinux1_x86_64.whl,,https://github.com/vllm-project/vllm/releases/download/v0.9.2/vllm-0.9.2-cp38-abi3-manylinux1_x86_64.whl,"uv pip install ""https://github.com/vllm-project/vllm/releases/download/v0.9.2/vllm-0.9.2-cp38-abi3-manylinux1_x86_64.whl"" --torch-backend auto",,2025-07-07T17:05:24Z,383350132
5c560bbcddf4b953,release,wheels.vllm.ai,0.9.2,0.9.2,main,cu118,cu118,cp38,abi3,Linux,x86_64,manylinux1_x86_64,vllm-0.9.2+cu118-cp38-abi3-manylinux1_x86_64.whl,https://wheels.vllm.ai/0.9.2/cu118,https://wheels.vllm.ai/0.9.2/vllm-0.9.2%2Bcu118-cp38-abi3-manylinux1_x86_64.whl,"uv pip install ""vllm==0.9.2"" --extra-index-url ""https://wheels.vllm.ai/0.9.2/cu118"" --torch-backend auto",,,
c3f9b14d922624eb,release,wheels.vllm.ai,0.9.2,0.9.2,main,cu126,cu126,cp38,abi3,Linux,x86_64,manylinux1_x86_64,vllm-0.9.2+cu126-cp38-abi3-manylinux1_x86_64.whl,https://wheels.vllm.ai/0.9.2/cu126,https://wheels.vllm.ai/0.9.2/vllm-0.9.2%2Bcu126-cp38-abi3-manylinux1_x86_64.whl,"uv pip install ""vllm==0.9.2"" --extra-index-url ""https://wheels.vllm.ai/0.9.2/cu126"" --torch-backend auto",,,
72ae88c4e003e2fc,release,wheels.vllm.ai,0.9.2,0.9.2,main,default,,cp38,abi3,Linux,x86_64,manylinux1_x86_64,vllm-0.9.2-cp38-abi3-manylinux1_x86_64.whl,https://wheels.vllm.ai/0.9.2,https://wheels.vllm.ai/0.9.2/vllm-0.9.2-cp38-abi3-manylinux1_x86_64.whl,"uv pip install ""vllm==0.9.2"" --extra-index-url ""https://wheels.vllm.ai/0.9.2"" --torch-backend auto",,,
417bd0aef71b4873,release,github,0.9.1,0.9.1+cu118,github,cu118,cu118,cp38,abi3,Linux,x86_64,manylinux1_x86_64,vllm-0.9.1+cu118-cp38-abi3-manylinux1_x86_64.whl,,https://github.com/vllm-project/vllm/releases/download/v0.9.1/vllm-0.9.1%2Bcu118-cp38-abi3-manylinux1_x86_64.whl,"uv pip install ""https://github.com/vllm-project/vllm/releases/download/v0.9.1/vllm-0.9.1%2Bcu118-cp38-abi3-manylinux1_x86_64.whl"" --torch-backend auto",,2025-06-10T18:30:42Z,225363344
50425b0ed2b2249d,release,github,0.9.1,0.9.1+cu126,github,cu126,cu126,cp38,abi3,Linux,x86_64,manylinux1_x86_64,vllm-0.9.1+cu126-cp38-abi3-manylinux1_x86_64.whl,,https://github.com/vllm-project/vllm/releases/download/v0.9.1/vllm-0.9.1%2Bcu126-cp38-abi3-manylinux1_x86_64.whl,"uv pip install ""https://github.com/vllm-project/vllm/releases/download/v0.9.1/vllm-0.9.1%2Bcu126-cp38-abi3-manylinux1_x86_64.whl"" --torch-backend auto",,2025-06-10T18:30:42Z,340409492
ef2331a51f44df65,release,github,0.9.1,0.9.1,github,default,,cp38,abi3,Linux,x86_64,manylinux1_x86_64,vllm-0.9.1-cp38-abi3-manylinux1_x86_64.whl,,https://github.com/vllm-project/vllm/releases/download/v0.9.1/vllm-0.9.1-cp38-abi3-manylinux1_x86_64.whl,"uv pip install ""https://github.com/vllm-project/vllm/releases/download/v0.9.1/vllm-0.9.1-cp38-abi3-manylinux1_x86_64.whl"" --torch-backend auto",,2025-06-10T18:30:42Z,394637693
aa419123e46c112b,release,wheels.vllm.ai,0.9.1,0.9.1,main,cu118,cu118,cp38,abi3,Linux,x86_64,manylinux1_x86_64,vllm-0.9.1+cu118-cp38-abi3-manylinux1_x86_64.whl,https://wheels.vllm.ai/0.9.1/cu118,https://wheels.vllm.ai/0.9.1/vllm-0.9.1%2Bcu118-cp38-abi3-manylinux1_x86_64.whl,"uv pip install ""vllm==0.9.1"" --extra-index-url ""https://wheels.vllm.ai/0.9.1/cu118"" --torch-backend auto",,,
ab06a713caea9334,release,wheels.vllm.ai,0.9.1,0.9.1,main,cu126,cu126,cp38,abi3,Linux,x86_64,manylinux1_x86_64,vllm-0.9.1+cu126-cp38-abi3-manylinux1_x86_64.whl,https://wheels.vllm.ai/0.9.1/cu126,https://wheels.vllm.ai/0.9.1/vllm-0.9.1%2Bcu126-cp38-abi3-manylinux1_x86_64.whl,"uv pip install ""vllm==0.9.1"" --extra-index-url ""https://wheels.vllm.ai/0.9.1/cu126"" --torch-backend auto",,,
e277161a06ea8145,release,wheels.vllm.ai,0.9.1,0.9.1,main,default,,cp38,abi3,Linux,x86_64,manylinux1_x86_64,vllm-0.9.1-cp38-abi3-manylinux1_x86_64.whl,https://wheels.vllm.ai/0.9.1,https://wheels.vllm.ai/0.9.1/vllm-0.9.1-cp38-abi3-manylinux1_x86_64.whl,"uv pip install ""vllm==0.9.1"" --extra-index-url ""https://wheels.vllm.ai/0.9.1"" --torch-backend auto",,,
40b81e8a3340b9e3,release,github,0.9.1rc1,0.9.1rc1+cu118,github,cu118,cu118,cp38,abi3,Linux,x86_64,manylinux1_x86_64,vllm-0.9.1rc1+cu118-cp38-abi3-manylinux1_x86_64.whl,,https://github.com/vllm-project/vllm/releases/download/v0.9.1rc1/vllm-0.9.1rc1%2Bcu118-cp38-abi3-manylinux1_x86_64.whl,"uv pip install ""https://github.com/vllm-project/vllm/releases/download/v0.9.1rc1/vllm-0.9.1rc1%2Bcu118-cp38-abi3-manylinux1_x86_64.whl"" --torch-backend auto",,2025-06-09T23:48:20Z,225361450
c3a3730a7baad52e,release,github,0.9.1rc1,0.9.1rc1+cu126,github,cu126,cu126,cp38,abi3,Linux,x86_64,manylinux1_x86_64,vllm-0.9.1rc1+cu126-cp38-abi3-manylinux1_x86_64.whl,,https://github.com/vllm-project/vllm/releases/download/v0.9.1rc1/vllm-0.9.1rc1%2Bcu126-cp38-abi3-manylinux1_x86_64.whl,"uv pip install ""https://github.com/vllm-project/vllm/releases/download/v0.9.1rc1/vllm-0.9.1rc1%2Bcu126-cp38-abi3-manylinux1_x86_64.whl"" --torch-backend auto",,2025-06-09T23:48:20Z,340407600
2a9a8bd2b3e38488,release,github,0.9.1rc1,0.9.1rc1,github,default,,cp38,abi3,Linux,x86_64,manylinux1_x86_64,vllm-0.9.1rc1-cp38-abi3-manylinux1_x86_64.whl,,https://github.com/vllm-project/vllm/releases/download/v0.9.1rc1/vllm-0.9.1rc1-cp38-abi3-manylinux1_x86_64.whl,"uv pip install ""https://github.com/vllm-project/vllm/releases/download/v0.9.1rc1/vllm-0.9.1rc1-cp38-abi3-manylinux1_x86_64.whl"" --torch-backend auto",,2025-06-09T23:48:20Z,394635793
b4062454e8191257,release,github,0.9.0.1,0.9.0.1+cu118,github,cu118,cu118,cp38,abi3,Linux,x86_64,manylinux1_x86_64,vllm-0.9.0.1+cu118-cp38-abi3-manylinux1_x86_64.whl,,https://github.com/vllm-project/vllm/releases/download/v0.9.0.1/vllm-0.9.0.1%2Bcu118-cp38-abi3-manylinux1_x86_64.whl,"uv pip install ""https://github.com/vllm-project/vllm/releases/download/v0.9.0.1/vllm-0.9.0.1%2Bcu118-cp38-abi3-manylinux1_x86_64.whl"" --torch-backend auto",,2025-05-30T16:11:16Z,208232845
be94d86b291d5ee1,release,github,0.9.0.1,0.9.0.1+cu126,github,cu126,cu126,cp38,abi3,Linux,x86_64,manylinux1_x86_64,vllm-0.9.0.1+cu126-cp38-abi3-manylinux1_x86_64.whl,,https://github.com/vllm-project/vllm/releases/download/v0.9.0.1/vllm-0.9.0.1%2Bcu126-cp38-abi3-manylinux1_x86_64.whl,"uv pip install ""https://github.com/vllm-project/vllm/releases/download/v0.9.0.1/vllm-0.9.0.1%2Bcu126-cp38-abi3-manylinux1_x86_64.whl"" --torch-backend auto",,2025-05-30T16:11:16Z,323201080
c8050e708be77720,release,github,0.9.0.1,0.9.0.1,github,default,,cp38,abi3,Linux,x86_64,manylinux1_x86_64,vllm-0.9.0.1-cp38-abi3-manylinux1_x86_64.whl,,https://github.com/vllm-project/vllm/releases/download/v0.9.0.1/vllm-0.9.0.1-cp38-abi3-manylinux1_x86_64.whl,"uv pip install ""https://github.com/vllm-project/vllm/releases/download/v0.9.0.1/vllm-0.9.0.1-cp38-abi3-manylinux1_x86_64.whl"" --torch-backend auto",,2025-05-30T16:11:16Z,377193539
c2bcec59012386aa,release,wheels.vllm.ai,0.9.0.1,0.9.0.1,main,cu118,cu118,cp38,abi3,Linux,x86_64,manylinux1_x86_64,vllm-0.9.0.1+cu118-cp38-abi3-manylinux1_x86_64.whl,https://wheels.vllm.ai/0.9.0.1/cu118,https://wheels.vllm.ai/0.9.0.1/vllm-0.9.0.1%2Bcu118-cp38-abi3-manylinux1_x86_64.whl,"uv pip install ""vllm==0.9.0.1"" --extra-index-url ""https://wheels.vllm.ai/0.9.0.1/cu118"" --torch-backend auto",,,
a662fb9f864dbace,release,wheels.vllm.ai,0.9.0.1,0.9.0.1,main,cu126,cu126,cp38,abi3,Linux,x86_64,manylinux1_x86_64,vllm-0.9.0.1+cu126-cp38-abi3-manylinux1_x86_64.whl,https://wheels.vllm.ai/0.9.0.1/cu126,https://wheels.vllm.ai/0.9.0.1/vllm-0.9.0.1%2Bcu126-cp38-abi3-manylinux1_x86_64.whl,"uv pip install ""vllm==0.9.0.1"" --extra-index-url ""https://wheels.vllm.ai/0.9.0.1/cu126"" --torch-backend auto",,,
6a7f18a9d7abab32,release,wheels.vllm.ai,0.9.0.1,0.9.0.1,main,default,,cp38,abi3,Linux,x86_64,manylinux1_x86_64,vllm-0.9.0.1-cp38-abi3-manylinux1_x86_64.whl,https://wheels.vllm.ai/0.9.0.1,https://wheels.vllm.ai/0.9.0.1/vllm-0.9.0.1-cp38-abi3-manylinux1_x86_64.whl,"uv pip install ""vllm==0.9.0.1"" --extra-index-url ""https://wheels.vllm.ai/0.9.0.1"" --torch-backend auto",,,
452ff8046b7955f5,release,github,0.9.0,0.9.0+cu118,github,cu118,cu118,cp38,abi3,Linux,x86_64,manylinux1_x86_64,vllm-0.9.0+cu118-cp38-abi3-manylinux1_x86_64.whl,,https://github.com/vllm-project/vllm/releases/download/v0.9.0/vllm-0.9.0%2Bcu118-cp38-abi3-manylinux1_x86_64.whl,"uv pip install ""https://github.com/vllm-project/vllm/releases/download/v0.9.0/vllm-0.9.0%2Bcu118-cp38-abi3-manylinux1_x86_64.whl"" --torch-backend auto",,2025-05-15T03:38:25Z,208232435
023744692c3ac7cc,release,github,0.9.0,0.9.0+cu126,github,cu126,cu126,cp38,abi3,Linux,x86_64,manylinux1_x86_64,vllm-0.9.0+cu126-cp38-abi3-manylinux1_x86_64.whl,,https://github.com/vllm-project/vllm/releases/download/v0.9.0/vllm-0.9.0%2Bcu126-cp38-abi3-manylinux1_x86_64.whl,"uv pip install ""https://github.com/vllm-project/vllm/releases/download/v0.9.0/vllm-0.9.0%2Bcu126-cp38-abi3-manylinux1_x86_64.whl"" --torch-backend auto",,2025-05-15T03:38:25Z,323200705
b105924747a8ffa4,release,github,0.9.0,0.9.0,github,default,,cp38,abi3,Linux,x86_64,manylinux1_x86_64,vllm-0.9.0-cp38-abi3-manylinux1_x86_64.whl,,https://github.com/vllm-project/vllm/releases/download/v0.9.0/vllm-0.9.0-cp38-abi3-manylinux1_x86_64.whl,"uv pip install ""https://github.com/vllm-project/vllm/releases/download/v0.9.0/vllm-0.9.0-cp38-abi3-manylinux1_x86_64.whl"" --torch-backend auto",,2025-05-15T03:38:25Z,377192911
1e92cf3011d4b704,release,wheels.vllm.ai,0.9.0,0.9.0,main,cu118,cu118,cp38,abi3,Linux,x86_64,manylinux1_x86_64,vllm-0.9.0+cu118-cp38-abi3-manylinux1_x86_64.whl,https://wheels.vllm.ai/0.9.0/cu118,https://wheels.vllm.ai/0.9.0/vllm-0.9.0%2Bcu118-cp38-abi3-manylinux1_x86_64.whl,"uv pip install ""vllm==0.9.0"" --extra-index-url ""https://wheels.vllm.ai/0.9.0/cu118"" --torch-backend auto",,,
b3cb20cf0da0e2ce,release,wheels.vllm.ai,0.9.0,0.9.0,main,cu126,cu126,cp38,abi3,Linux,x86_64,manylinux1_x86_64,vllm-0.9.0+cu126-cp38-abi3-manylinux1_x86_64.whl,https://wheels.vllm.ai/0.9.0/cu126,https://wheels.vllm.ai/0.9.0/vllm-0.9.0%2Bcu126-cp38-abi3-manylinux1_x86_64.whl,"uv pip install ""vllm==0.9.0"" --extra-index-url ""https://wheels.vllm.ai/0.9.0/cu126"" --torch-backend auto",,,
2b7f6dfcbe7fdf01,release,wheels.vllm.ai,0.9.0,0.9.0,main,default,,cp38,abi3,Linux,x86_64,manylinux1_x86_64,vllm-0.9.0-cp38-abi3-manylinux1_x86_64.whl,https://wheels.vllm.ai/0.9.0,https://wheels.vllm.ai/0.9.0/vllm-0.9.0-cp38-abi3-manylinux1_x86_64.whl,"uv pip install ""vllm==0.9.0"" --extra-index-url ""https://wheels.vllm.ai/0.9.0"" --torch-backend auto",,,
7170a4fbe126b651,release,github,0.8.5.post1,0.8.5.post1+cu118,github,cu118,cu118,cp38,abi3,Linux,x86_64,manylinux1_x86_64,vllm-0.8.5.post1+cu118-cp38-abi3-manylinux1_x86_64.whl,,https://github.com/vllm-project/vllm/releases/download/v0.8.5.post1/vllm-0.8.5.post1%2Bcu118-cp38-abi3-manylinux1_x86_64.whl,"uv pip install ""https://github.com/vllm-project/vllm/releases/download/v0.8.5.post1/vllm-0.8.5.post1%2Bcu118-cp38-abi3-manylinux1_x86_64.whl"" --torch-backend auto",,2025-05-02T18:03:41Z,213619284
4610f6e520e8a6a3,release,github,0.8.5.post1,0.8.5.post1+cu121,github,cu121,cu121,cp38,abi3,Linux,x86_64,manylinux1_x86_64,vllm-0.8.5.post1+cu121-cp38-abi3-manylinux1_x86_64.whl,,https://github.com/vllm-project/vllm/releases/download/v0.8.5.post1/vllm-0.8.5.post1%2Bcu121-cp38-abi3-manylinux1_x86_64.whl,"uv pip install ""https://github.com/vllm-project/vllm/releases/download/v0.8.5.post1/vllm-0.8.5.post1%2Bcu121-cp38-abi3-manylinux1_x86_64.whl"" --torch-backend auto",,2025-05-02T18:03:41Z,214399807
908425339b94913a,release,github,0.8.5.post1,0.8.5.post1,github,default,,cp38,abi3,Linux,x86_64,manylinux1_x86_64,vllm-0.8.5.post1-cp38-abi3-manylinux1_x86_64.whl,,https://github.com/vllm-project/vllm/releases/download/v0.8.5.post1/vllm-0.8.5.post1-cp38-abi3-manylinux1_x86_64.whl,"uv pip install ""https://github.com/vllm-project/vllm/releases/download/v0.8.5.post1/vllm-0.8.5.post1-cp38-abi3-manylinux1_x86_64.whl"" --torch-backend auto",,2025-05-02T18:03:41Z,326421557
55291f88cff76f17,release,wheels.vllm.ai,0.8.5.post1,0.8.5.post1,main,cu118,cu118,cp38,abi3,Linux,x86_64,manylinux1_x86_64,vllm-0.8.5.post1+cu118-cp38-abi3-manylinux1_x86_64.whl,https://wheels.vllm.ai/0.8.5.post1/cu118,https://wheels.vllm.ai/0.8.5.post1/vllm-0.8.5.post1%2Bcu118-cp38-abi3-manylinux1_x86_64.whl,"uv pip install ""vllm==0.8.5.post1"" --extra-index-url ""https://wheels.vllm.ai/0.8.5.post1/cu118"" --torch-backend auto",,,
805cd053dc311c1b,release,wheels.vllm.ai,0.8.5.post1,0.8.5.post1,main,cu121,cu121,cp38,abi3,Linux,x86_64,manylinux1_x86_64,vllm-0.8.5.post1+cu121-cp38-abi3-manylinux1_x86_64.whl,https://wheels.vllm.ai/0.8.5.post1/cu121,https://wheels.vllm.ai/0.8.5.post1/vllm-0.8.5.post1%2Bcu121-cp38-abi3-manylinux1_x86_64.whl,"uv pip install ""vllm==0.8.5.post1"" --extra-index-url ""https://wheels.vllm.ai/0.8.5.post1/cu121"" --torch-backend auto",,,
8c7847748bd73207,release,wheels.vllm.ai,0.8.5.post1,0.8.5.post1,main,default,,cp38,abi3,Linux,x86_64,manylinux1_x86_64,vllm-0.8.5.post1-cp38-abi3-manylinux1_x86_64.whl,https://wheels.vllm.ai/0.8.5.post1,https://wheels.vllm.ai/0.8.5.post1/vllm-0.8.5.post1-cp38-abi3-manylinux1_x86_64.whl,"uv pip install ""vllm==0.8.5.post1"" --extra-index-url ""https://wheels.vllm.ai/0.8.5.post1"" --torch-backend auto",,,
6355a4d04a2c60cb,release,github,0.8.5,0.8.5+cu118,github,cu118,cu118,cp38,abi3,Linux,x86_64,manylinux1_x86_64,vllm-0.8.5+cu118-cp38-abi3-manylinux1_x86_64.whl,,https://github.com/vllm-project/vllm/releases/download/v0.8.5/vllm-0.8.5%2Bcu118-cp38-abi3-manylinux1_x86_64.whl,"uv pip install ""https://github.com/vllm-project/vllm/releases/download/v0.8.5/vllm-0.8.5%2Bcu118-cp38-abi3-manylinux1_x86_64.whl"" --torch-backend auto",,2025-04-28T21:13:09Z,213618745
8e82dd428e4d4434,release,github,0.8.5,0.8.5+cu121,github,cu121,cu121,cp38,abi3,Linux,x86_64,manylinux1_x86_64,vllm-0.8.5+cu121-cp38-abi3-manylinux1_x86_64.whl,,https://github.com/vllm-project/vllm/releases/download/v0.8.5/vllm-0.8.5%2Bcu121-cp38-abi3-manylinux1_x86_64.whl,"uv pip install ""https://github.com/vllm-project/vllm/releases/download/v0.8.5/vllm-0.8.5%2Bcu121-cp38-abi3-manylinux1_x86_64.whl"" --torch-backend auto",,2025-04-28T21:13:09Z,214399271
89d2740be1f04878,release,github,0.8.5,0.8.5,github,default,,cp38,abi3,Linux,x86_64,manylinux1_x86_64,vllm-0.8.5-cp38-abi3-manylinux1_x86_64.whl,,https://github.com/vllm-project/vllm/releases/download/v0.8.5/vllm-0.8.5-cp38-abi3-manylinux1_x86_64.whl,"uv pip install ""https://github.com/vllm-project/vllm/releases/download/v0.8.5/vllm-0.8.5-cp38-abi3-manylinux1_x86_64.whl"" --torch-backend auto",,2025-04-28T21:13:09Z,326421025
0c2d8e9296bbdc36,release,wheels.vllm.ai,0.8.5,0.8.5,main,cu118,cu118,cp38,abi3,Linux,x86_64,manylinux1_x86_64,vllm-0.8.5+cu118-cp38-abi3-manylinux1_x86_64.whl,https://wheels.vllm.ai/0.8.5/cu118,https://wheels.vllm.ai/0.8.5/vllm-0.8.5%2Bcu118-cp38-abi3-manylinux1_x86_64.whl,"uv pip install ""vllm==0.8.5"" --extra-index-url ""https://wheels.vllm.ai/0.8.5/cu118"" --torch-backend auto",,,
2b0d5cc03de1f41d,release,wheels.vllm.ai,0.8.5,0.8.5,main,cu121,cu121,cp38,abi3,Linux,x86_64,manylinux1_x86_64,vllm-0.8.5+cu121-cp38-abi3-manylinux1_x86_64.whl,https://wheels.vllm.ai/0.8.5/cu121,https://wheels.vllm.ai/0.8.5/vllm-0.8.5%2Bcu121-cp38-abi3-manylinux1_x86_64.whl,"uv pip install ""vllm==0.8.5"" --extra-index-url ""https://wheels.vllm.ai/0.8.5/cu121"" --torch-backend auto",,,
436a6653dd0da566,release,wheels.vllm.ai,0.8.5,0.8.5,main,default,,cp38,abi3,Linux,x86_64,manylinux1_x86_64,vllm-0.8.5-cp38-abi3-manylinux1_x86_64.whl,https://wheels.vllm.ai/0.8.5,https://wheels.vllm.ai/0.8.5/vllm-0.8.5-cp38-abi3-manylinux1_x86_64.whl,"uv pip install ""vllm==0.8.5"" --extra-index-url ""https://wheels.vllm.ai/0.8.5"" --torch-backend auto",,,
33ced4d17f7ceffa,release,github,0.8.4,0.8.4+cu118,github,cu118,cu118,cp38,abi3,Linux,x86_64,manylinux1_x86_64,vllm-0.8.4+cu118-cp38-abi3-manylinux1_x86_64.whl,,https://github.com/vllm-project/vllm/releases/download/v0.8.4/vllm-0.8.4%2Bcu118-cp38-abi3-manylinux1_x86_64.whl,"uv pip install ""https://github.com/vllm-project/vllm/releases/download/v0.8.4/vllm-0.8.4%2Bcu118-cp38-abi3-manylinux1_x86_64.whl"" --torch-backend auto",,2025-04-14T06:14:20Z,201819182
b00a54269bcbb142,release,github,0.8.4,0.8.4+cu121,github,cu121,cu121,cp38,abi3,Linux,x86_64,manylinux1_x86_64,vllm-0.8.4+cu121-cp38-abi3-manylinux1_x86_64.whl,,https://github.com/vllm-project/vllm/releases/download/v0.8.4/vllm-0.8.4%2Bcu121-cp38-abi3-manylinux1_x86_64.whl,"uv pip install ""https://github.com/vllm-project/vllm/releases/download/v0.8.4/vllm-0.8.4%2Bcu121-cp38-abi3-manylinux1_x86_64.whl"" --torch-backend auto",,2025-04-14T06:14:20Z,202652721
6b23604fe8e44784,release,github,0.8.4,0.8.4,github,default,,cp38,abi3,Linux,x86_64,manylinux1_x86_64,vllm-0.8.4-cp38-abi3-manylinux1_x86_64.whl,,https://github.com/vllm-project/vllm/releases/download/v0.8.4/vllm-0.8.4-cp38-abi3-manylinux1_x86_64.whl,"uv pip install ""https://github.com/vllm-project/vllm/releases/download/v0.8.4/vllm-0.8.4-cp38-abi3-manylinux1_x86_64.whl"" --torch-backend auto",,2025-04-14T06:14:20Z,294098962
20e0fc52923970ab,release,wheels.vllm.ai,0.8.4,0.8.4,main,cu118,cu118,cp38,abi3,Linux,x86_64,manylinux1_x86_64,vllm-0.8.4+cu118-cp38-abi3-manylinux1_x86_64.whl,https://wheels.vllm.ai/0.8.4/cu118,https://wheels.vllm.ai/0.8.4/vllm-0.8.4%2Bcu118-cp38-abi3-manylinux1_x86_64.whl,"uv pip install ""vllm==0.8.4"" --extra-index-url ""https://wheels.vllm.ai/0.8.4/cu118"" --torch-backend auto",,,
679197dd45173c4e,release,wheels.vllm.ai,0.8.4,0.8.4,main,cu121,cu121,cp38,abi3,Linux,x86_64,manylinux1_x86_64,vllm-0.8.4+cu121-cp38-abi3-manylinux1_x86_64.whl,https://wheels.vllm.ai/0.8.4/cu121,https://wheels.vllm.ai/0.8.4/vllm-0.8.4%2Bcu121-cp38-abi3-manylinux1_x86_64.whl,"uv pip install ""vllm==0.8.4"" --extra-index-url ""https://wheels.vllm.ai/0.8.4/cu121"" --torch-backend auto",,,
a4a5f0db763239e0,release,wheels.vllm.ai,0.8.4,0.8.4,main,default,,cp38,abi3,Linux,x86_64,manylinux1_x86_64,vllm-0.8.4-cp38-abi3-manylinux1_x86_64.whl,https://wheels.vllm.ai/0.8.4,https://wheels.vllm.ai/0.8.4/vllm-0.8.4-cp38-abi3-manylinux1_x86_64.whl,"uv pip install ""vllm==0.8.4"" --extra-index-url ""https://wheels.vllm.ai/0.8.4"" --torch-backend auto",,,
a52aaf29d84521ad,release,github,0.8.3,0.8.3+cu118,github,cu118,cu118,cp38,abi3,Linux,x86_64,manylinux1_x86_64,vllm-0.8.3+cu118-cp38-abi3-manylinux1_x86_64.whl,,https://github.com/vllm-project/vllm/releases/download/v0.8.3/vllm-0.8.3%2Bcu118-cp38-abi3-manylinux1_x86_64.whl,"uv pip install ""https://github.com/vllm-project/vllm/releases/download/v0.8.3/vllm-0.8.3%2Bcu118-cp38-abi3-manylinux1_x86_64.whl"" --torch-backend auto",,2025-04-06T04:11:42Z,201763441
99e30e222d786345,release,github,0.8.3,0.8.3+cu121,github,cu121,cu121,cp38,abi3,Linux,x86_64,manylinux1_x86_64,vllm-0.8.3+cu121-cp38-abi3-manylinux1_x86_64.whl,,https://github.com/vllm-project/vllm/releases/download/v0.8.3/vllm-0.8.3%2Bcu121-cp38-abi3-manylinux1_x86_64.whl,"uv pip install ""https://github.com/vllm-project/vllm/releases/download/v0.8.3/vllm-0.8.3%2Bcu121-cp38-abi3-manylinux1_x86_64.whl"" --torch-backend auto",,2025-04-06T04:11:42Z,202593000
617012140878224c,release,github,0.8.3,0.8.3,github,default,,cp38,abi3,Linux,x86_64,manylinux1_x86_64,vllm-0.8.3-cp38-abi3-manylinux1_x86_64.whl,,https://github.com/vllm-project/vllm/releases/download/v0.8.3/vllm-0.8.3-cp38-abi3-manylinux1_x86_64.whl,"uv pip install ""https://github.com/vllm-project/vllm/releases/download/v0.8.3/vllm-0.8.3-cp38-abi3-manylinux1_x86_64.whl"" --torch-backend auto",,2025-04-06T04:11:42Z,294034759
b76ac5cd0bbeace4,release,wheels.vllm.ai,0.8.3,0.8.3,main,cu118,cu118,cp38,abi3,Linux,x86_64,manylinux1_x86_64,vllm-0.8.3+cu118-cp38-abi3-manylinux1_x86_64.whl,https://wheels.vllm.ai/0.8.3/cu118,https://wheels.vllm.ai/0.8.3/vllm-0.8.3%2Bcu118-cp38-abi3-manylinux1_x86_64.whl,"uv pip install ""vllm==0.8.3"" --extra-index-url ""https://wheels.vllm.ai/0.8.3/cu118"" --torch-backend auto",,,
11bef4f0a2f37e98,release,wheels.vllm.ai,0.8.3,0.8.3,main,cu121,cu121,cp38,abi3,Linux,x86_64,manylinux1_x86_64,vllm-0.8.3+cu121-cp38-abi3-manylinux1_x86_64.whl,https://wheels.vllm.ai/0.8.3/cu121,https://wheels.vllm.ai/0.8.3/vllm-0.8.3%2Bcu121-cp38-abi3-manylinux1_x86_64.whl,"uv pip install ""vllm==0.8.3"" --extra-index-url ""https://wheels.vllm.ai/0.8.3/cu121"" --torch-backend auto",,,
90c15c9f9ada3200,release,wheels.vllm.ai,0.8.3,0.8.3,main,default,,cp38,abi3,Linux,x86_64,manylinux1_x86_64,vllm-0.8.3-cp38-abi3-manylinux1_x86_64.whl,https://wheels.vllm.ai/0.8.3,https://wheels.vllm.ai/0.8.3/vllm-0.8.3-cp38-abi3-manylinux1_x86_64.whl,"uv pip install ""vllm==0.8.3"" --extra-index-url ""https://wheels.vllm.ai/0.8.3"" --torch-backend auto",,,
42686645ca351ac7,release,github,0.8.2,0.8.2+cu118,github,cu118,cu118,cp38,abi3,Linux,x86_64,manylinux1_x86_64,vllm-0.8.2+cu118-cp38-abi3-manylinux1_x86_64.whl,,https://github.com/vllm-project/vllm/releases/download/v0.8.2/vllm-0.8.2%2Bcu118-cp38-abi3-manylinux1_x86_64.whl,"uv pip install ""https://github.com/vllm-project/vllm/releases/download/v0.8.2/vllm-0.8.2%2Bcu118-cp38-abi3-manylinux1_x86_64.whl"" --torch-backend auto",,2025-03-23T21:05:21Z,201536579
88ca8ff9a268b949,release,github,0.8.2,0.8.2+cu121,github,cu121,cu121,cp38,abi3,Linux,x86_64,manylinux1_x86_64,vllm-0.8.2+cu121-cp38-abi3-manylinux1_x86_64.whl,,https://github.com/vllm-project/vllm/releases/download/v0.8.2/vllm-0.8.2%2Bcu121-cp38-abi3-manylinux1_x86_64.whl,"uv pip install ""https://github.com/vllm-project/vllm/releases/download/v0.8.2/vllm-0.8.2%2Bcu121-cp38-abi3-manylinux1_x86_64.whl"" --torch-backend auto",,2025-03-23T21:05:21Z,297294679
5b5f2d8a4060a4a6,release,github,0.8.2,0.8.2,github,default,,cp38,abi3,Linux,x86_64,manylinux1_x86_64,vllm-0.8.2-cp38-abi3-manylinux1_x86_64.whl,,https://github.com/vllm-project/vllm/releases/download/v0.8.2/vllm-0.8.2-cp38-abi3-manylinux1_x86_64.whl,"uv pip install ""https://github.com/vllm-project/vllm/releases/download/v0.8.2/vllm-0.8.2-cp38-abi3-manylinux1_x86_64.whl"" --torch-backend auto",,2025-03-23T21:05:21Z,293643693
ca1ce1e0893c2890,release,wheels.vllm.ai,0.8.2,0.8.2,main,cu118,cu118,cp38,abi3,Linux,x86_64,manylinux1_x86_64,vllm-0.8.2+cu118-cp38-abi3-manylinux1_x86_64.whl,https://wheels.vllm.ai/0.8.2/cu118,https://wheels.vllm.ai/0.8.2/vllm-0.8.2%2Bcu118-cp38-abi3-manylinux1_x86_64.whl,"uv pip install ""vllm==0.8.2"" --extra-index-url ""https://wheels.vllm.ai/0.8.2/cu118"" --torch-backend auto",,,
fd78223cd277e44d,release,wheels.vllm.ai,0.8.2,0.8.2,main,cu121,cu121,cp38,abi3,Linux,x86_64,manylinux1_x86_64,vllm-0.8.2+cu121-cp38-abi3-manylinux1_x86_64.whl,https://wheels.vllm.ai/0.8.2/cu121,https://wheels.vllm.ai/0.8.2/vllm-0.8.2%2Bcu121-cp38-abi3-manylinux1_x86_64.whl,"uv pip install ""vllm==0.8.2"" --extra-index-url ""https://wheels.vllm.ai/0.8.2/cu121"" --torch-backend auto",,,
83552bfd6dd3eb78,release,wheels.vllm.ai,0.8.2,0.8.2,main,default,,cp38,abi3,Linux,x86_64,manylinux1_x86_64,vllm-0.8.2-cp38-abi3-manylinux1_x86_64.whl,https://wheels.vllm.ai/0.8.2,https://wheels.vllm.ai/0.8.2/vllm-0.8.2-cp38-abi3-manylinux1_x86_64.whl,"uv pip install ""vllm==0.8.2"" --extra-index-url ""https://wheels.vllm.ai/0.8.2"" --torch-backend auto",,,
e4abde68c5a7b047,release,github,0.8.1,0.8.1+cu118,github,cu118,cu118,cp38,abi3,Linux,x86_64,manylinux1_x86_64,vllm-0.8.1+cu118-cp38-abi3-manylinux1_x86_64.whl,,https://github.com/vllm-project/vllm/releases/download/v0.8.1/vllm-0.8.1%2Bcu118-cp38-abi3-manylinux1_x86_64.whl,"uv pip install ""https://github.com/vllm-project/vllm/releases/download/v0.8.1/vllm-0.8.1%2Bcu118-cp38-abi3-manylinux1_x86_64.whl"" --torch-backend auto",,2025-03-19T17:40:43Z,202004448
12adb63026078bd6,release,github,0.8.1,0.8.1+cu121,github,cu121,cu121,cp38,abi3,Linux,x86_64,manylinux1_x86_64,vllm-0.8.1+cu121-cp38-abi3-manylinux1_x86_64.whl,,https://github.com/vllm-project/vllm/releases/download/v0.8.1/vllm-0.8.1%2Bcu121-cp38-abi3-manylinux1_x86_64.whl,"uv pip install ""https://github.com/vllm-project/vllm/releases/download/v0.8.1/vllm-0.8.1%2Bcu121-cp38-abi3-manylinux1_x86_64.whl"" --torch-backend auto",,2025-03-19T17:40:43Z,268721182
6e7d835bcb7e7bce,release,github,0.8.1,0.8.1,github,default,,cp38,abi3,Linux,x86_64,manylinux1_x86_64,vllm-0.8.1-cp38-abi3-manylinux1_x86_64.whl,,https://github.com/vllm-project/vllm/releases/download/v0.8.1/vllm-0.8.1-cp38-abi3-manylinux1_x86_64.whl,"uv pip install ""https://github.com/vllm-project/vllm/releases/download/v0.8.1/vllm-0.8.1-cp38-abi3-manylinux1_x86_64.whl"" --torch-backend auto",,2025-03-19T17:40:43Z,265326842
aa6cdcb7964717bd,release,wheels.vllm.ai,0.8.1,0.8.1,main,cu118,cu118,cp38,abi3,Linux,x86_64,manylinux1_x86_64,vllm-0.8.1+cu118-cp38-abi3-manylinux1_x86_64.whl,https://wheels.vllm.ai/0.8.1/cu118,https://wheels.vllm.ai/0.8.1/vllm-0.8.1%2Bcu118-cp38-abi3-manylinux1_x86_64.whl,"uv pip install ""vllm==0.8.1"" --extra-index-url ""https://wheels.vllm.ai/0.8.1/cu118"" --torch-backend auto",,,
b80d4e0ea4013d04,release,wheels.vllm.ai,0.8.1,0.8.1,main,cu121,cu121,cp38,abi3,Linux,x86_64,manylinux1_x86_64,vllm-0.8.1+cu121-cp38-abi3-manylinux1_x86_64.whl,https://wheels.vllm.ai/0.8.1/cu121,https://wheels.vllm.ai/0.8.1/vllm-0.8.1%2Bcu121-cp38-abi3-manylinux1_x86_64.whl,"uv pip install ""vllm==0.8.1"" --extra-index-url ""https://wheels.vllm.ai/0.8.1/cu121"" --torch-backend auto",,,
bd2736b51ab2c963,release,wheels.vllm.ai,0.8.1,0.8.1,main,default,,cp38,abi3,Linux,x86_64,manylinux1_x86_64,vllm-0.8.1-cp38-abi3-manylinux1_x86_64.whl,https://wheels.vllm.ai/0.8.1,https://wheels.vllm.ai/0.8.1/vllm-0.8.1-cp38-abi3-manylinux1_x86_64.whl,"uv pip install ""vllm==0.8.1"" --extra-index-url ""https://wheels.vllm.ai/0.8.1"" --torch-backend auto",,,
1575543139369640,release,github,0.8.0,0.8.0+cu118,github,cu118,cu118,cp38,abi3,Linux,x86_64,manylinux1_x86_64,vllm-0.8.0+cu118-cp38-abi3-manylinux1_x86_64.whl,,https://github.com/vllm-project/vllm/releases/download/v0.8.0/vllm-0.8.0%2Bcu118-cp38-abi3-manylinux1_x86_64.whl,"uv pip install ""https://github.com/vllm-project/vllm/releases/download/v0.8.0/vllm-0.8.0%2Bcu118-cp38-abi3-manylinux1_x86_64.whl"" --torch-backend auto",,2025-03-18T17:52:20Z,201967711
77a832858362371a,release,github,0.8.0,0.8.0+cu121,github,cu121,cu121,cp38,abi3,Linux,x86_64,manylinux1_x86_64,vllm-0.8.0+cu121-cp38-abi3-manylinux1_x86_64.whl,,https://github.com/vllm-project/vllm/releases/download/v0.8.0/vllm-0.8.0%2Bcu121-cp38-abi3-manylinux1_x86_64.whl,"uv pip install ""https://github.com/vllm-project/vllm/releases/download/v0.8.0/vllm-0.8.0%2Bcu121-cp38-abi3-manylinux1_x86_64.whl"" --torch-backend auto",,2025-03-18T17:52:20Z,268684447
f1d98f1394935375,release,github,0.8.0,0.8.0,github,default,,cp38,abi3,Linux,x86_64,manylinux1_x86_64,vllm-0.8.0-cp38-abi3-manylinux1_x86_64.whl,,https://github.com/vllm-project/vllm/releases/download/v0.8.0/vllm-0.8.0-cp38-abi3-manylinux1_x86_64.whl,"uv pip install ""https://github.com/vllm-project/vllm/releases/download/v0.8.0/vllm-0.8.0-cp38-abi3-manylinux1_x86_64.whl"" --torch-backend auto",,2025-03-18T17:52:20Z,265290109
cac7ecc0f322bc03,release,wheels.vllm.ai,0.8.0,0.8.0,main,cu118,cu118,cp38,abi3,Linux,x86_64,manylinux1_x86_64,vllm-0.8.0+cu118-cp38-abi3-manylinux1_x86_64.whl,https://wheels.vllm.ai/0.8.0/cu118,https://wheels.vllm.ai/0.8.0/vllm-0.8.0%2Bcu118-cp38-abi3-manylinux1_x86_64.whl,"uv pip install ""vllm==0.8.0"" --extra-index-url ""https://wheels.vllm.ai/0.8.0/cu118"" --torch-backend auto",,,
5415342a964fdc81,release,wheels.vllm.ai,0.8.0,0.8.0,main,cu121,cu121,cp38,abi3,Linux,x86_64,manylinux1_x86_64,vllm-0.8.0+cu121-cp38-abi3-manylinux1_x86_64.whl,https://wheels.vllm.ai/0.8.0/cu121,https://wheels.vllm.ai/0.8.0/vllm-0.8.0%2Bcu121-cp38-abi3-manylinux1_x86_64.whl,"uv pip install ""vllm==0.8.0"" --extra-index-url ""https://wheels.vllm.ai/0.8.0/cu121"" --torch-backend auto",,,
48545a76c83baeb2,release,wheels.vllm.ai,0.8.0,0.8.0,main,default,,cp38,abi3,Linux,x86_64,manylinux1_x86_64,vllm-0.8.0-cp38-abi3-manylinux1_x86_64.whl,https://wheels.vllm.ai/0.8.0,https://wheels.vllm.ai/0.8.0/vllm-0.8.0-cp38-abi3-manylinux1_x86_64.whl,"uv pip install ""vllm==0.8.0"" --extra-index-url ""https://wheels.vllm.ai/0.8.0"" --torch-backend auto",,,
6e7bd659b12404f9,release,github,0.7.3,0.7.3+cu118,github,cu118,cu118,cp38,abi3,Linux,x86_64,manylinux1_x86_64,vllm-0.7.3+cu118-cp38-abi3-manylinux1_x86_64.whl,,https://github.com/vllm-project/vllm/releases/download/v0.7.3/vllm-0.7.3%2Bcu118-cp38-abi3-manylinux1_x86_64.whl,"uv pip install ""https://github.com/vllm-project/vllm/releases/download/v0.7.3/vllm-0.7.3%2Bcu118-cp38-abi3-manylinux1_x86_64.whl"" --torch-backend auto",,2025-02-20T17:08:41Z,197995899
e65081368ec9aeb7,release,github,0.7.3,0.7.3,github,default,,cp38,abi3,Linux,x86_64,manylinux1_x86_64,vllm-0.7.3-cp38-abi3-manylinux1_x86_64.whl,,https://github.com/vllm-project/vllm/releases/download/v0.7.3/vllm-0.7.3-cp38-abi3-manylinux1_x86_64.whl,"uv pip install ""https://github.com/vllm-project/vllm/releases/download/v0.7.3/vllm-0.7.3-cp38-abi3-manylinux1_x86_64.whl"" --torch-backend auto",,2025-02-20T17:08:41Z,264589921
afccbe0258e60190,release,wheels.vllm.ai,0.7.3,0.7.3,main,cu118,cu118,cp38,abi3,Linux,x86_64,manylinux1_x86_64,vllm-0.7.3+cu118-cp38-abi3-manylinux1_x86_64.whl,https://wheels.vllm.ai/0.7.3/cu118,https://wheels.vllm.ai/0.7.3/vllm-0.7.3%2Bcu118-cp38-abi3-manylinux1_x86_64.whl,"uv pip install ""vllm==0.7.3"" --extra-index-url ""https://wheels.vllm.ai/0.7.3/cu118"" --torch-backend auto",,,
c84bd40136339b9f,release,wheels.vllm.ai,0.7.3,0.7.3,main,default,,cp38,abi3,Linux,x86_64,manylinux1_x86_64,vllm-0.7.3-cp38-abi3-manylinux1_x86_64.whl,https://wheels.vllm.ai/0.7.3,https://wheels.vllm.ai/0.7.3/vllm-0.7.3-cp38-abi3-manylinux1_x86_64.whl,"uv pip install ""vllm==0.7.3"" --extra-index-url ""https://wheels.vllm.ai/0.7.3"" --torch-backend auto",,,
3162264b12662855,release,github,0.7.2,0.7.2+cu118,github,cu118,cu118,cp38,abi3,Linux,x86_64,manylinux1_x86_64,vllm-0.7.2+cu118-cp38-abi3-manylinux1_x86_64.whl,,https://github.com/vllm-project/vllm/releases/download/v0.7.2/vllm-0.7.2%2Bcu118-cp38-abi3-manylinux1_x86_64.whl,"uv pip install ""https://github.com/vllm-project/vllm/releases/download/v0.7.2/vllm-0.7.2%2Bcu118-cp38-abi3-manylinux1_x86_64.whl"" --torch-backend auto",,2025-02-06T07:30:12Z,197572010
07c88fd041721d7d,release,github,0.7.2,0.7.2,github,default,,cp38,abi3,Linux,x86_64,manylinux1_x86_64,vllm-0.7.2-cp38-abi3-manylinux1_x86_64.whl,,https://github.com/vllm-project/vllm/releases/download/v0.7.2/vllm-0.7.2-cp38-abi3-manylinux1_x86_64.whl,"uv pip install ""https://github.com/vllm-project/vllm/releases/download/v0.7.2/vllm-0.7.2-cp38-abi3-manylinux1_x86_64.whl"" --torch-backend auto",,2025-02-06T07:30:12Z,264277381
5561518279d6b4b1,release,wheels.vllm.ai,0.7.2,0.7.2,main,cu118,cu118,cp38,abi3,Linux,x86_64,manylinux1_x86_64,vllm-0.7.2+cu118-cp38-abi3-manylinux1_x86_64.whl,https://wheels.vllm.ai/0.7.2/cu118,https://wheels.vllm.ai/0.7.2/vllm-0.7.2%2Bcu118-cp38-abi3-manylinux1_x86_64.whl,"uv pip install ""vllm==0.7.2"" --extra-index-url ""https://wheels.vllm.ai/0.7.2/cu118"" --torch-backend auto",,,
d4ce1bc87744e2a1,release,wheels.vllm.ai,0.7.2,0.7.2,main,default,,cp38,abi3,Linux,x86_64,manylinux1_x86_64,vllm-0.7.2-cp38-abi3-manylinux1_x86_64.whl,https://wheels.vllm.ai/0.7.2,https://wheels.vllm.ai/0.7.2/vllm-0.7.2-cp38-abi3-manylinux1_x86_64.whl,"uv pip install ""vllm==0.7.2"" --extra-index-url ""https://wheels.vllm.ai/0.7.2"" --torch-backend auto",,,
edc6368fe86e936b,release,github,0.7.1,0.7.1+cu118,github,cu118,cu118,cp38,abi3,Linux,x86_64,manylinux1_x86_64,vllm-0.7.1+cu118-cp38-abi3-manylinux1_x86_64.whl,,https://github.com/vllm-project/vllm/releases/download/v0.7.1/vllm-0.7.1%2Bcu118-cp38-abi3-manylinux1_x86_64.whl,"uv pip install ""https://github.com/vllm-project/vllm/releases/download/v0.7.1/vllm-0.7.1%2Bcu118-cp38-abi3-manylinux1_x86_64.whl"" --torch-backend auto",,2025-02-01T18:02:54Z,197494317
382d71c51dbfcc6b,release,github,0.7.1,0.7.1,github,default,,cp38,abi3,Linux,x86_64,manylinux1_x86_64,vllm-0.7.1-cp38-abi3-manylinux1_x86_64.whl,,https://github.com/vllm-project/vllm/releases/download/v0.7.1/vllm-0.7.1-cp38-abi3-manylinux1_x86_64.whl,"uv pip install ""https://github.com/vllm-project/vllm/releases/download/v0.7.1/vllm-0.7.1-cp38-abi3-manylinux1_x86_64.whl"" --torch-backend auto",,2025-02-01T18:02:54Z,264196555
f0457fa7cf900df9,release,wheels.vllm.ai,0.7.1,0.7.1,main,cu118,cu118,cp38,abi3,Linux,x86_64,manylinux1_x86_64,vllm-0.7.1+cu118-cp38-abi3-manylinux1_x86_64.whl,https://wheels.vllm.ai/0.7.1/cu118,https://wheels.vllm.ai/0.7.1/vllm-0.7.1%2Bcu118-cp38-abi3-manylinux1_x86_64.whl,"uv pip install ""vllm==0.7.1"" --extra-index-url ""https://wheels.vllm.ai/0.7.1/cu118"" --torch-backend auto",,,
c426c13de7fcaf25,release,wheels.vllm.ai,0.7.1,0.7.1,main,default,,cp38,abi3,Linux,x86_64,manylinux1_x86_64,vllm-0.7.1-cp38-abi3-manylinux1_x86_64.whl,https://wheels.vllm.ai/0.7.1,https://wheels.vllm.ai/0.7.1/vllm-0.7.1-cp38-abi3-manylinux1_x86_64.whl,"uv pip install ""vllm==0.7.1"" --extra-index-url ""https://wheels.vllm.ai/0.7.1"" --torch-backend auto",,,
e6dba6a832511f41,release,github,0.7.0,0.7.0+cu118,github,cu118,cu118,cp38,abi3,Linux,x86_64,manylinux1_x86_64,vllm-0.7.0+cu118-cp38-abi3-manylinux1_x86_64.whl,,https://github.com/vllm-project/vllm/releases/download/v0.7.0/vllm-0.7.0%2Bcu118-cp38-abi3-manylinux1_x86_64.whl,"uv pip install ""https://github.com/vllm-project/vllm/releases/download/v0.7.0/vllm-0.7.0%2Bcu118-cp38-abi3-manylinux1_x86_64.whl"" --torch-backend auto",,2025-01-27T05:50:13Z,197357435
253fceaec23d9b0c,release,github,0.7.0,0.7.0,github,default,,cp38,abi3,Linux,x86_64,manylinux1_x86_64,vllm-0.7.0-cp38-abi3-manylinux1_x86_64.whl,,https://github.com/vllm-project/vllm/releases/download/v0.7.0/vllm-0.7.0-cp38-abi3-manylinux1_x86_64.whl,"uv pip install ""https://github.com/vllm-project/vllm/releases/download/v0.7.0/vllm-0.7.0-cp38-abi3-manylinux1_x86_64.whl"" --torch-backend auto",,2025-01-27T05:50:13Z,264122438
25e809490057fd50,release,wheels.vllm.ai,0.7.0,0.7.0,main,cu118,cu118,cp38,abi3,Linux,x86_64,manylinux1_x86_64,vllm-0.7.0+cu118-cp38-abi3-manylinux1_x86_64.whl,https://wheels.vllm.ai/0.7.0/cu118,https://wheels.vllm.ai/0.7.0/vllm-0.7.0%2Bcu118-cp38-abi3-manylinux1_x86_64.whl,"uv pip install ""vllm==0.7.0"" --extra-index-url ""https://wheels.vllm.ai/0.7.0/cu118"" --torch-backend auto",,,
cf0d4edc68acfb79,release,wheels.vllm.ai,0.7.0,0.7.0,main,default,,cp38,abi3,Linux,x86_64,manylinux1_x86_64,vllm-0.7.0-cp38-abi3-manylinux1_x86_64.whl,https://wheels.vllm.ai/0.7.0,https://wheels.vllm.ai/0.7.0/vllm-0.7.0-cp38-abi3-manylinux1_x86_64.whl,"uv pip install ""vllm==0.7.0"" --extra-index-url ""https://wheels.vllm.ai/0.7.0"" --torch-backend auto",,,
85e8572463851266,release,github,0.6.6.post1,0.6.6.post1+cu118,github,cu118,cu118,cp38,abi3,Linux,x86_64,manylinux1_x86_64,vllm-0.6.6.post1+cu118-cp38-abi3-manylinux1_x86_64.whl,,https://github.com/vllm-project/vllm/releases/download/v0.6.6.post1/vllm-0.6.6.post1%2Bcu118-cp38-abi3-manylinux1_x86_64.whl,"uv pip install ""https://github.com/vllm-project/vllm/releases/download/v0.6.6.post1/vllm-0.6.6.post1%2Bcu118-cp38-abi3-manylinux1_x86_64.whl"" --torch-backend auto",,2024-12-27T06:24:26Z,199338792
a7c148c11601469e,release,wheels.vllm.ai,0.6.6.post1,0.6.6.post1,main,cu118,cu118,cp38,abi3,Linux,x86_64,manylinux1_x86_64,vllm-0.6.6.post1+cu118-cp38-abi3-manylinux1_x86_64.whl,https://wheels.vllm.ai/0.6.6.post1/cu118,https://wheels.vllm.ai/0.6.6.post1/vllm-0.6.6.post1%2Bcu118-cp38-abi3-manylinux1_x86_64.whl,"uv pip install ""vllm==0.6.6.post1"" --extra-index-url ""https://wheels.vllm.ai/0.6.6.post1/cu118"" --torch-backend auto",,,
4b93f74864186c5d,release,wheels.vllm.ai,0.6.6.post1,0.6.6.post1,main,default,,cp38,abi3,Linux,x86_64,manylinux1_x86_64,vllm-0.6.6.post1-cp38-abi3-manylinux1_x86_64.whl,https://wheels.vllm.ai/0.6.6.post1,https://wheels.vllm.ai/0.6.6.post1/vllm-0.6.6.post1-cp38-abi3-manylinux1_x86_64.whl,"uv pip install ""vllm==0.6.6.post1"" --extra-index-url ""https://wheels.vllm.ai/0.6.6.post1"" --torch-backend auto",,,
de471c30a55552f3,release,github,0.6.6,0.6.6+cu118,github,cu118,cu118,cp38,abi3,Linux,x86_64,manylinux1_x86_64,vllm-0.6.6+cu118-cp38-abi3-manylinux1_x86_64.whl,,https://github.com/vllm-project/vllm/releases/download/v0.6.6/vllm-0.6.6%2Bcu118-cp38-abi3-manylinux1_x86_64.whl,"uv pip install ""https://github.com/vllm-project/vllm/releases/download/v0.6.6/vllm-0.6.6%2Bcu118-cp38-abi3-manylinux1_x86_64.whl"" --torch-backend auto",,2024-12-27T00:12:05Z,199337001
286596c132ca6fca,release,wheels.vllm.ai,0.6.6,0.6.6,main,cu118,cu118,cp38,abi3,Linux,x86_64,manylinux1_x86_64,vllm-0.6.6+cu118-cp38-abi3-manylinux1_x86_64.whl,https://wheels.vllm.ai/0.6.6/cu118,https://wheels.vllm.ai/0.6.6/vllm-0.6.6%2Bcu118-cp38-abi3-manylinux1_x86_64.whl,"uv pip install ""vllm==0.6.6"" --extra-index-url ""https://wheels.vllm.ai/0.6.6/cu118"" --torch-backend auto",,,
c2321bddf9b40697,release,wheels.vllm.ai,0.6.6,0.6.6,main,default,,cp38,abi3,Linux,x86_64,manylinux1_x86_64,vllm-0.6.6-cp38-abi3-manylinux1_x86_64.whl,https://wheels.vllm.ai/0.6.6,https://wheels.vllm.ai/0.6.6/vllm-0.6.6-cp38-abi3-manylinux1_x86_64.whl,"uv pip install ""vllm==0.6.6"" --extra-index-url ""https://wheels.vllm.ai/0.6.6"" --torch-backend auto",,,
3bddbbd0b438ebcf,release,github,0.6.5,0.6.5+cu118,github,cu118,cu118,cp38,abi3,Linux,x86_64,manylinux1_x86_64,vllm-0.6.5+cu118-cp38-abi3-manylinux1_x86_64.whl,,https://github.com/vllm-project/vllm/releases/download/v0.6.5/vllm-0.6.5%2Bcu118-cp38-abi3-manylinux1_x86_64.whl,"uv pip install ""https://github.com/vllm-project/vllm/releases/download/v0.6.5/vllm-0.6.5%2Bcu118-cp38-abi3-manylinux1_x86_64.whl"" --torch-backend auto",,2024-12-17T23:10:37Z,199280511
ff596aa5c1da8275,release,wheels.vllm.ai,0.6.5,0.6.5,main,cu118,cu118,cp38,abi3,Linux,x86_64,manylinux1_x86_64,vllm-0.6.5+cu118-cp38-abi3-manylinux1_x86_64.whl,https://wheels.vllm.ai/0.6.5/cu118,https://wheels.vllm.ai/0.6.5/vllm-0.6.5%2Bcu118-cp38-abi3-manylinux1_x86_64.whl,"uv pip install ""vllm==0.6.5"" --extra-index-url ""https://wheels.vllm.ai/0.6.5/cu118"" --torch-backend auto",,,
19740eec48b191a3,release,wheels.vllm.ai,0.6.5,0.6.5,main,default,,cp38,abi3,Linux,x86_64,manylinux1_x86_64,vllm-0.6.5-cp38-abi3-manylinux1_x86_64.whl,https://wheels.vllm.ai/0.6.5,https://wheels.vllm.ai/0.6.5/vllm-0.6.5-cp38-abi3-manylinux1_x86_64.whl,"uv pip install ""vllm==0.6.5"" --extra-index-url ""https://wheels.vllm.ai/0.6.5"" --torch-backend auto",,,
322ca8197a4bd446,release,github,0.6.4.post1,0.6.4.post1+cu118,github,cu118,cu118,cp38,abi3,Linux,x86_64,manylinux1_x86_64,vllm-0.6.4.post1+cu118-cp38-abi3-manylinux1_x86_64.whl,,https://github.com/vllm-project/vllm/releases/download/v0.6.4.post1/vllm-0.6.4.post1%2Bcu118-cp38-abi3-manylinux1_x86_64.whl,"uv pip install ""https://github.com/vllm-project/vllm/releases/download/v0.6.4.post1/vllm-0.6.4.post1%2Bcu118-cp38-abi3-manylinux1_x86_64.whl"" --torch-backend auto",,2024-11-15T17:50:06Z,197797009
3258f4c234091ff2,release,wheels.vllm.ai,0.6.4.post1,0.6.4.post1,main,cu118,cu118,cp38,abi3,Linux,x86_64,manylinux1_x86_64,vllm-0.6.4.post1+cu118-cp38-abi3-manylinux1_x86_64.whl,https://wheels.vllm.ai/0.6.4.post1/cu118,https://wheels.vllm.ai/0.6.4.post1/vllm-0.6.4.post1%2Bcu118-cp38-abi3-manylinux1_x86_64.whl,"uv pip install ""vllm==0.6.4.post1"" --extra-index-url ""https://wheels.vllm.ai/0.6.4.post1/cu118"" --torch-backend auto",,,
759beb0fa438bc0d,release,wheels.vllm.ai,0.6.4.post1,0.6.4.post1,main,default,,cp38,abi3,Linux,x86_64,manylinux1_x86_64,vllm-0.6.4.post1-cp38-abi3-manylinux1_x86_64.whl,https://wheels.vllm.ai/0.6.4.post1,https://wheels.vllm.ai/0.6.4.post1/vllm-0.6.4.post1-cp38-abi3-manylinux1_x86_64.whl,"uv pip install ""vllm==0.6.4.post1"" --extra-index-url ""https://wheels.vllm.ai/0.6.4.post1"" --torch-backend auto",,,
3433316e6748ccf4,release,github,0.6.4,0.6.4+cu118,github,cu118,cu118,cp38,abi3,Linux,x86_64,manylinux1_x86_64,vllm-0.6.4+cu118-cp38-abi3-manylinux1_x86_64.whl,,https://github.com/vllm-project/vllm/releases/download/v0.6.4/vllm-0.6.4%2Bcu118-cp38-abi3-manylinux1_x86_64.whl,"uv pip install ""https://github.com/vllm-project/vllm/releases/download/v0.6.4/vllm-0.6.4%2Bcu118-cp38-abi3-manylinux1_x86_64.whl"" --torch-backend auto",,2024-11-15T07:32:45Z,197796463
da75ed0f61b46ed5,release,wheels.vllm.ai,0.6.4,0.6.4,main,cu118,cu118,cp38,abi3,Linux,x86_64,manylinux1_x86_64,vllm-0.6.4+cu118-cp38-abi3-manylinux1_x86_64.whl,https://wheels.vllm.ai/0.6.4/cu118,https://wheels.vllm.ai/0.6.4/vllm-0.6.4%2Bcu118-cp38-abi3-manylinux1_x86_64.whl,"uv pip install ""vllm==0.6.4"" --extra-index-url ""https://wheels.vllm.ai/0.6.4/cu118"" --torch-backend auto",,,
f080d9d93acf1cda,release,wheels.vllm.ai,0.6.4,0.6.4,main,default,,cp38,abi3,Linux,x86_64,manylinux1_x86_64,vllm-0.6.4-cp38-abi3-manylinux1_x86_64.whl,https://wheels.vllm.ai/0.6.4,https://wheels.vllm.ai/0.6.4/vllm-0.6.4-cp38-abi3-manylinux1_x86_64.whl,"uv pip install ""vllm==0.6.4"" --extra-index-url ""https://wheels.vllm.ai/0.6.4"" --torch-backend auto",,,
e66e667b0fa6867b,release,github,0.6.1.post2,0.6.1.post2+cu118,github,cu118,cu118,cp310,cp310,Linux,x86_64,manylinux1_x86_64,vllm-0.6.1.post2+cu118-cp310-cp310-manylinux1_x86_64.whl,,https://github.com/vllm-project/vllm/releases/download/v0.6.1.post2/vllm-0.6.1.post2%2Bcu118-cp310-cp310-manylinux1_x86_64.whl,"uv pip install ""https://github.com/vllm-project/vllm/releases/download/v0.6.1.post2/vllm-0.6.1.post2%2Bcu118-cp310-cp310-manylinux1_x86_64.whl"" --torch-backend auto",,2024-09-13T18:35:43Z,169862698
839d71ac6233832d,release,github,0.6.1.post2,0.6.1.post2+cu118,github,cu118,cu118,cp311,cp311,Linux,x86_64,manylinux1_x86_64,vllm-0.6.1.post2+cu118-cp311-cp311-manylinux1_x86_64.whl,,https://github.com/vllm-project/vllm/releases/download/v0.6.1.post2/vllm-0.6.1.post2%2Bcu118-cp311-cp311-manylinux1_x86_64.whl,"uv pip install ""https://github.com/vllm-project/vllm/releases/download/v0.6.1.post2/vllm-0.6.1.post2%2Bcu118-cp311-cp311-manylinux1_x86_64.whl"" --torch-backend auto",,2024-09-13T18:35:43Z,169862677
99597444ec56a787,release,github,0.6.1.post2,0.6.1.post2+cu118,github,cu118,cu118,cp312,cp312,Linux,x86_64,manylinux1_x86_64,vllm-0.6.1.post2+cu118-cp312-cp312-manylinux1_x86_64.whl,,https://github.com/vllm-project/vllm/releases/download/v0.6.1.post2/vllm-0.6.1.post2%2Bcu118-cp312-cp312-manylinux1_x86_64.whl,"uv pip install ""https://github.com/vllm-project/vllm/releases/download/v0.6.1.post2/vllm-0.6.1.post2%2Bcu118-cp312-cp312-manylinux1_x86_64.whl"" --torch-backend auto",,2024-09-13T18:35:43Z,169862777
4317a5fc7e924e82,release,github,0.6.1.post2,0.6.1.post2+cu118,github,cu118,cu118,cp38,cp38,Linux,x86_64,manylinux1_x86_64,vllm-0.6.1.post2+cu118-cp38-cp38-manylinux1_x86_64.whl,,https://github.com/vllm-project/vllm/releases/download/v0.6.1.post2/vllm-0.6.1.post2%2Bcu118-cp38-cp38-manylinux1_x86_64.whl,"uv pip install ""https://github.com/vllm-project/vllm/releases/download/v0.6.1.post2/vllm-0.6.1.post2%2Bcu118-cp38-cp38-manylinux1_x86_64.whl"" --torch-backend auto",,2024-09-13T18:35:43Z,169862700
a30c4cc61dacfa7c,release,github,0.6.1.post2,0.6.1.post2+cu118,github,cu118,cu118,cp39,cp39,Linux,x86_64,manylinux1_x86_64,vllm-0.6.1.post2+cu118-cp39-cp39-manylinux1_x86_64.whl,,https://github.com/vllm-project/vllm/releases/download/v0.6.1.post2/vllm-0.6.1.post2%2Bcu118-cp39-cp39-manylinux1_x86_64.whl,"uv pip install ""https://github.com/vllm-project/vllm/releases/download/v0.6.1.post2/vllm-0.6.1.post2%2Bcu118-cp39-cp39-manylinux1_x86_64.whl"" --torch-backend auto",,2024-09-13T18:35:43Z,169862725
0f2fbe6c7b4b1dc1,release,github,0.6.1.post1,0.6.1.post1+cu118,github,cu118,cu118,cp310,cp310,Linux,x86_64,manylinux1_x86_64,vllm-0.6.1.post1+cu118-cp310-cp310-manylinux1_x86_64.whl,,https://github.com/vllm-project/vllm/releases/download/v0.6.1.post1/vllm-0.6.1.post1%2Bcu118-cp310-cp310-manylinux1_x86_64.whl,"uv pip install ""https://github.com/vllm-project/vllm/releases/download/v0.6.1.post1/vllm-0.6.1.post1%2Bcu118-cp310-cp310-manylinux1_x86_64.whl"" --torch-backend auto",,2024-09-13T04:40:28Z,169862458
d2ff746a723873e5,release,github,0.6.1.post1,0.6.1.post1+cu118,github,cu118,cu118,cp311,cp311,Linux,x86_64,manylinux1_x86_64,vllm-0.6.1.post1+cu118-cp311-cp311-manylinux1_x86_64.whl,,https://github.com/vllm-project/vllm/releases/download/v0.6.1.post1/vllm-0.6.1.post1%2Bcu118-cp311-cp311-manylinux1_x86_64.whl,"uv pip install ""https://github.com/vllm-project/vllm/releases/download/v0.6.1.post1/vllm-0.6.1.post1%2Bcu118-cp311-cp311-manylinux1_x86_64.whl"" --torch-backend auto",,2024-09-13T04:40:28Z,169862431
eb8c0506ad8badcb,release,github,0.6.1.post1,0.6.1.post1+cu118,github,cu118,cu118,cp312,cp312,Linux,x86_64,manylinux1_x86_64,vllm-0.6.1.post1+cu118-cp312-cp312-manylinux1_x86_64.whl,,https://github.com/vllm-project/vllm/releases/download/v0.6.1.post1/vllm-0.6.1.post1%2Bcu118-cp312-cp312-manylinux1_x86_64.whl,"uv pip install ""https://github.com/vllm-project/vllm/releases/download/v0.6.1.post1/vllm-0.6.1.post1%2Bcu118-cp312-cp312-manylinux1_x86_64.whl"" --torch-backend auto",,2024-09-13T04:40:28Z,169862530
f19fd1b83b02005d,release,github,0.6.1.post1,0.6.1.post1+cu118,github,cu118,cu118,cp38,cp38,Linux,x86_64,manylinux1_x86_64,vllm-0.6.1.post1+cu118-cp38-cp38-manylinux1_x86_64.whl,,https://github.com/vllm-project/vllm/releases/download/v0.6.1.post1/vllm-0.6.1.post1%2Bcu118-cp38-cp38-manylinux1_x86_64.whl,"uv pip install ""https://github.com/vllm-project/vllm/releases/download/v0.6.1.post1/vllm-0.6.1.post1%2Bcu118-cp38-cp38-manylinux1_x86_64.whl"" --torch-backend auto",,2024-09-13T04:40:28Z,169862460
9956e0f759b7a6bc,release,github,0.6.1.post1,0.6.1.post1+cu118,github,cu118,cu118,cp39,cp39,Linux,x86_64,manylinux1_x86_64,vllm-0.6.1.post1+cu118-cp39-cp39-manylinux1_x86_64.whl,,https://github.com/vllm-project/vllm/releases/download/v0.6.1.post1/vllm-0.6.1.post1%2Bcu118-cp39-cp39-manylinux1_x86_64.whl,"uv pip install ""https://github.com/vllm-project/vllm/releases/download/v0.6.1.post1/vllm-0.6.1.post1%2Bcu118-cp39-cp39-manylinux1_x86_64.whl"" --torch-backend auto",,2024-09-13T04:40:28Z,169862484
4e469d3585545183,release,github,0.6.1,0.6.1+cu118,github,cu118,cu118,cp310,cp310,Linux,x86_64,manylinux1_x86_64,vllm-0.6.1+cu118-cp310-cp310-manylinux1_x86_64.whl,,https://github.com/vllm-project/vllm/releases/download/v0.6.1/vllm-0.6.1%2Bcu118-cp310-cp310-manylinux1_x86_64.whl,"uv pip install ""https://github.com/vllm-project/vllm/releases/download/v0.6.1/vllm-0.6.1%2Bcu118-cp310-cp310-manylinux1_x86_64.whl"" --torch-backend auto",,2024-09-11T21:44:44Z,169848875
e004249364146f93,release,github,0.6.1,0.6.1+cu118,github,cu118,cu118,cp311,cp311,Linux,x86_64,manylinux1_x86_64,vllm-0.6.1+cu118-cp311-cp311-manylinux1_x86_64.whl,,https://github.com/vllm-project/vllm/releases/download/v0.6.1/vllm-0.6.1%2Bcu118-cp311-cp311-manylinux1_x86_64.whl,"uv pip install ""https://github.com/vllm-project/vllm/releases/download/v0.6.1/vllm-0.6.1%2Bcu118-cp311-cp311-manylinux1_x86_64.whl"" --torch-backend auto",,2024-09-11T21:44:44Z,169848865
0d8d7020b36f6360,release,github,0.6.1,0.6.1+cu118,github,cu118,cu118,cp312,cp312,Linux,x86_64,manylinux1_x86_64,vllm-0.6.1+cu118-cp312-cp312-manylinux1_x86_64.whl,,https://github.com/vllm-project/vllm/releases/download/v0.6.1/vllm-0.6.1%2Bcu118-cp312-cp312-manylinux1_x86_64.whl,"uv pip install ""https://github.com/vllm-project/vllm/releases/download/v0.6.1/vllm-0.6.1%2Bcu118-cp312-cp312-manylinux1_x86_64.whl"" --torch-backend auto",,2024-09-11T21:44:44Z,169848859
141fdb16d52f0262,release,github,0.6.1,0.6.1+cu118,github,cu118,cu118,cp38,cp38,Linux,x86_64,manylinux1_x86_64,vllm-0.6.1+cu118-cp38-cp38-manylinux1_x86_64.whl,,https://github.com/vllm-project/vllm/releases/download/v0.6.1/vllm-0.6.1%2Bcu118-cp38-cp38-manylinux1_x86_64.whl,"uv pip install ""https://github.com/vllm-project/vllm/releases/download/v0.6.1/vllm-0.6.1%2Bcu118-cp38-cp38-manylinux1_x86_64.whl"" --torch-backend auto",,2024-09-11T21:44:44Z,169848789
9acc412da3fac684,release,github,0.6.1,0.6.1+cu118,github,cu118,cu118,cp39,cp39,Linux,x86_64,manylinux1_x86_64,vllm-0.6.1+cu118-cp39-cp39-manylinux1_x86_64.whl,,https://github.com/vllm-project/vllm/releases/download/v0.6.1/vllm-0.6.1%2Bcu118-cp39-cp39-manylinux1_x86_64.whl,"uv pip install ""https://github.com/vllm-project/vllm/releases/download/v0.6.1/vllm-0.6.1%2Bcu118-cp39-cp39-manylinux1_x86_64.whl"" --torch-backend auto",,2024-09-11T21:44:44Z,169848792
dffbbabeaf2fb1a1,release,github,0.6.0,0.6.0+cu118,github,cu118,cu118,cp310,cp310,Linux,x86_64,manylinux1_x86_64,vllm-0.6.0+cu118-cp310-cp310-manylinux1_x86_64.whl,,https://github.com/vllm-project/vllm/releases/download/v0.6.0/vllm-0.6.0%2Bcu118-cp310-cp310-manylinux1_x86_64.whl,"uv pip install ""https://github.com/vllm-project/vllm/releases/download/v0.6.0/vllm-0.6.0%2Bcu118-cp310-cp310-manylinux1_x86_64.whl"" --torch-backend auto",,2024-09-04T23:35:42Z,169832287
251b482d58445412,release,github,0.6.0,0.6.0+cu118,github,cu118,cu118,cp311,cp311,Linux,x86_64,manylinux1_x86_64,vllm-0.6.0+cu118-cp311-cp311-manylinux1_x86_64.whl,,https://github.com/vllm-project/vllm/releases/download/v0.6.0/vllm-0.6.0%2Bcu118-cp311-cp311-manylinux1_x86_64.whl,"uv pip install ""https://github.com/vllm-project/vllm/releases/download/v0.6.0/vllm-0.6.0%2Bcu118-cp311-cp311-manylinux1_x86_64.whl"" --torch-backend auto",,2024-09-04T23:35:42Z,169832339
4444a35e7740bcb3,release,github,0.6.0,0.6.0+cu118,github,cu118,cu118,cp312,cp312,Linux,x86_64,manylinux1_x86_64,vllm-0.6.0+cu118-cp312-cp312-manylinux1_x86_64.whl,,https://github.com/vllm-project/vllm/releases/download/v0.6.0/vllm-0.6.0%2Bcu118-cp312-cp312-manylinux1_x86_64.whl,"uv pip install ""https://github.com/vllm-project/vllm/releases/download/v0.6.0/vllm-0.6.0%2Bcu118-cp312-cp312-manylinux1_x86_64.whl"" --torch-backend auto",,2024-09-04T23:35:42Z,169832323
6b1efe1982292605,release,github,0.6.0,0.6.0+cu118,github,cu118,cu118,cp38,cp38,Linux,x86_64,manylinux1_x86_64,vllm-0.6.0+cu118-cp38-cp38-manylinux1_x86_64.whl,,https://github.com/vllm-project/vllm/releases/download/v0.6.0/vllm-0.6.0%2Bcu118-cp38-cp38-manylinux1_x86_64.whl,"uv pip install ""https://github.com/vllm-project/vllm/releases/download/v0.6.0/vllm-0.6.0%2Bcu118-cp38-cp38-manylinux1_x86_64.whl"" --torch-backend auto",,2024-09-04T23:35:42Z,169832330
7be1b1106fc2bea6,release,github,0.6.0,0.6.0+cu118,github,cu118,cu118,cp39,cp39,Linux,x86_64,manylinux1_x86_64,vllm-0.6.0+cu118-cp39-cp39-manylinux1_x86_64.whl,,https://github.com/vllm-project/vllm/releases/download/v0.6.0/vllm-0.6.0%2Bcu118-cp39-cp39-manylinux1_x86_64.whl,"uv pip install ""https://github.com/vllm-project/vllm/releases/download/v0.6.0/vllm-0.6.0%2Bcu118-cp39-cp39-manylinux1_x86_64.whl"" --torch-backend auto",,2024-09-04T23:35:42Z,169832358
85030f8bbfcc3db5,release,github,0.5.5,0.5.5+cu118,github,cu118,cu118,cp310,cp310,Linux,x86_64,manylinux1_x86_64,vllm-0.5.5+cu118-cp310-cp310-manylinux1_x86_64.whl,,https://github.com/vllm-project/vllm/releases/download/v0.5.5/vllm-0.5.5%2Bcu118-cp310-cp310-manylinux1_x86_64.whl,"uv pip install ""https://github.com/vllm-project/vllm/releases/download/v0.5.5/vllm-0.5.5%2Bcu118-cp310-cp310-manylinux1_x86_64.whl"" --torch-backend auto",,2024-08-23T18:37:46Z,133486252
df680ef47d175876,release,github,0.5.5,0.5.5+cu118,github,cu118,cu118,cp311,cp311,Linux,x86_64,manylinux1_x86_64,vllm-0.5.5+cu118-cp311-cp311-manylinux1_x86_64.whl,,https://github.com/vllm-project/vllm/releases/download/v0.5.5/vllm-0.5.5%2Bcu118-cp311-cp311-manylinux1_x86_64.whl,"uv pip install ""https://github.com/vllm-project/vllm/releases/download/v0.5.5/vllm-0.5.5%2Bcu118-cp311-cp311-manylinux1_x86_64.whl"" --torch-backend auto",,2024-08-23T18:37:46Z,133486117
8a15099ce85a30a3,release,github,0.5.5,0.5.5+cu118,github,cu118,cu118,cp312,cp312,Linux,x86_64,manylinux1_x86_64,vllm-0.5.5+cu118-cp312-cp312-manylinux1_x86_64.whl,,https://github.com/vllm-project/vllm/releases/download/v0.5.5/vllm-0.5.5%2Bcu118-cp312-cp312-manylinux1_x86_64.whl,"uv pip install ""https://github.com/vllm-project/vllm/releases/download/v0.5.5/vllm-0.5.5%2Bcu118-cp312-cp312-manylinux1_x86_64.whl"" --torch-backend auto",,2024-08-23T18:37:46Z,133486104
72ea4d9060409fa0,release,github,0.5.5,0.5.5+cu118,github,cu118,cu118,cp38,cp38,Linux,x86_64,manylinux1_x86_64,vllm-0.5.5+cu118-cp38-cp38-manylinux1_x86_64.whl,,https://github.com/vllm-project/vllm/releases/download/v0.5.5/vllm-0.5.5%2Bcu118-cp38-cp38-manylinux1_x86_64.whl,"uv pip install ""https://github.com/vllm-project/vllm/releases/download/v0.5.5/vllm-0.5.5%2Bcu118-cp38-cp38-manylinux1_x86_64.whl"" --torch-backend auto",,2024-08-23T18:37:46Z,133486264
b704e43373e5e878,release,github,0.5.5,0.5.5+cu118,github,cu118,cu118,cp39,cp39,Linux,x86_64,manylinux1_x86_64,vllm-0.5.5+cu118-cp39-cp39-manylinux1_x86_64.whl,,https://github.com/vllm-project/vllm/releases/download/v0.5.5/vllm-0.5.5%2Bcu118-cp39-cp39-manylinux1_x86_64.whl,"uv pip install ""https://github.com/vllm-project/vllm/releases/download/v0.5.5/vllm-0.5.5%2Bcu118-cp39-cp39-manylinux1_x86_64.whl"" --torch-backend auto",,2024-08-23T18:37:46Z,133486371
221fb6ba3e60daef,release,github,0.5.4,0.5.4+cu118,github,cu118,cu118,cp310,cp310,Linux,x86_64,manylinux1_x86_64,vllm-0.5.4+cu118-cp310-cp310-manylinux1_x86_64.whl,,https://github.com/vllm-project/vllm/releases/download/v0.5.4/vllm-0.5.4%2Bcu118-cp310-cp310-manylinux1_x86_64.whl,"uv pip install ""https://github.com/vllm-project/vllm/releases/download/v0.5.4/vllm-0.5.4%2Bcu118-cp310-cp310-manylinux1_x86_64.whl"" --torch-backend auto",,2024-08-05T22:38:28Z,124591272
de148b433319fc4c,release,github,0.5.4,0.5.4+cu118,github,cu118,cu118,cp311,cp311,Linux,x86_64,manylinux1_x86_64,vllm-0.5.4+cu118-cp311-cp311-manylinux1_x86_64.whl,,https://github.com/vllm-project/vllm/releases/download/v0.5.4/vllm-0.5.4%2Bcu118-cp311-cp311-manylinux1_x86_64.whl,"uv pip install ""https://github.com/vllm-project/vllm/releases/download/v0.5.4/vllm-0.5.4%2Bcu118-cp311-cp311-manylinux1_x86_64.whl"" --torch-backend auto",,2024-08-05T22:38:28Z,124591250
d8b803d9aaa58377,release,github,0.5.4,0.5.4+cu118,github,cu118,cu118,cp312,cp312,Linux,x86_64,manylinux1_x86_64,vllm-0.5.4+cu118-cp312-cp312-manylinux1_x86_64.whl,,https://github.com/vllm-project/vllm/releases/download/v0.5.4/vllm-0.5.4%2Bcu118-cp312-cp312-manylinux1_x86_64.whl,"uv pip install ""https://github.com/vllm-project/vllm/releases/download/v0.5.4/vllm-0.5.4%2Bcu118-cp312-cp312-manylinux1_x86_64.whl"" --torch-backend auto",,2024-08-05T22:38:28Z,124591219
fe7c288a4edbc093,release,github,0.5.4,0.5.4+cu118,github,cu118,cu118,cp38,cp38,Linux,x86_64,manylinux1_x86_64,vllm-0.5.4+cu118-cp38-cp38-manylinux1_x86_64.whl,,https://github.com/vllm-project/vllm/releases/download/v0.5.4/vllm-0.5.4%2Bcu118-cp38-cp38-manylinux1_x86_64.whl,"uv pip install ""https://github.com/vllm-project/vllm/releases/download/v0.5.4/vllm-0.5.4%2Bcu118-cp38-cp38-manylinux1_x86_64.whl"" --torch-backend auto",,2024-08-05T22:38:28Z,124591214
4109d52d7306829e,release,github,0.5.4,0.5.4+cu118,github,cu118,cu118,cp39,cp39,Linux,x86_64,manylinux1_x86_64,vllm-0.5.4+cu118-cp39-cp39-manylinux1_x86_64.whl,,https://github.com/vllm-project/vllm/releases/download/v0.5.4/vllm-0.5.4%2Bcu118-cp39-cp39-manylinux1_x86_64.whl,"uv pip install ""https://github.com/vllm-project/vllm/releases/download/v0.5.4/vllm-0.5.4%2Bcu118-cp39-cp39-manylinux1_x86_64.whl"" --torch-backend auto",,2024-08-05T22:38:28Z,124591228
d1c6d7e0df9c169a,release,github,0.5.4,0.5.4,github,default,,cp310,cp310,Linux,x86_64,manylinux1_x86_64,vllm-0.5.4-cp310-cp310-manylinux1_x86_64.whl,,https://github.com/vllm-project/vllm/releases/download/v0.5.4/vllm-0.5.4-cp310-cp310-manylinux1_x86_64.whl,"uv pip install ""https://github.com/vllm-project/vllm/releases/download/v0.5.4/vllm-0.5.4-cp310-cp310-manylinux1_x86_64.whl"" --torch-backend auto",,2024-08-05T22:38:28Z,124171879
d5fd80662d0cb18c,release,github,0.5.4,0.5.4,github,default,,cp311,cp311,Linux,x86_64,manylinux1_x86_64,vllm-0.5.4-cp311-cp311-manylinux1_x86_64.whl,,https://github.com/vllm-project/vllm/releases/download/v0.5.4/vllm-0.5.4-cp311-cp311-manylinux1_x86_64.whl,"uv pip install ""https://github.com/vllm-project/vllm/releases/download/v0.5.4/vllm-0.5.4-cp311-cp311-manylinux1_x86_64.whl"" --torch-backend auto",,2024-08-05T22:38:28Z,124171992
3b1f704e2cb2c007,release,github,0.5.4,0.5.4,github,default,,cp312,cp312,Linux,x86_64,manylinux1_x86_64,vllm-0.5.4-cp312-cp312-manylinux1_x86_64.whl,,https://github.com/vllm-project/vllm/releases/download/v0.5.4/vllm-0.5.4-cp312-cp312-manylinux1_x86_64.whl,"uv pip install ""https://github.com/vllm-project/vllm/releases/download/v0.5.4/vllm-0.5.4-cp312-cp312-manylinux1_x86_64.whl"" --torch-backend auto",,2024-08-05T22:38:28Z,124171932
dd15f87111472b21,release,github,0.5.4,0.5.4,github,default,,cp38,cp38,Linux,x86_64,manylinux1_x86_64,vllm-0.5.4-cp38-cp38-manylinux1_x86_64.whl,,https://github.com/vllm-project/vllm/releases/download/v0.5.4/vllm-0.5.4-cp38-cp38-manylinux1_x86_64.whl,"uv pip install ""https://github.com/vllm-project/vllm/releases/download/v0.5.4/vllm-0.5.4-cp38-cp38-manylinux1_x86_64.whl"" --torch-backend auto",,2024-08-05T22:38:28Z,124171868
1c78ecda7b7e5307,release,github,0.5.4,0.5.4,github,default,,cp39,cp39,Linux,x86_64,manylinux1_x86_64,vllm-0.5.4-cp39-cp39-manylinux1_x86_64.whl,,https://github.com/vllm-project/vllm/releases/download/v0.5.4/vllm-0.5.4-cp39-cp39-manylinux1_x86_64.whl,"uv pip install ""https://github.com/vllm-project/vllm/releases/download/v0.5.4/vllm-0.5.4-cp39-cp39-manylinux1_x86_64.whl"" --torch-backend auto",,2024-08-05T22:38:28Z,124171932
f353826ca2eaa2d1,release,github,0.5.3.post1,0.5.3.post1+cu118,github,cu118,cu118,cp310,cp310,Linux,x86_64,manylinux1_x86_64,vllm-0.5.3.post1+cu118-cp310-cp310-manylinux1_x86_64.whl,,https://github.com/vllm-project/vllm/releases/download/v0.5.3.post1/vllm-0.5.3.post1%2Bcu118-cp310-cp310-manylinux1_x86_64.whl,"uv pip install ""https://github.com/vllm-project/vllm/releases/download/v0.5.3.post1/vllm-0.5.3.post1%2Bcu118-cp310-cp310-manylinux1_x86_64.whl"" --torch-backend auto",,2024-07-23T17:09:40Z,158363421
e151469fc4771512,release,github,0.5.3.post1,0.5.3.post1+cu118,github,cu118,cu118,cp311,cp311,Linux,x86_64,manylinux1_x86_64,vllm-0.5.3.post1+cu118-cp311-cp311-manylinux1_x86_64.whl,,https://github.com/vllm-project/vllm/releases/download/v0.5.3.post1/vllm-0.5.3.post1%2Bcu118-cp311-cp311-manylinux1_x86_64.whl,"uv pip install ""https://github.com/vllm-project/vllm/releases/download/v0.5.3.post1/vllm-0.5.3.post1%2Bcu118-cp311-cp311-manylinux1_x86_64.whl"" --torch-backend auto",,2024-07-23T17:09:40Z,158363555
10236e320eb10089,release,github,0.5.3.post1,0.5.3.post1+cu118,github,cu118,cu118,cp38,cp38,Linux,x86_64,manylinux1_x86_64,vllm-0.5.3.post1+cu118-cp38-cp38-manylinux1_x86_64.whl,,https://github.com/vllm-project/vllm/releases/download/v0.5.3.post1/vllm-0.5.3.post1%2Bcu118-cp38-cp38-manylinux1_x86_64.whl,"uv pip install ""https://github.com/vllm-project/vllm/releases/download/v0.5.3.post1/vllm-0.5.3.post1%2Bcu118-cp38-cp38-manylinux1_x86_64.whl"" --torch-backend auto",,2024-07-23T17:09:40Z,158363555
faed61c0dbebe49e,release,github,0.5.3.post1,0.5.3.post1+cu118,github,cu118,cu118,cp39,cp39,Linux,x86_64,manylinux1_x86_64,vllm-0.5.3.post1+cu118-cp39-cp39-manylinux1_x86_64.whl,,https://github.com/vllm-project/vllm/releases/download/v0.5.3.post1/vllm-0.5.3.post1%2Bcu118-cp39-cp39-manylinux1_x86_64.whl,"uv pip install ""https://github.com/vllm-project/vllm/releases/download/v0.5.3.post1/vllm-0.5.3.post1%2Bcu118-cp39-cp39-manylinux1_x86_64.whl"" --torch-backend auto",,2024-07-23T17:09:40Z,158363515
c3b07a841dea24ca,release,github,0.5.3.post1,0.5.3.post1,github,default,,cp310,cp310,Linux,x86_64,manylinux1_x86_64,vllm-0.5.3.post1-cp310-cp310-manylinux1_x86_64.whl,,https://github.com/vllm-project/vllm/releases/download/v0.5.3.post1/vllm-0.5.3.post1-cp310-cp310-manylinux1_x86_64.whl,"uv pip install ""https://github.com/vllm-project/vllm/releases/download/v0.5.3.post1/vllm-0.5.3.post1-cp310-cp310-manylinux1_x86_64.whl"" --torch-backend auto",,2024-07-23T17:09:40Z,158291734
8e47bddbf0cf2d60,release,github,0.5.3.post1,0.5.3.post1,github,default,,cp311,cp311,Linux,x86_64,manylinux1_x86_64,vllm-0.5.3.post1-cp311-cp311-manylinux1_x86_64.whl,,https://github.com/vllm-project/vllm/releases/download/v0.5.3.post1/vllm-0.5.3.post1-cp311-cp311-manylinux1_x86_64.whl,"uv pip install ""https://github.com/vllm-project/vllm/releases/download/v0.5.3.post1/vllm-0.5.3.post1-cp311-cp311-manylinux1_x86_64.whl"" --torch-backend auto",,2024-07-23T17:09:40Z,158291840
f8c0eaf18e25dcc4,release,github,0.5.3.post1,0.5.3.post1,github,default,,cp38,cp38,Linux,x86_64,manylinux1_x86_64,vllm-0.5.3.post1-cp38-cp38-manylinux1_x86_64.whl,,https://github.com/vllm-project/vllm/releases/download/v0.5.3.post1/vllm-0.5.3.post1-cp38-cp38-manylinux1_x86_64.whl,"uv pip install ""https://github.com/vllm-project/vllm/releases/download/v0.5.3.post1/vllm-0.5.3.post1-cp38-cp38-manylinux1_x86_64.whl"" --torch-backend auto",,2024-07-23T17:09:40Z,158291786
8601cb0a3e3ebc72,release,github,0.5.3.post1,0.5.3.post1,github,default,,cp39,cp39,Linux,x86_64,manylinux1_x86_64,vllm-0.5.3.post1-cp39-cp39-manylinux1_x86_64.whl,,https://github.com/vllm-project/vllm/releases/download/v0.5.3.post1/vllm-0.5.3.post1-cp39-cp39-manylinux1_x86_64.whl,"uv pip install ""https://github.com/vllm-project/vllm/releases/download/v0.5.3.post1/vllm-0.5.3.post1-cp39-cp39-manylinux1_x86_64.whl"" --torch-backend auto",,2024-07-23T17:09:40Z,158291879
15d04552679eb856,release,github,0.5.3,0.5.3+cu118,github,cu118,cu118,cp310,cp310,Linux,x86_64,manylinux1_x86_64,vllm-0.5.3+cu118-cp310-cp310-manylinux1_x86_64.whl,,https://github.com/vllm-project/vllm/releases/download/v0.5.3/vllm-0.5.3%2Bcu118-cp310-cp310-manylinux1_x86_64.whl,"uv pip install ""https://github.com/vllm-project/vllm/releases/download/v0.5.3/vllm-0.5.3%2Bcu118-cp310-cp310-manylinux1_x86_64.whl"" --torch-backend auto",,2024-07-23T07:01:03Z,158363298
389a60fffc173318,release,github,0.5.3,0.5.3+cu118,github,cu118,cu118,cp311,cp311,Linux,x86_64,manylinux1_x86_64,vllm-0.5.3+cu118-cp311-cp311-manylinux1_x86_64.whl,,https://github.com/vllm-project/vllm/releases/download/v0.5.3/vllm-0.5.3%2Bcu118-cp311-cp311-manylinux1_x86_64.whl,"uv pip install ""https://github.com/vllm-project/vllm/releases/download/v0.5.3/vllm-0.5.3%2Bcu118-cp311-cp311-manylinux1_x86_64.whl"" --torch-backend auto",,2024-07-23T07:01:03Z,158363356
b47bd1fb2c8bcf2e,release,github,0.5.3,0.5.3+cu118,github,cu118,cu118,cp38,cp38,Linux,x86_64,manylinux1_x86_64,vllm-0.5.3+cu118-cp38-cp38-manylinux1_x86_64.whl,,https://github.com/vllm-project/vllm/releases/download/v0.5.3/vllm-0.5.3%2Bcu118-cp38-cp38-manylinux1_x86_64.whl,"uv pip install ""https://github.com/vllm-project/vllm/releases/download/v0.5.3/vllm-0.5.3%2Bcu118-cp38-cp38-manylinux1_x86_64.whl"" --torch-backend auto",,2024-07-23T07:01:03Z,158363402
a46c2f725bbdc444,release,github,0.5.3,0.5.3+cu118,github,cu118,cu118,cp39,cp39,Linux,x86_64,manylinux1_x86_64,vllm-0.5.3+cu118-cp39-cp39-manylinux1_x86_64.whl,,https://github.com/vllm-project/vllm/releases/download/v0.5.3/vllm-0.5.3%2Bcu118-cp39-cp39-manylinux1_x86_64.whl,"uv pip install ""https://github.com/vllm-project/vllm/releases/download/v0.5.3/vllm-0.5.3%2Bcu118-cp39-cp39-manylinux1_x86_64.whl"" --torch-backend auto",,2024-07-23T07:01:03Z,158363409
e5a2f14338159c4d,release,github,0.5.3,0.5.3,github,default,,cp310,cp310,Linux,x86_64,manylinux1_x86_64,vllm-0.5.3-cp310-cp310-manylinux1_x86_64.whl,,https://github.com/vllm-project/vllm/releases/download/v0.5.3/vllm-0.5.3-cp310-cp310-manylinux1_x86_64.whl,"uv pip install ""https://github.com/vllm-project/vllm/releases/download/v0.5.3/vllm-0.5.3-cp310-cp310-manylinux1_x86_64.whl"" --torch-backend auto",,2024-07-23T07:01:03Z,158291669
262c03c1d38e2275,release,github,0.5.3,0.5.3,github,default,,cp311,cp311,Linux,x86_64,manylinux1_x86_64,vllm-0.5.3-cp311-cp311-manylinux1_x86_64.whl,,https://github.com/vllm-project/vllm/releases/download/v0.5.3/vllm-0.5.3-cp311-cp311-manylinux1_x86_64.whl,"uv pip install ""https://github.com/vllm-project/vllm/releases/download/v0.5.3/vllm-0.5.3-cp311-cp311-manylinux1_x86_64.whl"" --torch-backend auto",,2024-07-23T07:01:03Z,158291704
10e52f8f64e5641b,release,github,0.5.3,0.5.3,github,default,,cp38,cp38,Linux,x86_64,manylinux1_x86_64,vllm-0.5.3-cp38-cp38-manylinux1_x86_64.whl,,https://github.com/vllm-project/vllm/releases/download/v0.5.3/vllm-0.5.3-cp38-cp38-manylinux1_x86_64.whl,"uv pip install ""https://github.com/vllm-project/vllm/releases/download/v0.5.3/vllm-0.5.3-cp38-cp38-manylinux1_x86_64.whl"" --torch-backend auto",,2024-07-23T07:01:03Z,158291776
ed179fc17407b607,release,github,0.5.3,0.5.3,github,default,,cp39,cp39,Linux,x86_64,manylinux1_x86_64,vllm-0.5.3-cp39-cp39-manylinux1_x86_64.whl,,https://github.com/vllm-project/vllm/releases/download/v0.5.3/vllm-0.5.3-cp39-cp39-manylinux1_x86_64.whl,"uv pip install ""https://github.com/vllm-project/vllm/releases/download/v0.5.3/vllm-0.5.3-cp39-cp39-manylinux1_x86_64.whl"" --torch-backend auto",,2024-07-23T07:01:03Z,158291725
4c9ed16371e3bbcc,release,github,0.5.2,0.5.2+cu118,github,cu118,cu118,cp310,cp310,Linux,x86_64,manylinux1_x86_64,vllm-0.5.2+cu118-cp310-cp310-manylinux1_x86_64.whl,,https://github.com/vllm-project/vllm/releases/download/v0.5.2/vllm-0.5.2%2Bcu118-cp310-cp310-manylinux1_x86_64.whl,"uv pip install ""https://github.com/vllm-project/vllm/releases/download/v0.5.2/vllm-0.5.2%2Bcu118-cp310-cp310-manylinux1_x86_64.whl"" --torch-backend auto",,2024-07-15T18:01:34Z,147415897
031c61ba5acae448,release,github,0.5.2,0.5.2+cu118,github,cu118,cu118,cp311,cp311,Linux,x86_64,manylinux1_x86_64,vllm-0.5.2+cu118-cp311-cp311-manylinux1_x86_64.whl,,https://github.com/vllm-project/vllm/releases/download/v0.5.2/vllm-0.5.2%2Bcu118-cp311-cp311-manylinux1_x86_64.whl,"uv pip install ""https://github.com/vllm-project/vllm/releases/download/v0.5.2/vllm-0.5.2%2Bcu118-cp311-cp311-manylinux1_x86_64.whl"" --torch-backend auto",,2024-07-15T18:01:34Z,147415885
0b97e4b9f8fd8da8,release,github,0.5.2,0.5.2+cu118,github,cu118,cu118,cp38,cp38,Linux,x86_64,manylinux1_x86_64,vllm-0.5.2+cu118-cp38-cp38-manylinux1_x86_64.whl,,https://github.com/vllm-project/vllm/releases/download/v0.5.2/vllm-0.5.2%2Bcu118-cp38-cp38-manylinux1_x86_64.whl,"uv pip install ""https://github.com/vllm-project/vllm/releases/download/v0.5.2/vllm-0.5.2%2Bcu118-cp38-cp38-manylinux1_x86_64.whl"" --torch-backend auto",,2024-07-15T18:01:34Z,147415870
c62d48cc92a17a63,release,github,0.5.2,0.5.2+cu118,github,cu118,cu118,cp39,cp39,Linux,x86_64,manylinux1_x86_64,vllm-0.5.2+cu118-cp39-cp39-manylinux1_x86_64.whl,,https://github.com/vllm-project/vllm/releases/download/v0.5.2/vllm-0.5.2%2Bcu118-cp39-cp39-manylinux1_x86_64.whl,"uv pip install ""https://github.com/vllm-project/vllm/releases/download/v0.5.2/vllm-0.5.2%2Bcu118-cp39-cp39-manylinux1_x86_64.whl"" --torch-backend auto",,2024-07-15T18:01:34Z,147415932
2d479d79af6d0212,release,github,0.5.2,0.5.2,github,default,,cp310,cp310,Linux,x86_64,manylinux1_x86_64,vllm-0.5.2-cp310-cp310-manylinux1_x86_64.whl,,https://github.com/vllm-project/vllm/releases/download/v0.5.2/vllm-0.5.2-cp310-cp310-manylinux1_x86_64.whl,"uv pip install ""https://github.com/vllm-project/vllm/releases/download/v0.5.2/vllm-0.5.2-cp310-cp310-manylinux1_x86_64.whl"" --torch-backend auto",,2024-07-15T18:01:34Z,146951211
9b1cc8c265d15f25,release,github,0.5.2,0.5.2,github,default,,cp311,cp311,Linux,x86_64,manylinux1_x86_64,vllm-0.5.2-cp311-cp311-manylinux1_x86_64.whl,,https://github.com/vllm-project/vllm/releases/download/v0.5.2/vllm-0.5.2-cp311-cp311-manylinux1_x86_64.whl,"uv pip install ""https://github.com/vllm-project/vllm/releases/download/v0.5.2/vllm-0.5.2-cp311-cp311-manylinux1_x86_64.whl"" --torch-backend auto",,2024-07-15T18:01:34Z,146951192
90b9b8d77cc86692,release,github,0.5.2,0.5.2,github,default,,cp38,cp38,Linux,x86_64,manylinux1_x86_64,vllm-0.5.2-cp38-cp38-manylinux1_x86_64.whl,,https://github.com/vllm-project/vllm/releases/download/v0.5.2/vllm-0.5.2-cp38-cp38-manylinux1_x86_64.whl,"uv pip install ""https://github.com/vllm-project/vllm/releases/download/v0.5.2/vllm-0.5.2-cp38-cp38-manylinux1_x86_64.whl"" --torch-backend auto",,2024-07-15T18:01:34Z,146951167
1638b1cf5fe17286,release,github,0.5.2,0.5.2,github,default,,cp39,cp39,Linux,x86_64,manylinux1_x86_64,vllm-0.5.2-cp39-cp39-manylinux1_x86_64.whl,,https://github.com/vllm-project/vllm/releases/download/v0.5.2/vllm-0.5.2-cp39-cp39-manylinux1_x86_64.whl,"uv pip install ""https://github.com/vllm-project/vllm/releases/download/v0.5.2/vllm-0.5.2-cp39-cp39-manylinux1_x86_64.whl"" --torch-backend auto",,2024-07-15T18:01:34Z,146951161
0c91756f25093f72,release,github,0.5.1,0.5.1+cu118,github,cu118,cu118,cp310,cp310,Linux,x86_64,manylinux1_x86_64,vllm-0.5.1+cu118-cp310-cp310-manylinux1_x86_64.whl,,https://github.com/vllm-project/vllm/releases/download/v0.5.1/vllm-0.5.1%2Bcu118-cp310-cp310-manylinux1_x86_64.whl,"uv pip install ""https://github.com/vllm-project/vllm/releases/download/v0.5.1/vllm-0.5.1%2Bcu118-cp310-cp310-manylinux1_x86_64.whl"" --torch-backend auto",,2024-07-05T19:47:01Z,147370775
6f44d25aca722c2b,release,github,0.5.1,0.5.1+cu118,github,cu118,cu118,cp311,cp311,Linux,x86_64,manylinux1_x86_64,vllm-0.5.1+cu118-cp311-cp311-manylinux1_x86_64.whl,,https://github.com/vllm-project/vllm/releases/download/v0.5.1/vllm-0.5.1%2Bcu118-cp311-cp311-manylinux1_x86_64.whl,"uv pip install ""https://github.com/vllm-project/vllm/releases/download/v0.5.1/vllm-0.5.1%2Bcu118-cp311-cp311-manylinux1_x86_64.whl"" --torch-backend auto",,2024-07-05T19:47:01Z,147370726
72d209b851210012,release,github,0.5.1,0.5.1+cu118,github,cu118,cu118,cp38,cp38,Linux,x86_64,manylinux1_x86_64,vllm-0.5.1+cu118-cp38-cp38-manylinux1_x86_64.whl,,https://github.com/vllm-project/vllm/releases/download/v0.5.1/vllm-0.5.1%2Bcu118-cp38-cp38-manylinux1_x86_64.whl,"uv pip install ""https://github.com/vllm-project/vllm/releases/download/v0.5.1/vllm-0.5.1%2Bcu118-cp38-cp38-manylinux1_x86_64.whl"" --torch-backend auto",,2024-07-05T19:47:01Z,147370765
9118479bf8b31687,release,github,0.5.1,0.5.1+cu118,github,cu118,cu118,cp39,cp39,Linux,x86_64,manylinux1_x86_64,vllm-0.5.1+cu118-cp39-cp39-manylinux1_x86_64.whl,,https://github.com/vllm-project/vllm/releases/download/v0.5.1/vllm-0.5.1%2Bcu118-cp39-cp39-manylinux1_x86_64.whl,"uv pip install ""https://github.com/vllm-project/vllm/releases/download/v0.5.1/vllm-0.5.1%2Bcu118-cp39-cp39-manylinux1_x86_64.whl"" --torch-backend auto",,2024-07-05T19:47:01Z,147370844
74dcdb52d40967ce,release,github,0.5.1,0.5.1,github,default,,cp310,cp310,Linux,x86_64,manylinux1_x86_64,vllm-0.5.1-cp310-cp310-manylinux1_x86_64.whl,,https://github.com/vllm-project/vllm/releases/download/v0.5.1/vllm-0.5.1-cp310-cp310-manylinux1_x86_64.whl,"uv pip install ""https://github.com/vllm-project/vllm/releases/download/v0.5.1/vllm-0.5.1-cp310-cp310-manylinux1_x86_64.whl"" --torch-backend auto",,2024-07-05T19:47:01Z,146906281
98c02dbce53225b1,release,github,0.5.1,0.5.1,github,default,,cp311,cp311,Linux,x86_64,manylinux1_x86_64,vllm-0.5.1-cp311-cp311-manylinux1_x86_64.whl,,https://github.com/vllm-project/vllm/releases/download/v0.5.1/vllm-0.5.1-cp311-cp311-manylinux1_x86_64.whl,"uv pip install ""https://github.com/vllm-project/vllm/releases/download/v0.5.1/vllm-0.5.1-cp311-cp311-manylinux1_x86_64.whl"" --torch-backend auto",,2024-07-05T19:47:01Z,146906182
ec76b475a92801b5,release,github,0.5.1,0.5.1,github,default,,cp38,cp38,Linux,x86_64,manylinux1_x86_64,vllm-0.5.1-cp38-cp38-manylinux1_x86_64.whl,,https://github.com/vllm-project/vllm/releases/download/v0.5.1/vllm-0.5.1-cp38-cp38-manylinux1_x86_64.whl,"uv pip install ""https://github.com/vllm-project/vllm/releases/download/v0.5.1/vllm-0.5.1-cp38-cp38-manylinux1_x86_64.whl"" --torch-backend auto",,2024-07-05T19:47:01Z,146906205
f96ee28ef70a3143,release,github,0.5.1,0.5.1,github,default,,cp39,cp39,Linux,x86_64,manylinux1_x86_64,vllm-0.5.1-cp39-cp39-manylinux1_x86_64.whl,,https://github.com/vllm-project/vllm/releases/download/v0.5.1/vllm-0.5.1-cp39-cp39-manylinux1_x86_64.whl,"uv pip install ""https://github.com/vllm-project/vllm/releases/download/v0.5.1/vllm-0.5.1-cp39-cp39-manylinux1_x86_64.whl"" --torch-backend auto",,2024-07-05T19:47:01Z,146906268
efca89fa68f491e2,release,github,0.5.0.post1,0.5.0.post1+cu118,github,cu118,cu118,cp310,cp310,Linux,x86_64,manylinux1_x86_64,vllm-0.5.0.post1+cu118-cp310-cp310-manylinux1_x86_64.whl,,https://github.com/vllm-project/vllm/releases/download/v0.5.0.post1/vllm-0.5.0.post1%2Bcu118-cp310-cp310-manylinux1_x86_64.whl,"uv pip install ""https://github.com/vllm-project/vllm/releases/download/v0.5.0.post1/vllm-0.5.0.post1%2Bcu118-cp310-cp310-manylinux1_x86_64.whl"" --torch-backend auto",,2024-06-14T02:43:10Z,130892630
74022cbbfedcc0a4,release,github,0.5.0.post1,0.5.0.post1+cu118,github,cu118,cu118,cp311,cp311,Linux,x86_64,manylinux1_x86_64,vllm-0.5.0.post1+cu118-cp311-cp311-manylinux1_x86_64.whl,,https://github.com/vllm-project/vllm/releases/download/v0.5.0.post1/vllm-0.5.0.post1%2Bcu118-cp311-cp311-manylinux1_x86_64.whl,"uv pip install ""https://github.com/vllm-project/vllm/releases/download/v0.5.0.post1/vllm-0.5.0.post1%2Bcu118-cp311-cp311-manylinux1_x86_64.whl"" --torch-backend auto",,2024-06-14T02:43:10Z,130892533
653d00cc8012b20d,release,github,0.5.0.post1,0.5.0.post1+cu118,github,cu118,cu118,cp38,cp38,Linux,x86_64,manylinux1_x86_64,vllm-0.5.0.post1+cu118-cp38-cp38-manylinux1_x86_64.whl,,https://github.com/vllm-project/vllm/releases/download/v0.5.0.post1/vllm-0.5.0.post1%2Bcu118-cp38-cp38-manylinux1_x86_64.whl,"uv pip install ""https://github.com/vllm-project/vllm/releases/download/v0.5.0.post1/vllm-0.5.0.post1%2Bcu118-cp38-cp38-manylinux1_x86_64.whl"" --torch-backend auto",,2024-06-14T02:43:10Z,130892527
abe20eaa5a70f32d,release,github,0.5.0.post1,0.5.0.post1+cu118,github,cu118,cu118,cp39,cp39,Linux,x86_64,manylinux1_x86_64,vllm-0.5.0.post1+cu118-cp39-cp39-manylinux1_x86_64.whl,,https://github.com/vllm-project/vllm/releases/download/v0.5.0.post1/vllm-0.5.0.post1%2Bcu118-cp39-cp39-manylinux1_x86_64.whl,"uv pip install ""https://github.com/vllm-project/vllm/releases/download/v0.5.0.post1/vllm-0.5.0.post1%2Bcu118-cp39-cp39-manylinux1_x86_64.whl"" --torch-backend auto",,2024-06-14T02:43:10Z,130892683
cdb66d13b504b9a6,release,github,0.5.0.post1,0.5.0.post1,github,default,,cp310,cp310,Linux,x86_64,manylinux1_x86_64,vllm-0.5.0.post1-cp310-cp310-manylinux1_x86_64.whl,,https://github.com/vllm-project/vllm/releases/download/v0.5.0.post1/vllm-0.5.0.post1-cp310-cp310-manylinux1_x86_64.whl,"uv pip install ""https://github.com/vllm-project/vllm/releases/download/v0.5.0.post1/vllm-0.5.0.post1-cp310-cp310-manylinux1_x86_64.whl"" --torch-backend auto",,2024-06-14T02:43:10Z,130187060
fd19df3f2aa39486,release,github,0.5.0.post1,0.5.0.post1,github,default,,cp311,cp311,Linux,x86_64,manylinux1_x86_64,vllm-0.5.0.post1-cp311-cp311-manylinux1_x86_64.whl,,https://github.com/vllm-project/vllm/releases/download/v0.5.0.post1/vllm-0.5.0.post1-cp311-cp311-manylinux1_x86_64.whl,"uv pip install ""https://github.com/vllm-project/vllm/releases/download/v0.5.0.post1/vllm-0.5.0.post1-cp311-cp311-manylinux1_x86_64.whl"" --torch-backend auto",,2024-06-14T02:43:10Z,130187097
e3bf1ccc210567d5,release,github,0.5.0.post1,0.5.0.post1,github,default,,cp38,cp38,Linux,x86_64,manylinux1_x86_64,vllm-0.5.0.post1-cp38-cp38-manylinux1_x86_64.whl,,https://github.com/vllm-project/vllm/releases/download/v0.5.0.post1/vllm-0.5.0.post1-cp38-cp38-manylinux1_x86_64.whl,"uv pip install ""https://github.com/vllm-project/vllm/releases/download/v0.5.0.post1/vllm-0.5.0.post1-cp38-cp38-manylinux1_x86_64.whl"" --torch-backend auto",,2024-06-14T02:43:10Z,130187023
ed73c29018b479d8,release,github,0.5.0.post1,0.5.0.post1,github,default,,cp39,cp39,Linux,x86_64,manylinux1_x86_64,vllm-0.5.0.post1-cp39-cp39-manylinux1_x86_64.whl,,https://github.com/vllm-project/vllm/releases/download/v0.5.0.post1/vllm-0.5.0.post1-cp39-cp39-manylinux1_x86_64.whl,"uv pip install ""https://github.com/vllm-project/vllm/releases/download/v0.5.0.post1/vllm-0.5.0.post1-cp39-cp39-manylinux1_x86_64.whl"" --torch-backend auto",,2024-06-14T02:43:10Z,130187153
26e58586fd7c7abf,release,github,0.5.0,0.5.0+cu118,github,cu118,cu118,cp310,cp310,Linux,x86_64,manylinux1_x86_64,vllm-0.5.0+cu118-cp310-cp310-manylinux1_x86_64.whl,,https://github.com/vllm-project/vllm/releases/download/v0.5.0/vllm-0.5.0%2Bcu118-cp310-cp310-manylinux1_x86_64.whl,"uv pip install ""https://github.com/vllm-project/vllm/releases/download/v0.5.0/vllm-0.5.0%2Bcu118-cp310-cp310-manylinux1_x86_64.whl"" --torch-backend auto",,2024-06-11T18:16:12Z,130834655
5da595edbc0bfcbd,release,github,0.5.0,0.5.0+cu118,github,cu118,cu118,cp311,cp311,Linux,x86_64,manylinux1_x86_64,vllm-0.5.0+cu118-cp311-cp311-manylinux1_x86_64.whl,,https://github.com/vllm-project/vllm/releases/download/v0.5.0/vllm-0.5.0%2Bcu118-cp311-cp311-manylinux1_x86_64.whl,"uv pip install ""https://github.com/vllm-project/vllm/releases/download/v0.5.0/vllm-0.5.0%2Bcu118-cp311-cp311-manylinux1_x86_64.whl"" --torch-backend auto",,2024-06-11T18:16:12Z,130834688
685bef2b00c2f219,release,github,0.5.0,0.5.0+cu118,github,cu118,cu118,cp38,cp38,Linux,x86_64,manylinux1_x86_64,vllm-0.5.0+cu118-cp38-cp38-manylinux1_x86_64.whl,,https://github.com/vllm-project/vllm/releases/download/v0.5.0/vllm-0.5.0%2Bcu118-cp38-cp38-manylinux1_x86_64.whl,"uv pip install ""https://github.com/vllm-project/vllm/releases/download/v0.5.0/vllm-0.5.0%2Bcu118-cp38-cp38-manylinux1_x86_64.whl"" --torch-backend auto",,2024-06-11T18:16:12Z,130834609
eb98687b3b10d626,release,github,0.5.0,0.5.0+cu118,github,cu118,cu118,cp39,cp39,Linux,x86_64,manylinux1_x86_64,vllm-0.5.0+cu118-cp39-cp39-manylinux1_x86_64.whl,,https://github.com/vllm-project/vllm/releases/download/v0.5.0/vllm-0.5.0%2Bcu118-cp39-cp39-manylinux1_x86_64.whl,"uv pip install ""https://github.com/vllm-project/vllm/releases/download/v0.5.0/vllm-0.5.0%2Bcu118-cp39-cp39-manylinux1_x86_64.whl"" --torch-backend auto",,2024-06-11T18:16:12Z,130834640
3f8d5b73e8971fa9,release,github,0.5.0,0.5.0,github,default,,cp310,cp310,Linux,x86_64,manylinux1_x86_64,vllm-0.5.0-cp310-cp310-manylinux1_x86_64.whl,,https://github.com/vllm-project/vllm/releases/download/v0.5.0/vllm-0.5.0-cp310-cp310-manylinux1_x86_64.whl,"uv pip install ""https://github.com/vllm-project/vllm/releases/download/v0.5.0/vllm-0.5.0-cp310-cp310-manylinux1_x86_64.whl"" --torch-backend auto",,2024-06-11T18:16:12Z,130132193
bb30712a9023cf77,release,github,0.5.0,0.5.0,github,default,,cp311,cp311,Linux,x86_64,manylinux1_x86_64,vllm-0.5.0-cp311-cp311-manylinux1_x86_64.whl,,https://github.com/vllm-project/vllm/releases/download/v0.5.0/vllm-0.5.0-cp311-cp311-manylinux1_x86_64.whl,"uv pip install ""https://github.com/vllm-project/vllm/releases/download/v0.5.0/vllm-0.5.0-cp311-cp311-manylinux1_x86_64.whl"" --torch-backend auto",,2024-06-11T18:16:12Z,130132206
8e26aa5b787c2985,release,github,0.5.0,0.5.0,github,default,,cp38,cp38,Linux,x86_64,manylinux1_x86_64,vllm-0.5.0-cp38-cp38-manylinux1_x86_64.whl,,https://github.com/vllm-project/vllm/releases/download/v0.5.0/vllm-0.5.0-cp38-cp38-manylinux1_x86_64.whl,"uv pip install ""https://github.com/vllm-project/vllm/releases/download/v0.5.0/vllm-0.5.0-cp38-cp38-manylinux1_x86_64.whl"" --torch-backend auto",,2024-06-11T18:16:12Z,130132371
4469308b561db814,release,github,0.5.0,0.5.0,github,default,,cp39,cp39,Linux,x86_64,manylinux1_x86_64,vllm-0.5.0-cp39-cp39-manylinux1_x86_64.whl,,https://github.com/vllm-project/vllm/releases/download/v0.5.0/vllm-0.5.0-cp39-cp39-manylinux1_x86_64.whl,"uv pip install ""https://github.com/vllm-project/vllm/releases/download/v0.5.0/vllm-0.5.0-cp39-cp39-manylinux1_x86_64.whl"" --torch-backend auto",,2024-06-11T18:16:12Z,130132191
46b13c51bac06eea,release,github,0.4.3,0.4.3+cu118,github,cu118,cu118,cp310,cp310,Linux,x86_64,manylinux1_x86_64,vllm-0.4.3+cu118-cp310-cp310-manylinux1_x86_64.whl,,https://github.com/vllm-project/vllm/releases/download/v0.4.3/vllm-0.4.3%2Bcu118-cp310-cp310-manylinux1_x86_64.whl,"uv pip install ""https://github.com/vllm-project/vllm/releases/download/v0.4.3/vllm-0.4.3%2Bcu118-cp310-cp310-manylinux1_x86_64.whl"" --torch-backend auto",,2024-06-01T00:25:13Z,131805470
091f3d4d9e8657c0,release,github,0.4.3,0.4.3+cu118,github,cu118,cu118,cp311,cp311,Linux,x86_64,manylinux1_x86_64,vllm-0.4.3+cu118-cp311-cp311-manylinux1_x86_64.whl,,https://github.com/vllm-project/vllm/releases/download/v0.4.3/vllm-0.4.3%2Bcu118-cp311-cp311-manylinux1_x86_64.whl,"uv pip install ""https://github.com/vllm-project/vllm/releases/download/v0.4.3/vllm-0.4.3%2Bcu118-cp311-cp311-manylinux1_x86_64.whl"" --torch-backend auto",,2024-06-01T00:25:13Z,131808693
9407c0a5cebdff34,release,github,0.4.3,0.4.3+cu118,github,cu118,cu118,cp38,cp38,Linux,x86_64,manylinux1_x86_64,vllm-0.4.3+cu118-cp38-cp38-manylinux1_x86_64.whl,,https://github.com/vllm-project/vllm/releases/download/v0.4.3/vllm-0.4.3%2Bcu118-cp38-cp38-manylinux1_x86_64.whl,"uv pip install ""https://github.com/vllm-project/vllm/releases/download/v0.4.3/vllm-0.4.3%2Bcu118-cp38-cp38-manylinux1_x86_64.whl"" --torch-backend auto",,2024-06-01T00:25:13Z,131805421
8b2e50657b58ef28,release,github,0.4.3,0.4.3+cu118,github,cu118,cu118,cp39,cp39,Linux,x86_64,manylinux1_x86_64,vllm-0.4.3+cu118-cp39-cp39-manylinux1_x86_64.whl,,https://github.com/vllm-project/vllm/releases/download/v0.4.3/vllm-0.4.3%2Bcu118-cp39-cp39-manylinux1_x86_64.whl,"uv pip install ""https://github.com/vllm-project/vllm/releases/download/v0.4.3/vllm-0.4.3%2Bcu118-cp39-cp39-manylinux1_x86_64.whl"" --torch-backend auto",,2024-06-01T00:25:13Z,131806619
6ad2284b9d2fc35b,release,github,0.4.3,0.4.3,github,default,,cp310,cp310,Linux,x86_64,manylinux1_x86_64,vllm-0.4.3-cp310-cp310-manylinux1_x86_64.whl,,https://github.com/vllm-project/vllm/releases/download/v0.4.3/vllm-0.4.3-cp310-cp310-manylinux1_x86_64.whl,"uv pip install ""https://github.com/vllm-project/vllm/releases/download/v0.4.3/vllm-0.4.3-cp310-cp310-manylinux1_x86_64.whl"" --torch-backend auto",,2024-06-01T00:25:13Z,131056606
cf32998cafd65a65,release,github,0.4.3,0.4.3,github,default,,cp311,cp311,Linux,x86_64,manylinux1_x86_64,vllm-0.4.3-cp311-cp311-manylinux1_x86_64.whl,,https://github.com/vllm-project/vllm/releases/download/v0.4.3/vllm-0.4.3-cp311-cp311-manylinux1_x86_64.whl,"uv pip install ""https://github.com/vllm-project/vllm/releases/download/v0.4.3/vllm-0.4.3-cp311-cp311-manylinux1_x86_64.whl"" --torch-backend auto",,2024-06-01T00:25:13Z,131058260
c80e47815a5c9219,release,github,0.4.3,0.4.3,github,default,,cp38,cp38,Linux,x86_64,manylinux1_x86_64,vllm-0.4.3-cp38-cp38-manylinux1_x86_64.whl,,https://github.com/vllm-project/vllm/releases/download/v0.4.3/vllm-0.4.3-cp38-cp38-manylinux1_x86_64.whl,"uv pip install ""https://github.com/vllm-project/vllm/releases/download/v0.4.3/vllm-0.4.3-cp38-cp38-manylinux1_x86_64.whl"" --torch-backend auto",,2024-06-01T00:25:13Z,131056740
61f56240efbbf5e9,release,github,0.4.3,0.4.3,github,default,,cp39,cp39,Linux,x86_64,manylinux1_x86_64,vllm-0.4.3-cp39-cp39-manylinux1_x86_64.whl,,https://github.com/vllm-project/vllm/releases/download/v0.4.3/vllm-0.4.3-cp39-cp39-manylinux1_x86_64.whl,"uv pip install ""https://github.com/vllm-project/vllm/releases/download/v0.4.3/vllm-0.4.3-cp39-cp39-manylinux1_x86_64.whl"" --torch-backend auto",,2024-06-01T00:25:13Z,131056796
187121d8010252f4,release,github,0.4.2,0.4.2+cu118,github,cu118,cu118,cp310,cp310,Linux,x86_64,manylinux1_x86_64,vllm-0.4.2+cu118-cp310-cp310-manylinux1_x86_64.whl,,https://github.com/vllm-project/vllm/releases/download/v0.4.2/vllm-0.4.2%2Bcu118-cp310-cp310-manylinux1_x86_64.whl,"uv pip install ""https://github.com/vllm-project/vllm/releases/download/v0.4.2/vllm-0.4.2%2Bcu118-cp310-cp310-manylinux1_x86_64.whl"" --torch-backend auto",,2024-05-05T04:31:08Z,67719876
fbe8585d9318fb27,release,github,0.4.2,0.4.2+cu118,github,cu118,cu118,cp311,cp311,Linux,x86_64,manylinux1_x86_64,vllm-0.4.2+cu118-cp311-cp311-manylinux1_x86_64.whl,,https://github.com/vllm-project/vllm/releases/download/v0.4.2/vllm-0.4.2%2Bcu118-cp311-cp311-manylinux1_x86_64.whl,"uv pip install ""https://github.com/vllm-project/vllm/releases/download/v0.4.2/vllm-0.4.2%2Bcu118-cp311-cp311-manylinux1_x86_64.whl"" --torch-backend auto",,2024-05-05T04:31:08Z,67722875
5ee25814b663dbd2,release,github,0.4.2,0.4.2+cu118,github,cu118,cu118,cp38,cp38,Linux,x86_64,manylinux1_x86_64,vllm-0.4.2+cu118-cp38-cp38-manylinux1_x86_64.whl,,https://github.com/vllm-project/vllm/releases/download/v0.4.2/vllm-0.4.2%2Bcu118-cp38-cp38-manylinux1_x86_64.whl,"uv pip install ""https://github.com/vllm-project/vllm/releases/download/v0.4.2/vllm-0.4.2%2Bcu118-cp38-cp38-manylinux1_x86_64.whl"" --torch-backend auto",,2024-05-05T04:31:08Z,67719644
3805c6adea49e8c6,release,github,0.4.2,0.4.2+cu118,github,cu118,cu118,cp39,cp39,Linux,x86_64,manylinux1_x86_64,vllm-0.4.2+cu118-cp39-cp39-manylinux1_x86_64.whl,,https://github.com/vllm-project/vllm/releases/download/v0.4.2/vllm-0.4.2%2Bcu118-cp39-cp39-manylinux1_x86_64.whl,"uv pip install ""https://github.com/vllm-project/vllm/releases/download/v0.4.2/vllm-0.4.2%2Bcu118-cp39-cp39-manylinux1_x86_64.whl"" --torch-backend auto",,2024-05-05T04:31:08Z,67720446
218732ba260c2af3,release,github,0.4.2,0.4.2,github,default,,cp310,cp310,Linux,x86_64,manylinux1_x86_64,vllm-0.4.2-cp310-cp310-manylinux1_x86_64.whl,,https://github.com/vllm-project/vllm/releases/download/v0.4.2/vllm-0.4.2-cp310-cp310-manylinux1_x86_64.whl,"uv pip install ""https://github.com/vllm-project/vllm/releases/download/v0.4.2/vllm-0.4.2-cp310-cp310-manylinux1_x86_64.whl"" --torch-backend auto",,2024-05-05T04:31:08Z,67736025
add8e4e4b016941e,release,github,0.4.2,0.4.2,github,default,,cp311,cp311,Linux,x86_64,manylinux1_x86_64,vllm-0.4.2-cp311-cp311-manylinux1_x86_64.whl,,https://github.com/vllm-project/vllm/releases/download/v0.4.2/vllm-0.4.2-cp311-cp311-manylinux1_x86_64.whl,"uv pip install ""https://github.com/vllm-project/vllm/releases/download/v0.4.2/vllm-0.4.2-cp311-cp311-manylinux1_x86_64.whl"" --torch-backend auto",,2024-05-05T04:31:08Z,67738290
c04837ff0da5bb5e,release,github,0.4.2,0.4.2,github,default,,cp38,cp38,Linux,x86_64,manylinux1_x86_64,vllm-0.4.2-cp38-cp38-manylinux1_x86_64.whl,,https://github.com/vllm-project/vllm/releases/download/v0.4.2/vllm-0.4.2-cp38-cp38-manylinux1_x86_64.whl,"uv pip install ""https://github.com/vllm-project/vllm/releases/download/v0.4.2/vllm-0.4.2-cp38-cp38-manylinux1_x86_64.whl"" --torch-backend auto",,2024-05-05T04:31:08Z,67735761
6a78f9f19475e91f,release,github,0.4.2,0.4.2,github,default,,cp39,cp39,Linux,x86_64,manylinux1_x86_64,vllm-0.4.2-cp39-cp39-manylinux1_x86_64.whl,,https://github.com/vllm-project/vllm/releases/download/v0.4.2/vllm-0.4.2-cp39-cp39-manylinux1_x86_64.whl,"uv pip install ""https://github.com/vllm-project/vllm/releases/download/v0.4.2/vllm-0.4.2-cp39-cp39-manylinux1_x86_64.whl"" --torch-backend auto",,2024-05-05T04:31:08Z,67736542
c4098b67e87d390c,release,github,0.4.1,0.4.1+cu118,github,cu118,cu118,cp310,cp310,Linux,x86_64,manylinux1_x86_64,vllm-0.4.1+cu118-cp310-cp310-manylinux1_x86_64.whl,,https://github.com/vllm-project/vllm/releases/download/v0.4.1/vllm-0.4.1%2Bcu118-cp310-cp310-manylinux1_x86_64.whl,"uv pip install ""https://github.com/vllm-project/vllm/releases/download/v0.4.1/vllm-0.4.1%2Bcu118-cp310-cp310-manylinux1_x86_64.whl"" --torch-backend auto",,2024-04-24T02:28:08Z,84014778
989e761031a181ad,release,github,0.4.1,0.4.1+cu118,github,cu118,cu118,cp311,cp311,Linux,x86_64,manylinux1_x86_64,vllm-0.4.1+cu118-cp311-cp311-manylinux1_x86_64.whl,,https://github.com/vllm-project/vllm/releases/download/v0.4.1/vllm-0.4.1%2Bcu118-cp311-cp311-manylinux1_x86_64.whl,"uv pip install ""https://github.com/vllm-project/vllm/releases/download/v0.4.1/vllm-0.4.1%2Bcu118-cp311-cp311-manylinux1_x86_64.whl"" --torch-backend auto",,2024-04-24T02:28:08Z,84057490
f9b754c9310fe7a0,release,github,0.4.1,0.4.1+cu118,github,cu118,cu118,cp38,cp38,Linux,x86_64,manylinux1_x86_64,vllm-0.4.1+cu118-cp38-cp38-manylinux1_x86_64.whl,,https://github.com/vllm-project/vllm/releases/download/v0.4.1/vllm-0.4.1%2Bcu118-cp38-cp38-manylinux1_x86_64.whl,"uv pip install ""https://github.com/vllm-project/vllm/releases/download/v0.4.1/vllm-0.4.1%2Bcu118-cp38-cp38-manylinux1_x86_64.whl"" --torch-backend auto",,2024-04-24T02:28:08Z,84016053
0752f6161ce4a918,release,github,0.4.1,0.4.1+cu118,github,cu118,cu118,cp39,cp39,Linux,x86_64,manylinux1_x86_64,vllm-0.4.1+cu118-cp39-cp39-manylinux1_x86_64.whl,,https://github.com/vllm-project/vllm/releases/download/v0.4.1/vllm-0.4.1%2Bcu118-cp39-cp39-manylinux1_x86_64.whl,"uv pip install ""https://github.com/vllm-project/vllm/releases/download/v0.4.1/vllm-0.4.1%2Bcu118-cp39-cp39-manylinux1_x86_64.whl"" --torch-backend auto",,2024-04-24T02:28:08Z,84010812
6f61175022dc99ea,release,github,0.4.1,0.4.1,github,default,,cp310,cp310,Linux,x86_64,manylinux1_x86_64,vllm-0.4.1-cp310-cp310-manylinux1_x86_64.whl,,https://github.com/vllm-project/vllm/releases/download/v0.4.1/vllm-0.4.1-cp310-cp310-manylinux1_x86_64.whl,"uv pip install ""https://github.com/vllm-project/vllm/releases/download/v0.4.1/vllm-0.4.1-cp310-cp310-manylinux1_x86_64.whl"" --torch-backend auto",,2024-04-24T02:28:08Z,83975177
5ae943c56b027aaf,release,github,0.4.1,0.4.1,github,default,,cp311,cp311,Linux,x86_64,manylinux1_x86_64,vllm-0.4.1-cp311-cp311-manylinux1_x86_64.whl,,https://github.com/vllm-project/vllm/releases/download/v0.4.1/vllm-0.4.1-cp311-cp311-manylinux1_x86_64.whl,"uv pip install ""https://github.com/vllm-project/vllm/releases/download/v0.4.1/vllm-0.4.1-cp311-cp311-manylinux1_x86_64.whl"" --torch-backend auto",,2024-04-24T02:28:08Z,84018559
d6326450797cb121,release,github,0.4.1,0.4.1,github,default,,cp38,cp38,Linux,x86_64,manylinux1_x86_64,vllm-0.4.1-cp38-cp38-manylinux1_x86_64.whl,,https://github.com/vllm-project/vllm/releases/download/v0.4.1/vllm-0.4.1-cp38-cp38-manylinux1_x86_64.whl,"uv pip install ""https://github.com/vllm-project/vllm/releases/download/v0.4.1/vllm-0.4.1-cp38-cp38-manylinux1_x86_64.whl"" --torch-backend auto",,2024-04-24T02:28:08Z,83977726
a2d14ba9b2e73061,release,github,0.4.1,0.4.1,github,default,,cp39,cp39,Linux,x86_64,manylinux1_x86_64,vllm-0.4.1-cp39-cp39-manylinux1_x86_64.whl,,https://github.com/vllm-project/vllm/releases/download/v0.4.1/vllm-0.4.1-cp39-cp39-manylinux1_x86_64.whl,"uv pip install ""https://github.com/vllm-project/vllm/releases/download/v0.4.1/vllm-0.4.1-cp39-cp39-manylinux1_x86_64.whl"" --torch-backend auto",,2024-04-24T02:28:08Z,83970870
48866cb185682633,release,github,0.4.0.post1,0.4.0.post1+cu118,github,cu118,cu118,cp310,cp310,Linux,x86_64,manylinux1_x86_64,vllm-0.4.0.post1+cu118-cp310-cp310-manylinux1_x86_64.whl,,https://github.com/vllm-project/vllm/releases/download/v0.4.0.post1/vllm-0.4.0.post1%2Bcu118-cp310-cp310-manylinux1_x86_64.whl,"uv pip install ""https://github.com/vllm-project/vllm/releases/download/v0.4.0.post1/vllm-0.4.0.post1%2Bcu118-cp310-cp310-manylinux1_x86_64.whl"" --torch-backend auto",,2024-04-02T20:01:54Z,97585884
af39a6fc1a59fddb,release,github,0.4.0.post1,0.4.0.post1+cu118,github,cu118,cu118,cp311,cp311,Linux,x86_64,manylinux1_x86_64,vllm-0.4.0.post1+cu118-cp311-cp311-manylinux1_x86_64.whl,,https://github.com/vllm-project/vllm/releases/download/v0.4.0.post1/vllm-0.4.0.post1%2Bcu118-cp311-cp311-manylinux1_x86_64.whl,"uv pip install ""https://github.com/vllm-project/vllm/releases/download/v0.4.0.post1/vllm-0.4.0.post1%2Bcu118-cp311-cp311-manylinux1_x86_64.whl"" --torch-backend auto",,2024-04-02T20:01:54Z,97621855
cd2f30d2f32be37b,release,github,0.4.0.post1,0.4.0.post1+cu118,github,cu118,cu118,cp38,cp38,Linux,x86_64,manylinux1_x86_64,vllm-0.4.0.post1+cu118-cp38-cp38-manylinux1_x86_64.whl,,https://github.com/vllm-project/vllm/releases/download/v0.4.0.post1/vllm-0.4.0.post1%2Bcu118-cp38-cp38-manylinux1_x86_64.whl,"uv pip install ""https://github.com/vllm-project/vllm/releases/download/v0.4.0.post1/vllm-0.4.0.post1%2Bcu118-cp38-cp38-manylinux1_x86_64.whl"" --torch-backend auto",,2024-04-02T20:01:54Z,97585816
7c21c5c5c62dd3da,release,github,0.4.0.post1,0.4.0.post1+cu118,github,cu118,cu118,cp39,cp39,Linux,x86_64,manylinux1_x86_64,vllm-0.4.0.post1+cu118-cp39-cp39-manylinux1_x86_64.whl,,https://github.com/vllm-project/vllm/releases/download/v0.4.0.post1/vllm-0.4.0.post1%2Bcu118-cp39-cp39-manylinux1_x86_64.whl,"uv pip install ""https://github.com/vllm-project/vllm/releases/download/v0.4.0.post1/vllm-0.4.0.post1%2Bcu118-cp39-cp39-manylinux1_x86_64.whl"" --torch-backend auto",,2024-04-02T20:01:54Z,97591395
11ce983a3a75844d,release,github,0.4.0.post1,0.4.0.post1,github,default,,cp310,cp310,Linux,x86_64,manylinux1_x86_64,vllm-0.4.0.post1-cp310-cp310-manylinux1_x86_64.whl,,https://github.com/vllm-project/vllm/releases/download/v0.4.0.post1/vllm-0.4.0.post1-cp310-cp310-manylinux1_x86_64.whl,"uv pip install ""https://github.com/vllm-project/vllm/releases/download/v0.4.0.post1/vllm-0.4.0.post1-cp310-cp310-manylinux1_x86_64.whl"" --torch-backend auto",,2024-04-02T20:01:54Z,97609696
5d3d028686bbe59c,release,github,0.4.0.post1,0.4.0.post1,github,default,,cp311,cp311,Linux,x86_64,manylinux1_x86_64,vllm-0.4.0.post1-cp311-cp311-manylinux1_x86_64.whl,,https://github.com/vllm-project/vllm/releases/download/v0.4.0.post1/vllm-0.4.0.post1-cp311-cp311-manylinux1_x86_64.whl,"uv pip install ""https://github.com/vllm-project/vllm/releases/download/v0.4.0.post1/vllm-0.4.0.post1-cp311-cp311-manylinux1_x86_64.whl"" --torch-backend auto",,2024-04-02T20:01:54Z,97644365
50f1d6d97ddc5285,release,github,0.4.0.post1,0.4.0.post1,github,default,,cp38,cp38,Linux,x86_64,manylinux1_x86_64,vllm-0.4.0.post1-cp38-cp38-manylinux1_x86_64.whl,,https://github.com/vllm-project/vllm/releases/download/v0.4.0.post1/vllm-0.4.0.post1-cp38-cp38-manylinux1_x86_64.whl,"uv pip install ""https://github.com/vllm-project/vllm/releases/download/v0.4.0.post1/vllm-0.4.0.post1-cp38-cp38-manylinux1_x86_64.whl"" --torch-backend auto",,2024-04-02T20:01:54Z,97608187
e7ff2a62f7a36c91,release,github,0.4.0.post1,0.4.0.post1,github,default,,cp39,cp39,Linux,x86_64,manylinux1_x86_64,vllm-0.4.0.post1-cp39-cp39-manylinux1_x86_64.whl,,https://github.com/vllm-project/vllm/releases/download/v0.4.0.post1/vllm-0.4.0.post1-cp39-cp39-manylinux1_x86_64.whl,"uv pip install ""https://github.com/vllm-project/vllm/releases/download/v0.4.0.post1/vllm-0.4.0.post1-cp39-cp39-manylinux1_x86_64.whl"" --torch-backend auto",,2024-04-02T20:01:54Z,97614834
0764e7b585fb8071,release,github,0.4.0,0.4.0+cu118,github,cu118,cu118,cp310,cp310,Linux,x86_64,manylinux1_x86_64,vllm-0.4.0+cu118-cp310-cp310-manylinux1_x86_64.whl,,https://github.com/vllm-project/vllm/releases/download/v0.4.0/vllm-0.4.0%2Bcu118-cp310-cp310-manylinux1_x86_64.whl,"uv pip install ""https://github.com/vllm-project/vllm/releases/download/v0.4.0/vllm-0.4.0%2Bcu118-cp310-cp310-manylinux1_x86_64.whl"" --torch-backend auto",,2024-03-30T01:54:27Z,115177720
ab157e8c36b4900a,release,github,0.4.0,0.4.0+cu118,github,cu118,cu118,cp311,cp311,Linux,x86_64,manylinux1_x86_64,vllm-0.4.0+cu118-cp311-cp311-manylinux1_x86_64.whl,,https://github.com/vllm-project/vllm/releases/download/v0.4.0/vllm-0.4.0%2Bcu118-cp311-cp311-manylinux1_x86_64.whl,"uv pip install ""https://github.com/vllm-project/vllm/releases/download/v0.4.0/vllm-0.4.0%2Bcu118-cp311-cp311-manylinux1_x86_64.whl"" --torch-backend auto",,2024-03-30T01:54:27Z,115217836
93e25e2718c70c36,release,github,0.4.0,0.4.0+cu118,github,cu118,cu118,cp38,cp38,Linux,x86_64,manylinux1_x86_64,vllm-0.4.0+cu118-cp38-cp38-manylinux1_x86_64.whl,,https://github.com/vllm-project/vllm/releases/download/v0.4.0/vllm-0.4.0%2Bcu118-cp38-cp38-manylinux1_x86_64.whl,"uv pip install ""https://github.com/vllm-project/vllm/releases/download/v0.4.0/vllm-0.4.0%2Bcu118-cp38-cp38-manylinux1_x86_64.whl"" --torch-backend auto",,2024-03-30T01:54:27Z,115180247
92554893ff47aab8,release,github,0.4.0,0.4.0+cu118,github,cu118,cu118,cp39,cp39,Linux,x86_64,manylinux1_x86_64,vllm-0.4.0+cu118-cp39-cp39-manylinux1_x86_64.whl,,https://github.com/vllm-project/vllm/releases/download/v0.4.0/vllm-0.4.0%2Bcu118-cp39-cp39-manylinux1_x86_64.whl,"uv pip install ""https://github.com/vllm-project/vllm/releases/download/v0.4.0/vllm-0.4.0%2Bcu118-cp39-cp39-manylinux1_x86_64.whl"" --torch-backend auto",,2024-03-30T01:54:27Z,115185299
796aadaedacd3604,release,github,0.4.0,0.4.0,github,default,,cp310,cp310,Linux,x86_64,manylinux1_x86_64,vllm-0.4.0-cp310-cp310-manylinux1_x86_64.whl,,https://github.com/vllm-project/vllm/releases/download/v0.4.0/vllm-0.4.0-cp310-cp310-manylinux1_x86_64.whl,"uv pip install ""https://github.com/vllm-project/vllm/releases/download/v0.4.0/vllm-0.4.0-cp310-cp310-manylinux1_x86_64.whl"" --torch-backend auto",,2024-03-30T01:54:27Z,72290601
f71d71def82261a7,release,github,0.4.0,0.4.0,github,default,,cp311,cp311,Linux,x86_64,manylinux1_x86_64,vllm-0.4.0-cp311-cp311-manylinux1_x86_64.whl,,https://github.com/vllm-project/vllm/releases/download/v0.4.0/vllm-0.4.0-cp311-cp311-manylinux1_x86_64.whl,"uv pip install ""https://github.com/vllm-project/vllm/releases/download/v0.4.0/vllm-0.4.0-cp311-cp311-manylinux1_x86_64.whl"" --torch-backend auto",,2024-03-30T01:54:27Z,72318742
9167c405f23c45c6,release,github,0.4.0,0.4.0,github,default,,cp38,cp38,Linux,x86_64,manylinux1_x86_64,vllm-0.4.0-cp38-cp38-manylinux1_x86_64.whl,,https://github.com/vllm-project/vllm/releases/download/v0.4.0/vllm-0.4.0-cp38-cp38-manylinux1_x86_64.whl,"uv pip install ""https://github.com/vllm-project/vllm/releases/download/v0.4.0/vllm-0.4.0-cp38-cp38-manylinux1_x86_64.whl"" --torch-backend auto",,2024-03-30T01:54:27Z,72289408
2787b7adfc5b8307,release,github,0.4.0,0.4.0,github,default,,cp39,cp39,Linux,x86_64,manylinux1_x86_64,vllm-0.4.0-cp39-cp39-manylinux1_x86_64.whl,,https://github.com/vllm-project/vllm/releases/download/v0.4.0/vllm-0.4.0-cp39-cp39-manylinux1_x86_64.whl,"uv pip install ""https://github.com/vllm-project/vllm/releases/download/v0.4.0/vllm-0.4.0-cp39-cp39-manylinux1_x86_64.whl"" --torch-backend auto",,2024-03-30T01:54:27Z,72295675
856d040b018a8dfa,release,github,0.3.3,0.3.3+cu118,github,cu118,cu118,cp310,cp310,Linux,x86_64,manylinux1_x86_64,vllm-0.3.3+cu118-cp310-cp310-manylinux1_x86_64.whl,,https://github.com/vllm-project/vllm/releases/download/v0.3.3/vllm-0.3.3%2Bcu118-cp310-cp310-manylinux1_x86_64.whl,"uv pip install ""https://github.com/vllm-project/vllm/releases/download/v0.3.3/vllm-0.3.3%2Bcu118-cp310-cp310-manylinux1_x86_64.whl"" --torch-backend auto",,2024-03-01T20:58:44Z,44047070
74ffeecf8713dcf2,release,github,0.3.3,0.3.3+cu118,github,cu118,cu118,cp311,cp311,Linux,x86_64,manylinux1_x86_64,vllm-0.3.3+cu118-cp311-cp311-manylinux1_x86_64.whl,,https://github.com/vllm-project/vllm/releases/download/v0.3.3/vllm-0.3.3%2Bcu118-cp311-cp311-manylinux1_x86_64.whl,"uv pip install ""https://github.com/vllm-project/vllm/releases/download/v0.3.3/vllm-0.3.3%2Bcu118-cp311-cp311-manylinux1_x86_64.whl"" --torch-backend auto",,2024-03-01T20:58:44Z,44084288
5ea2c33e2bb3275e,release,github,0.3.3,0.3.3+cu118,github,cu118,cu118,cp38,cp38,Linux,x86_64,manylinux1_x86_64,vllm-0.3.3+cu118-cp38-cp38-manylinux1_x86_64.whl,,https://github.com/vllm-project/vllm/releases/download/v0.3.3/vllm-0.3.3%2Bcu118-cp38-cp38-manylinux1_x86_64.whl,"uv pip install ""https://github.com/vllm-project/vllm/releases/download/v0.3.3/vllm-0.3.3%2Bcu118-cp38-cp38-manylinux1_x86_64.whl"" --torch-backend auto",,2024-03-01T20:58:44Z,44036726
bab8fc692b5048e7,release,github,0.3.3,0.3.3+cu118,github,cu118,cu118,cp39,cp39,Linux,x86_64,manylinux1_x86_64,vllm-0.3.3+cu118-cp39-cp39-manylinux1_x86_64.whl,,https://github.com/vllm-project/vllm/releases/download/v0.3.3/vllm-0.3.3%2Bcu118-cp39-cp39-manylinux1_x86_64.whl,"uv pip install ""https://github.com/vllm-project/vllm/releases/download/v0.3.3/vllm-0.3.3%2Bcu118-cp39-cp39-manylinux1_x86_64.whl"" --torch-backend auto",,2024-03-01T20:58:44Z,44042487
7c3dffdbde3ebd8e,release,github,0.3.3,0.3.3,github,default,,cp310,cp310,Linux,x86_64,manylinux1_x86_64,vllm-0.3.3-cp310-cp310-manylinux1_x86_64.whl,,https://github.com/vllm-project/vllm/releases/download/v0.3.3/vllm-0.3.3-cp310-cp310-manylinux1_x86_64.whl,"uv pip install ""https://github.com/vllm-project/vllm/releases/download/v0.3.3/vllm-0.3.3-cp310-cp310-manylinux1_x86_64.whl"" --torch-backend auto",,2024-03-01T20:58:44Z,44327937
c78f5c30218d372d,release,github,0.3.3,0.3.3,github,default,,cp311,cp311,Linux,x86_64,manylinux1_x86_64,vllm-0.3.3-cp311-cp311-manylinux1_x86_64.whl,,https://github.com/vllm-project/vllm/releases/download/v0.3.3/vllm-0.3.3-cp311-cp311-manylinux1_x86_64.whl,"uv pip install ""https://github.com/vllm-project/vllm/releases/download/v0.3.3/vllm-0.3.3-cp311-cp311-manylinux1_x86_64.whl"" --torch-backend auto",,2024-03-01T20:58:44Z,44375166
8b8ab99113adc89d,release,github,0.3.3,0.3.3,github,default,,cp38,cp38,Linux,x86_64,manylinux1_x86_64,vllm-0.3.3-cp38-cp38-manylinux1_x86_64.whl,,https://github.com/vllm-project/vllm/releases/download/v0.3.3/vllm-0.3.3-cp38-cp38-manylinux1_x86_64.whl,"uv pip install ""https://github.com/vllm-project/vllm/releases/download/v0.3.3/vllm-0.3.3-cp38-cp38-manylinux1_x86_64.whl"" --torch-backend auto",,2024-03-01T20:58:44Z,44335517
8af5c3c92574ae89,release,github,0.3.3,0.3.3,github,default,,cp39,cp39,Linux,x86_64,manylinux1_x86_64,vllm-0.3.3-cp39-cp39-manylinux1_x86_64.whl,,https://github.com/vllm-project/vllm/releases/download/v0.3.3/vllm-0.3.3-cp39-cp39-manylinux1_x86_64.whl,"uv pip install ""https://github.com/vllm-project/vllm/releases/download/v0.3.3/vllm-0.3.3-cp39-cp39-manylinux1_x86_64.whl"" --torch-backend auto",,2024-03-01T20:58:44Z,44338043
13f11cf030aa897f,release,github,0.3.2,0.3.2+cu118,github,cu118,cu118,cp310,cp310,Linux,x86_64,manylinux1_x86_64,vllm-0.3.2+cu118-cp310-cp310-manylinux1_x86_64.whl,,https://github.com/vllm-project/vllm/releases/download/v0.3.2/vllm-0.3.2%2Bcu118-cp310-cp310-manylinux1_x86_64.whl,"uv pip install ""https://github.com/vllm-project/vllm/releases/download/v0.3.2/vllm-0.3.2%2Bcu118-cp310-cp310-manylinux1_x86_64.whl"" --torch-backend auto",,2024-02-21T19:50:54Z,41172832
c6c40bb8c1db6f44,release,github,0.3.2,0.3.2+cu118,github,cu118,cu118,cp311,cp311,Linux,x86_64,manylinux1_x86_64,vllm-0.3.2+cu118-cp311-cp311-manylinux1_x86_64.whl,,https://github.com/vllm-project/vllm/releases/download/v0.3.2/vllm-0.3.2%2Bcu118-cp311-cp311-manylinux1_x86_64.whl,"uv pip install ""https://github.com/vllm-project/vllm/releases/download/v0.3.2/vllm-0.3.2%2Bcu118-cp311-cp311-manylinux1_x86_64.whl"" --torch-backend auto",,2024-02-21T19:50:54Z,41217398
a14fe9873d1e1a0c,release,github,0.3.2,0.3.2+cu118,github,cu118,cu118,cp38,cp38,Linux,x86_64,manylinux1_x86_64,vllm-0.3.2+cu118-cp38-cp38-manylinux1_x86_64.whl,,https://github.com/vllm-project/vllm/releases/download/v0.3.2/vllm-0.3.2%2Bcu118-cp38-cp38-manylinux1_x86_64.whl,"uv pip install ""https://github.com/vllm-project/vllm/releases/download/v0.3.2/vllm-0.3.2%2Bcu118-cp38-cp38-manylinux1_x86_64.whl"" --torch-backend auto",,2024-02-21T19:50:54Z,41173363
537f9b57c9f52773,release,github,0.3.2,0.3.2+cu118,github,cu118,cu118,cp39,cp39,Linux,x86_64,manylinux1_x86_64,vllm-0.3.2+cu118-cp39-cp39-manylinux1_x86_64.whl,,https://github.com/vllm-project/vllm/releases/download/v0.3.2/vllm-0.3.2%2Bcu118-cp39-cp39-manylinux1_x86_64.whl,"uv pip install ""https://github.com/vllm-project/vllm/releases/download/v0.3.2/vllm-0.3.2%2Bcu118-cp39-cp39-manylinux1_x86_64.whl"" --torch-backend auto",,2024-02-21T19:50:54Z,41171431
867c4800810f7199,release,github,0.3.2,0.3.2,github,default,,cp310,cp310,Linux,x86_64,manylinux1_x86_64,vllm-0.3.2-cp310-cp310-manylinux1_x86_64.whl,,https://github.com/vllm-project/vllm/releases/download/v0.3.2/vllm-0.3.2-cp310-cp310-manylinux1_x86_64.whl,"uv pip install ""https://github.com/vllm-project/vllm/releases/download/v0.3.2/vllm-0.3.2-cp310-cp310-manylinux1_x86_64.whl"" --torch-backend auto",,2024-02-21T19:50:54Z,41435862
8e23fdb41b0cb379,release,github,0.3.2,0.3.2,github,default,,cp311,cp311,Linux,x86_64,manylinux1_x86_64,vllm-0.3.2-cp311-cp311-manylinux1_x86_64.whl,,https://github.com/vllm-project/vllm/releases/download/v0.3.2/vllm-0.3.2-cp311-cp311-manylinux1_x86_64.whl,"uv pip install ""https://github.com/vllm-project/vllm/releases/download/v0.3.2/vllm-0.3.2-cp311-cp311-manylinux1_x86_64.whl"" --torch-backend auto",,2024-02-21T19:50:54Z,41442696
7c8f5aad7084927f,release,github,0.3.2,0.3.2,github,default,,cp38,cp38,Linux,x86_64,manylinux1_x86_64,vllm-0.3.2-cp38-cp38-manylinux1_x86_64.whl,,https://github.com/vllm-project/vllm/releases/download/v0.3.2/vllm-0.3.2-cp38-cp38-manylinux1_x86_64.whl,"uv pip install ""https://github.com/vllm-project/vllm/releases/download/v0.3.2/vllm-0.3.2-cp38-cp38-manylinux1_x86_64.whl"" --torch-backend auto",,2024-02-21T19:50:54Z,41425812
f75a31632249713e,release,github,0.3.2,0.3.2,github,default,,cp39,cp39,Linux,x86_64,manylinux1_x86_64,vllm-0.3.2-cp39-cp39-manylinux1_x86_64.whl,,https://github.com/vllm-project/vllm/releases/download/v0.3.2/vllm-0.3.2-cp39-cp39-manylinux1_x86_64.whl,"uv pip install ""https://github.com/vllm-project/vllm/releases/download/v0.3.2/vllm-0.3.2-cp39-cp39-manylinux1_x86_64.whl"" --torch-backend auto",,2024-02-21T19:50:54Z,41420594
ec6c57fa78bafcf0,release,github,0.3.1,0.3.1+cu118,github,cu118,cu118,cp310,cp310,Linux,x86_64,manylinux1_x86_64,vllm-0.3.1+cu118-cp310-cp310-manylinux1_x86_64.whl,,https://github.com/vllm-project/vllm/releases/download/v0.3.1/vllm-0.3.1%2Bcu118-cp310-cp310-manylinux1_x86_64.whl,"uv pip install ""https://github.com/vllm-project/vllm/releases/download/v0.3.1/vllm-0.3.1%2Bcu118-cp310-cp310-manylinux1_x86_64.whl"" --torch-backend auto",,2024-02-16T23:06:09Z,41169674
c3aaf0bb4ba9fcae,release,github,0.3.1,0.3.1+cu118,github,cu118,cu118,cp311,cp311,Linux,x86_64,manylinux1_x86_64,vllm-0.3.1+cu118-cp311-cp311-manylinux1_x86_64.whl,,https://github.com/vllm-project/vllm/releases/download/v0.3.1/vllm-0.3.1%2Bcu118-cp311-cp311-manylinux1_x86_64.whl,"uv pip install ""https://github.com/vllm-project/vllm/releases/download/v0.3.1/vllm-0.3.1%2Bcu118-cp311-cp311-manylinux1_x86_64.whl"" --torch-backend auto",,2024-02-16T23:06:09Z,41206599
4cb5fcf23f5d9266,release,github,0.3.1,0.3.1+cu118,github,cu118,cu118,cp38,cp38,Linux,x86_64,manylinux1_x86_64,vllm-0.3.1+cu118-cp38-cp38-manylinux1_x86_64.whl,,https://github.com/vllm-project/vllm/releases/download/v0.3.1/vllm-0.3.1%2Bcu118-cp38-cp38-manylinux1_x86_64.whl,"uv pip install ""https://github.com/vllm-project/vllm/releases/download/v0.3.1/vllm-0.3.1%2Bcu118-cp38-cp38-manylinux1_x86_64.whl"" --torch-backend auto",,2024-02-16T23:06:09Z,41169008
b3c31f12e7076f07,release,github,0.3.1,0.3.1+cu118,github,cu118,cu118,cp39,cp39,Linux,x86_64,manylinux1_x86_64,vllm-0.3.1+cu118-cp39-cp39-manylinux1_x86_64.whl,,https://github.com/vllm-project/vllm/releases/download/v0.3.1/vllm-0.3.1%2Bcu118-cp39-cp39-manylinux1_x86_64.whl,"uv pip install ""https://github.com/vllm-project/vllm/releases/download/v0.3.1/vllm-0.3.1%2Bcu118-cp39-cp39-manylinux1_x86_64.whl"" --torch-backend auto",,2024-02-16T23:06:09Z,41167624
16d1edc0e4d4fb69,release,github,0.3.1,0.3.1,github,default,,cp310,cp310,Linux,x86_64,manylinux1_x86_64,vllm-0.3.1-cp310-cp310-manylinux1_x86_64.whl,,https://github.com/vllm-project/vllm/releases/download/v0.3.1/vllm-0.3.1-cp310-cp310-manylinux1_x86_64.whl,"uv pip install ""https://github.com/vllm-project/vllm/releases/download/v0.3.1/vllm-0.3.1-cp310-cp310-manylinux1_x86_64.whl"" --torch-backend auto",,2024-02-16T23:06:09Z,41414928
a2ebae257e98f1c7,release,github,0.3.1,0.3.1,github,default,,cp311,cp311,Linux,x86_64,manylinux1_x86_64,vllm-0.3.1-cp311-cp311-manylinux1_x86_64.whl,,https://github.com/vllm-project/vllm/releases/download/v0.3.1/vllm-0.3.1-cp311-cp311-manylinux1_x86_64.whl,"uv pip install ""https://github.com/vllm-project/vllm/releases/download/v0.3.1/vllm-0.3.1-cp311-cp311-manylinux1_x86_64.whl"" --torch-backend auto",,2024-02-16T23:06:09Z,41447587
9c3490ecb68f54c0,release,github,0.3.1,0.3.1,github,default,,cp38,cp38,Linux,x86_64,manylinux1_x86_64,vllm-0.3.1-cp38-cp38-manylinux1_x86_64.whl,,https://github.com/vllm-project/vllm/releases/download/v0.3.1/vllm-0.3.1-cp38-cp38-manylinux1_x86_64.whl,"uv pip install ""https://github.com/vllm-project/vllm/releases/download/v0.3.1/vllm-0.3.1-cp38-cp38-manylinux1_x86_64.whl"" --torch-backend auto",,2024-02-16T23:06:09Z,41410656
d6507a7d21d30e3a,release,github,0.3.1,0.3.1,github,default,,cp39,cp39,Linux,x86_64,manylinux1_x86_64,vllm-0.3.1-cp39-cp39-manylinux1_x86_64.whl,,https://github.com/vllm-project/vllm/releases/download/v0.3.1/vllm-0.3.1-cp39-cp39-manylinux1_x86_64.whl,"uv pip install ""https://github.com/vllm-project/vllm/releases/download/v0.3.1/vllm-0.3.1-cp39-cp39-manylinux1_x86_64.whl"" --torch-backend auto",,2024-02-16T23:06:09Z,41405032
379dceb02b6e3d93,release,github,0.3.0,0.3.0+cu118,github,cu118,cu118,cp310,cp310,Linux,x86_64,manylinux1_x86_64,vllm-0.3.0+cu118-cp310-cp310-manylinux1_x86_64.whl,,https://github.com/vllm-project/vllm/releases/download/v0.3.0/vllm-0.3.0%2Bcu118-cp310-cp310-manylinux1_x86_64.whl,"uv pip install ""https://github.com/vllm-project/vllm/releases/download/v0.3.0/vllm-0.3.0%2Bcu118-cp310-cp310-manylinux1_x86_64.whl"" --torch-backend auto",,2024-01-31T08:07:57Z,37790999
927fc7c2f423ea52,release,github,0.3.0,0.3.0+cu118,github,cu118,cu118,cp311,cp311,Linux,x86_64,manylinux1_x86_64,vllm-0.3.0+cu118-cp311-cp311-manylinux1_x86_64.whl,,https://github.com/vllm-project/vllm/releases/download/v0.3.0/vllm-0.3.0%2Bcu118-cp311-cp311-manylinux1_x86_64.whl,"uv pip install ""https://github.com/vllm-project/vllm/releases/download/v0.3.0/vllm-0.3.0%2Bcu118-cp311-cp311-manylinux1_x86_64.whl"" --torch-backend auto",,2024-01-31T08:07:57Z,37809657
f38a0f2a1da6c368,release,github,0.3.0,0.3.0+cu118,github,cu118,cu118,cp38,cp38,Linux,x86_64,manylinux1_x86_64,vllm-0.3.0+cu118-cp38-cp38-manylinux1_x86_64.whl,,https://github.com/vllm-project/vllm/releases/download/v0.3.0/vllm-0.3.0%2Bcu118-cp38-cp38-manylinux1_x86_64.whl,"uv pip install ""https://github.com/vllm-project/vllm/releases/download/v0.3.0/vllm-0.3.0%2Bcu118-cp38-cp38-manylinux1_x86_64.whl"" --torch-backend auto",,2024-01-31T08:07:57Z,37789785
b1b1ebcb89abd51f,release,github,0.3.0,0.3.0+cu118,github,cu118,cu118,cp39,cp39,Linux,x86_64,manylinux1_x86_64,vllm-0.3.0+cu118-cp39-cp39-manylinux1_x86_64.whl,,https://github.com/vllm-project/vllm/releases/download/v0.3.0/vllm-0.3.0%2Bcu118-cp39-cp39-manylinux1_x86_64.whl,"uv pip install ""https://github.com/vllm-project/vllm/releases/download/v0.3.0/vllm-0.3.0%2Bcu118-cp39-cp39-manylinux1_x86_64.whl"" --torch-backend auto",,2024-01-31T08:07:57Z,37787385
5515a89d59f83aa2,release,github,0.3.0,0.3.0,github,default,,cp310,cp310,Linux,x86_64,manylinux1_x86_64,vllm-0.3.0-cp310-cp310-manylinux1_x86_64.whl,,https://github.com/vllm-project/vllm/releases/download/v0.3.0/vllm-0.3.0-cp310-cp310-manylinux1_x86_64.whl,"uv pip install ""https://github.com/vllm-project/vllm/releases/download/v0.3.0/vllm-0.3.0-cp310-cp310-manylinux1_x86_64.whl"" --torch-backend auto",,2024-01-31T08:07:57Z,38035860
fc52e90bc45aaf59,release,github,0.3.0,0.3.0,github,default,,cp311,cp311,Linux,x86_64,manylinux1_x86_64,vllm-0.3.0-cp311-cp311-manylinux1_x86_64.whl,,https://github.com/vllm-project/vllm/releases/download/v0.3.0/vllm-0.3.0-cp311-cp311-manylinux1_x86_64.whl,"uv pip install ""https://github.com/vllm-project/vllm/releases/download/v0.3.0/vllm-0.3.0-cp311-cp311-manylinux1_x86_64.whl"" --torch-backend auto",,2024-01-31T08:07:57Z,38056308
b82b79f260bf7850,release,github,0.3.0,0.3.0,github,default,,cp38,cp38,Linux,x86_64,manylinux1_x86_64,vllm-0.3.0-cp38-cp38-manylinux1_x86_64.whl,,https://github.com/vllm-project/vllm/releases/download/v0.3.0/vllm-0.3.0-cp38-cp38-manylinux1_x86_64.whl,"uv pip install ""https://github.com/vllm-project/vllm/releases/download/v0.3.0/vllm-0.3.0-cp38-cp38-manylinux1_x86_64.whl"" --torch-backend auto",,2024-01-31T08:07:57Z,38034270
66c39d1e8c9170c4,release,github,0.3.0,0.3.0,github,default,,cp39,cp39,Linux,x86_64,manylinux1_x86_64,vllm-0.3.0-cp39-cp39-manylinux1_x86_64.whl,,https://github.com/vllm-project/vllm/releases/download/v0.3.0/vllm-0.3.0-cp39-cp39-manylinux1_x86_64.whl,"uv pip install ""https://github.com/vllm-project/vllm/releases/download/v0.3.0/vllm-0.3.0-cp39-cp39-manylinux1_x86_64.whl"" --torch-backend auto",,2024-01-31T08:07:57Z,38016202
04368e57e046453f,release,github,0.2.7,0.2.7+cu118,github,cu118,cu118,cp310,cp310,Linux,x86_64,manylinux1_x86_64,vllm-0.2.7+cu118-cp310-cp310-manylinux1_x86_64.whl,,https://github.com/vllm-project/vllm/releases/download/v0.2.7/vllm-0.2.7%2Bcu118-cp310-cp310-manylinux1_x86_64.whl,"uv pip install ""https://github.com/vllm-project/vllm/releases/download/v0.2.7/vllm-0.2.7%2Bcu118-cp310-cp310-manylinux1_x86_64.whl"" --torch-backend auto",,2024-01-04T01:36:53Z,10203094
221cdc555b7109db,release,github,0.2.7,0.2.7+cu118,github,cu118,cu118,cp311,cp311,Linux,x86_64,manylinux1_x86_64,vllm-0.2.7+cu118-cp311-cp311-manylinux1_x86_64.whl,,https://github.com/vllm-project/vllm/releases/download/v0.2.7/vllm-0.2.7%2Bcu118-cp311-cp311-manylinux1_x86_64.whl,"uv pip install ""https://github.com/vllm-project/vllm/releases/download/v0.2.7/vllm-0.2.7%2Bcu118-cp311-cp311-manylinux1_x86_64.whl"" --torch-backend auto",,2024-01-04T01:36:53Z,10208957
3304e246205f20d8,release,github,0.2.7,0.2.7+cu118,github,cu118,cu118,cp38,cp38,Linux,x86_64,manylinux1_x86_64,vllm-0.2.7+cu118-cp38-cp38-manylinux1_x86_64.whl,,https://github.com/vllm-project/vllm/releases/download/v0.2.7/vllm-0.2.7%2Bcu118-cp38-cp38-manylinux1_x86_64.whl,"uv pip install ""https://github.com/vllm-project/vllm/releases/download/v0.2.7/vllm-0.2.7%2Bcu118-cp38-cp38-manylinux1_x86_64.whl"" --torch-backend auto",,2024-01-04T01:36:53Z,10200620
22ee08f52c16268f,release,github,0.2.7,0.2.7+cu118,github,cu118,cu118,cp39,cp39,Linux,x86_64,manylinux1_x86_64,vllm-0.2.7+cu118-cp39-cp39-manylinux1_x86_64.whl,,https://github.com/vllm-project/vllm/releases/download/v0.2.7/vllm-0.2.7%2Bcu118-cp39-cp39-manylinux1_x86_64.whl,"uv pip install ""https://github.com/vllm-project/vllm/releases/download/v0.2.7/vllm-0.2.7%2Bcu118-cp39-cp39-manylinux1_x86_64.whl"" --torch-backend auto",,2024-01-04T01:36:53Z,10197979
4ca69e44422e0443,release,github,0.2.7,0.2.7,github,default,,cp310,cp310,Linux,x86_64,manylinux1_x86_64,vllm-0.2.7-cp310-cp310-manylinux1_x86_64.whl,,https://github.com/vllm-project/vllm/releases/download/v0.2.7/vllm-0.2.7-cp310-cp310-manylinux1_x86_64.whl,"uv pip install ""https://github.com/vllm-project/vllm/releases/download/v0.2.7/vllm-0.2.7-cp310-cp310-manylinux1_x86_64.whl"" --torch-backend auto",,2024-01-04T01:36:53Z,10213387
6a3b487f3f75882e,release,github,0.2.7,0.2.7,github,default,,cp311,cp311,Linux,x86_64,manylinux1_x86_64,vllm-0.2.7-cp311-cp311-manylinux1_x86_64.whl,,https://github.com/vllm-project/vllm/releases/download/v0.2.7/vllm-0.2.7-cp311-cp311-manylinux1_x86_64.whl,"uv pip install ""https://github.com/vllm-project/vllm/releases/download/v0.2.7/vllm-0.2.7-cp311-cp311-manylinux1_x86_64.whl"" --torch-backend auto",,2024-01-04T01:36:53Z,10221111
c47ac411c4e2814a,release,github,0.2.7,0.2.7,github,default,,cp38,cp38,Linux,x86_64,manylinux1_x86_64,vllm-0.2.7-cp38-cp38-manylinux1_x86_64.whl,,https://github.com/vllm-project/vllm/releases/download/v0.2.7/vllm-0.2.7-cp38-cp38-manylinux1_x86_64.whl,"uv pip install ""https://github.com/vllm-project/vllm/releases/download/v0.2.7/vllm-0.2.7-cp38-cp38-manylinux1_x86_64.whl"" --torch-backend auto",,2024-01-04T01:36:53Z,10201823
50d9906af6f9d3ac,release,github,0.2.7,0.2.7,github,default,,cp39,cp39,Linux,x86_64,manylinux1_x86_64,vllm-0.2.7-cp39-cp39-manylinux1_x86_64.whl,,https://github.com/vllm-project/vllm/releases/download/v0.2.7/vllm-0.2.7-cp39-cp39-manylinux1_x86_64.whl,"uv pip install ""https://github.com/vllm-project/vllm/releases/download/v0.2.7/vllm-0.2.7-cp39-cp39-manylinux1_x86_64.whl"" --torch-backend auto",,2024-01-04T01:36:53Z,10207351
b4eaa39f8440d3d7,release,github,0.2.6,0.2.6+cu118,github,cu118,cu118,cp310,cp310,Linux,x86_64,manylinux1_x86_64,vllm-0.2.6+cu118-cp310-cp310-manylinux1_x86_64.whl,,https://github.com/vllm-project/vllm/releases/download/v0.2.6/vllm-0.2.6%2Bcu118-cp310-cp310-manylinux1_x86_64.whl,"uv pip install ""https://github.com/vllm-project/vllm/releases/download/v0.2.6/vllm-0.2.6%2Bcu118-cp310-cp310-manylinux1_x86_64.whl"" --torch-backend auto",,2023-12-17T18:35:42Z,10185169
5a08bdd79be9eda2,release,github,0.2.6,0.2.6+cu118,github,cu118,cu118,cp311,cp311,Linux,x86_64,manylinux1_x86_64,vllm-0.2.6+cu118-cp311-cp311-manylinux1_x86_64.whl,,https://github.com/vllm-project/vllm/releases/download/v0.2.6/vllm-0.2.6%2Bcu118-cp311-cp311-manylinux1_x86_64.whl,"uv pip install ""https://github.com/vllm-project/vllm/releases/download/v0.2.6/vllm-0.2.6%2Bcu118-cp311-cp311-manylinux1_x86_64.whl"" --torch-backend auto",,2023-12-17T18:35:42Z,10190863
257d7479f08673cd,release,github,0.2.6,0.2.6+cu118,github,cu118,cu118,cp38,cp38,Linux,x86_64,manylinux1_x86_64,vllm-0.2.6+cu118-cp38-cp38-manylinux1_x86_64.whl,,https://github.com/vllm-project/vllm/releases/download/v0.2.6/vllm-0.2.6%2Bcu118-cp38-cp38-manylinux1_x86_64.whl,"uv pip install ""https://github.com/vllm-project/vllm/releases/download/v0.2.6/vllm-0.2.6%2Bcu118-cp38-cp38-manylinux1_x86_64.whl"" --torch-backend auto",,2023-12-17T18:35:42Z,10182802
b89769e350505ab5,release,github,0.2.6,0.2.6+cu118,github,cu118,cu118,cp39,cp39,Linux,x86_64,manylinux1_x86_64,vllm-0.2.6+cu118-cp39-cp39-manylinux1_x86_64.whl,,https://github.com/vllm-project/vllm/releases/download/v0.2.6/vllm-0.2.6%2Bcu118-cp39-cp39-manylinux1_x86_64.whl,"uv pip install ""https://github.com/vllm-project/vllm/releases/download/v0.2.6/vllm-0.2.6%2Bcu118-cp39-cp39-manylinux1_x86_64.whl"" --torch-backend auto",,2023-12-17T18:35:42Z,10178236
e6a4cbe80761c5d7,release,github,0.2.6,0.2.6,github,default,,cp310,cp310,Linux,x86_64,manylinux1_x86_64,vllm-0.2.6-cp310-cp310-manylinux1_x86_64.whl,,https://github.com/vllm-project/vllm/releases/download/v0.2.6/vllm-0.2.6-cp310-cp310-manylinux1_x86_64.whl,"uv pip install ""https://github.com/vllm-project/vllm/releases/download/v0.2.6/vllm-0.2.6-cp310-cp310-manylinux1_x86_64.whl"" --torch-backend auto",,2023-12-17T18:35:42Z,10190374
3d665bfe0dc42b43,release,github,0.2.6,0.2.6,github,default,,cp311,cp311,Linux,x86_64,manylinux1_x86_64,vllm-0.2.6-cp311-cp311-manylinux1_x86_64.whl,,https://github.com/vllm-project/vllm/releases/download/v0.2.6/vllm-0.2.6-cp311-cp311-manylinux1_x86_64.whl,"uv pip install ""https://github.com/vllm-project/vllm/releases/download/v0.2.6/vllm-0.2.6-cp311-cp311-manylinux1_x86_64.whl"" --torch-backend auto",,2023-12-17T18:35:42Z,10209210
4379accc9337af93,release,github,0.2.6,0.2.6,github,default,,cp38,cp38,Linux,x86_64,manylinux1_x86_64,vllm-0.2.6-cp38-cp38-manylinux1_x86_64.whl,,https://github.com/vllm-project/vllm/releases/download/v0.2.6/vllm-0.2.6-cp38-cp38-manylinux1_x86_64.whl,"uv pip install ""https://github.com/vllm-project/vllm/releases/download/v0.2.6/vllm-0.2.6-cp38-cp38-manylinux1_x86_64.whl"" --torch-backend auto",,2023-12-17T18:35:42Z,10197941
9265c377a94c5c98,release,github,0.2.6,0.2.6,github,default,,cp39,cp39,Linux,x86_64,manylinux1_x86_64,vllm-0.2.6-cp39-cp39-manylinux1_x86_64.whl,,https://github.com/vllm-project/vllm/releases/download/v0.2.6/vllm-0.2.6-cp39-cp39-manylinux1_x86_64.whl,"uv pip install ""https://github.com/vllm-project/vllm/releases/download/v0.2.6/vllm-0.2.6-cp39-cp39-manylinux1_x86_64.whl"" --torch-backend auto",,2023-12-17T18:35:42Z,10201370
1d7004b1b4fdbc96,release,github,0.2.5,0.2.5+cu118,github,cu118,cu118,cp310,cp310,Linux,x86_64,manylinux1_x86_64,vllm-0.2.5+cu118-cp310-cp310-manylinux1_x86_64.whl,,https://github.com/vllm-project/vllm/releases/download/v0.2.5/vllm-0.2.5%2Bcu118-cp310-cp310-manylinux1_x86_64.whl,"uv pip install ""https://github.com/vllm-project/vllm/releases/download/v0.2.5/vllm-0.2.5%2Bcu118-cp310-cp310-manylinux1_x86_64.whl"" --torch-backend auto",,2023-12-14T07:58:13Z,9817493
2a9bc58e3caf217a,release,github,0.2.5,0.2.5+cu118,github,cu118,cu118,cp311,cp311,Linux,x86_64,manylinux1_x86_64,vllm-0.2.5+cu118-cp311-cp311-manylinux1_x86_64.whl,,https://github.com/vllm-project/vllm/releases/download/v0.2.5/vllm-0.2.5%2Bcu118-cp311-cp311-manylinux1_x86_64.whl,"uv pip install ""https://github.com/vllm-project/vllm/releases/download/v0.2.5/vllm-0.2.5%2Bcu118-cp311-cp311-manylinux1_x86_64.whl"" --torch-backend auto",,2023-12-14T07:58:13Z,9819685
a3eee1200ae7f575,release,github,0.2.5,0.2.5+cu118,github,cu118,cu118,cp38,cp38,Linux,x86_64,manylinux1_x86_64,vllm-0.2.5+cu118-cp38-cp38-manylinux1_x86_64.whl,,https://github.com/vllm-project/vllm/releases/download/v0.2.5/vllm-0.2.5%2Bcu118-cp38-cp38-manylinux1_x86_64.whl,"uv pip install ""https://github.com/vllm-project/vllm/releases/download/v0.2.5/vllm-0.2.5%2Bcu118-cp38-cp38-manylinux1_x86_64.whl"" --torch-backend auto",,2023-12-14T07:58:13Z,9818843
1190e549196dc956,release,github,0.2.5,0.2.5+cu118,github,cu118,cu118,cp39,cp39,Linux,x86_64,manylinux1_x86_64,vllm-0.2.5+cu118-cp39-cp39-manylinux1_x86_64.whl,,https://github.com/vllm-project/vllm/releases/download/v0.2.5/vllm-0.2.5%2Bcu118-cp39-cp39-manylinux1_x86_64.whl,"uv pip install ""https://github.com/vllm-project/vllm/releases/download/v0.2.5/vllm-0.2.5%2Bcu118-cp39-cp39-manylinux1_x86_64.whl"" --torch-backend auto",,2023-12-14T07:58:13Z,9821420
63ad6db1296fd557,release,github,0.2.5,0.2.5,github,default,,cp310,cp310,Linux,x86_64,manylinux1_x86_64,vllm-0.2.5-cp310-cp310-manylinux1_x86_64.whl,,https://github.com/vllm-project/vllm/releases/download/v0.2.5/vllm-0.2.5-cp310-cp310-manylinux1_x86_64.whl,"uv pip install ""https://github.com/vllm-project/vllm/releases/download/v0.2.5/vllm-0.2.5-cp310-cp310-manylinux1_x86_64.whl"" --torch-backend auto",,2023-12-14T07:58:13Z,9828912
19142f9cf8cdf9b8,release,github,0.2.5,0.2.5,github,default,,cp311,cp311,Linux,x86_64,manylinux1_x86_64,vllm-0.2.5-cp311-cp311-manylinux1_x86_64.whl,,https://github.com/vllm-project/vllm/releases/download/v0.2.5/vllm-0.2.5-cp311-cp311-manylinux1_x86_64.whl,"uv pip install ""https://github.com/vllm-project/vllm/releases/download/v0.2.5/vllm-0.2.5-cp311-cp311-manylinux1_x86_64.whl"" --torch-backend auto",,2023-12-14T07:58:13Z,9841764
2d4d7307f476d79f,release,github,0.2.5,0.2.5,github,default,,cp38,cp38,Linux,x86_64,manylinux1_x86_64,vllm-0.2.5-cp38-cp38-manylinux1_x86_64.whl,,https://github.com/vllm-project/vllm/releases/download/v0.2.5/vllm-0.2.5-cp38-cp38-manylinux1_x86_64.whl,"uv pip install ""https://github.com/vllm-project/vllm/releases/download/v0.2.5/vllm-0.2.5-cp38-cp38-manylinux1_x86_64.whl"" --torch-backend auto",,2023-12-14T07:58:13Z,9833681
1cf7dd97251a1f57,release,github,0.2.5,0.2.5,github,default,,cp39,cp39,Linux,x86_64,manylinux1_x86_64,vllm-0.2.5-cp39-cp39-manylinux1_x86_64.whl,,https://github.com/vllm-project/vllm/releases/download/v0.2.5/vllm-0.2.5-cp39-cp39-manylinux1_x86_64.whl,"uv pip install ""https://github.com/vllm-project/vllm/releases/download/v0.2.5/vllm-0.2.5-cp39-cp39-manylinux1_x86_64.whl"" --torch-backend auto",,2023-12-14T07:58:13Z,9833781
4f6083951f4034ff,release,github,0.2.4,0.2.4+cu118,github,cu118,cu118,cp310,cp310,Linux,x86_64,manylinux1_x86_64,vllm-0.2.4+cu118-cp310-cp310-manylinux1_x86_64.whl,,https://github.com/vllm-project/vllm/releases/download/v0.2.4/vllm-0.2.4%2Bcu118-cp310-cp310-manylinux1_x86_64.whl,"uv pip install ""https://github.com/vllm-project/vllm/releases/download/v0.2.4/vllm-0.2.4%2Bcu118-cp310-cp310-manylinux1_x86_64.whl"" --torch-backend auto",,2023-12-11T19:50:34Z,9812743
e8aa681de2347057,release,github,0.2.4,0.2.4+cu118,github,cu118,cu118,cp311,cp311,Linux,x86_64,manylinux1_x86_64,vllm-0.2.4+cu118-cp311-cp311-manylinux1_x86_64.whl,,https://github.com/vllm-project/vllm/releases/download/v0.2.4/vllm-0.2.4%2Bcu118-cp311-cp311-manylinux1_x86_64.whl,"uv pip install ""https://github.com/vllm-project/vllm/releases/download/v0.2.4/vllm-0.2.4%2Bcu118-cp311-cp311-manylinux1_x86_64.whl"" --torch-backend auto",,2023-12-11T19:50:34Z,9825098
cac599f32c462f27,release,github,0.2.4,0.2.4+cu118,github,cu118,cu118,cp38,cp38,Linux,x86_64,manylinux1_x86_64,vllm-0.2.4+cu118-cp38-cp38-manylinux1_x86_64.whl,,https://github.com/vllm-project/vllm/releases/download/v0.2.4/vllm-0.2.4%2Bcu118-cp38-cp38-manylinux1_x86_64.whl,"uv pip install ""https://github.com/vllm-project/vllm/releases/download/v0.2.4/vllm-0.2.4%2Bcu118-cp38-cp38-manylinux1_x86_64.whl"" --torch-backend auto",,2023-12-11T19:50:34Z,9822063
88334e5b318608b2,release,github,0.2.4,0.2.4+cu118,github,cu118,cu118,cp39,cp39,Linux,x86_64,manylinux1_x86_64,vllm-0.2.4+cu118-cp39-cp39-manylinux1_x86_64.whl,,https://github.com/vllm-project/vllm/releases/download/v0.2.4/vllm-0.2.4%2Bcu118-cp39-cp39-manylinux1_x86_64.whl,"uv pip install ""https://github.com/vllm-project/vllm/releases/download/v0.2.4/vllm-0.2.4%2Bcu118-cp39-cp39-manylinux1_x86_64.whl"" --torch-backend auto",,2023-12-11T19:50:34Z,9825007
ed9eebc831495c7f,release,github,0.2.4,0.2.4,github,default,,cp310,cp310,Linux,x86_64,manylinux1_x86_64,vllm-0.2.4-cp310-cp310-manylinux1_x86_64.whl,,https://github.com/vllm-project/vllm/releases/download/v0.2.4/vllm-0.2.4-cp310-cp310-manylinux1_x86_64.whl,"uv pip install ""https://github.com/vllm-project/vllm/releases/download/v0.2.4/vllm-0.2.4-cp310-cp310-manylinux1_x86_64.whl"" --torch-backend auto",,2023-12-11T19:50:34Z,9829753
e5086a0727ed09bd,release,github,0.2.4,0.2.4,github,default,,cp311,cp311,Linux,x86_64,manylinux1_x86_64,vllm-0.2.4-cp311-cp311-manylinux1_x86_64.whl,,https://github.com/vllm-project/vllm/releases/download/v0.2.4/vllm-0.2.4-cp311-cp311-manylinux1_x86_64.whl,"uv pip install ""https://github.com/vllm-project/vllm/releases/download/v0.2.4/vllm-0.2.4-cp311-cp311-manylinux1_x86_64.whl"" --torch-backend auto",,2023-12-11T19:50:34Z,9836327
ad9036a4431d42c2,release,github,0.2.4,0.2.4,github,default,,cp38,cp38,Linux,x86_64,manylinux1_x86_64,vllm-0.2.4-cp38-cp38-manylinux1_x86_64.whl,,https://github.com/vllm-project/vllm/releases/download/v0.2.4/vllm-0.2.4-cp38-cp38-manylinux1_x86_64.whl,"uv pip install ""https://github.com/vllm-project/vllm/releases/download/v0.2.4/vllm-0.2.4-cp38-cp38-manylinux1_x86_64.whl"" --torch-backend auto",,2023-12-11T19:50:34Z,9839407
b1fb0fecbfdb1712,release,github,0.2.4,0.2.4,github,default,,cp39,cp39,Linux,x86_64,manylinux1_x86_64,vllm-0.2.4-cp39-cp39-manylinux1_x86_64.whl,,https://github.com/vllm-project/vllm/releases/download/v0.2.4/vllm-0.2.4-cp39-cp39-manylinux1_x86_64.whl,"uv pip install ""https://github.com/vllm-project/vllm/releases/download/v0.2.4/vllm-0.2.4-cp39-cp39-manylinux1_x86_64.whl"" --torch-backend auto",,2023-12-11T19:50:34Z,9830839
7b2508cc924c9dc1,release,github,0.2.3,0.2.3+cu118,github,cu118,cu118,cp310,cp310,Linux,x86_64,manylinux1_x86_64,vllm-0.2.3+cu118-cp310-cp310-manylinux1_x86_64.whl,,https://github.com/vllm-project/vllm/releases/download/v0.2.3/vllm-0.2.3%2Bcu118-cp310-cp310-manylinux1_x86_64.whl,"uv pip install ""https://github.com/vllm-project/vllm/releases/download/v0.2.3/vllm-0.2.3%2Bcu118-cp310-cp310-manylinux1_x86_64.whl"" --torch-backend auto",,2023-12-03T20:30:03Z,9689016
dec67f9e71b4db23,release,github,0.2.3,0.2.3+cu118,github,cu118,cu118,cp311,cp311,Linux,x86_64,manylinux1_x86_64,vllm-0.2.3+cu118-cp311-cp311-manylinux1_x86_64.whl,,https://github.com/vllm-project/vllm/releases/download/v0.2.3/vllm-0.2.3%2Bcu118-cp311-cp311-manylinux1_x86_64.whl,"uv pip install ""https://github.com/vllm-project/vllm/releases/download/v0.2.3/vllm-0.2.3%2Bcu118-cp311-cp311-manylinux1_x86_64.whl"" --torch-backend auto",,2023-12-03T20:30:03Z,9703123
db06a20f0ff36cd5,release,github,0.2.3,0.2.3+cu118,github,cu118,cu118,cp38,cp38,Linux,x86_64,manylinux1_x86_64,vllm-0.2.3+cu118-cp38-cp38-manylinux1_x86_64.whl,,https://github.com/vllm-project/vllm/releases/download/v0.2.3/vllm-0.2.3%2Bcu118-cp38-cp38-manylinux1_x86_64.whl,"uv pip install ""https://github.com/vllm-project/vllm/releases/download/v0.2.3/vllm-0.2.3%2Bcu118-cp38-cp38-manylinux1_x86_64.whl"" --torch-backend auto",,2023-12-03T20:30:03Z,9690745
909049a9536e91e3,release,github,0.2.3,0.2.3+cu118,github,cu118,cu118,cp39,cp39,Linux,x86_64,manylinux1_x86_64,vllm-0.2.3+cu118-cp39-cp39-manylinux1_x86_64.whl,,https://github.com/vllm-project/vllm/releases/download/v0.2.3/vllm-0.2.3%2Bcu118-cp39-cp39-manylinux1_x86_64.whl,"uv pip install ""https://github.com/vllm-project/vllm/releases/download/v0.2.3/vllm-0.2.3%2Bcu118-cp39-cp39-manylinux1_x86_64.whl"" --torch-backend auto",,2023-12-03T20:30:03Z,9681437
7d368fa2e6b68b0a,release,github,0.2.3,0.2.3,github,default,,cp310,cp310,Linux,x86_64,manylinux1_x86_64,vllm-0.2.3-cp310-cp310-manylinux1_x86_64.whl,,https://github.com/vllm-project/vllm/releases/download/v0.2.3/vllm-0.2.3-cp310-cp310-manylinux1_x86_64.whl,"uv pip install ""https://github.com/vllm-project/vllm/releases/download/v0.2.3/vllm-0.2.3-cp310-cp310-manylinux1_x86_64.whl"" --torch-backend auto",,2023-12-03T20:30:03Z,9703766
ebeed1f98c7f2fb4,release,github,0.2.3,0.2.3,github,default,,cp311,cp311,Linux,x86_64,manylinux1_x86_64,vllm-0.2.3-cp311-cp311-manylinux1_x86_64.whl,,https://github.com/vllm-project/vllm/releases/download/v0.2.3/vllm-0.2.3-cp311-cp311-manylinux1_x86_64.whl,"uv pip install ""https://github.com/vllm-project/vllm/releases/download/v0.2.3/vllm-0.2.3-cp311-cp311-manylinux1_x86_64.whl"" --torch-backend auto",,2023-12-03T20:30:03Z,9714798
fb24d3d8d66b19e2,release,github,0.2.3,0.2.3,github,default,,cp38,cp38,Linux,x86_64,manylinux1_x86_64,vllm-0.2.3-cp38-cp38-manylinux1_x86_64.whl,,https://github.com/vllm-project/vllm/releases/download/v0.2.3/vllm-0.2.3-cp38-cp38-manylinux1_x86_64.whl,"uv pip install ""https://github.com/vllm-project/vllm/releases/download/v0.2.3/vllm-0.2.3-cp38-cp38-manylinux1_x86_64.whl"" --torch-backend auto",,2023-12-03T20:30:03Z,9692267
035e636fad0fb559,release,github,0.2.3,0.2.3,github,default,,cp39,cp39,Linux,x86_64,manylinux1_x86_64,vllm-0.2.3-cp39-cp39-manylinux1_x86_64.whl,,https://github.com/vllm-project/vllm/releases/download/v0.2.3/vllm-0.2.3-cp39-cp39-manylinux1_x86_64.whl,"uv pip install ""https://github.com/vllm-project/vllm/releases/download/v0.2.3/vllm-0.2.3-cp39-cp39-manylinux1_x86_64.whl"" --torch-backend auto",,2023-12-03T20:30:03Z,9699040
41dd50edb596492c,release,github,0.2.2,0.2.2+cu118,github,cu118,cu118,cp310,cp310,Linux,x86_64,manylinux1_x86_64,vllm-0.2.2+cu118-cp310-cp310-manylinux1_x86_64.whl,,https://github.com/vllm-project/vllm/releases/download/v0.2.2/vllm-0.2.2%2Bcu118-cp310-cp310-manylinux1_x86_64.whl,"uv pip install ""https://github.com/vllm-project/vllm/releases/download/v0.2.2/vllm-0.2.2%2Bcu118-cp310-cp310-manylinux1_x86_64.whl"" --torch-backend auto",,2023-11-19T05:58:18Z,28982128
d36675366f902c24,release,github,0.2.2,0.2.2+cu118,github,cu118,cu118,cp311,cp311,Linux,x86_64,manylinux1_x86_64,vllm-0.2.2+cu118-cp311-cp311-manylinux1_x86_64.whl,,https://github.com/vllm-project/vllm/releases/download/v0.2.2/vllm-0.2.2%2Bcu118-cp311-cp311-manylinux1_x86_64.whl,"uv pip install ""https://github.com/vllm-project/vllm/releases/download/v0.2.2/vllm-0.2.2%2Bcu118-cp311-cp311-manylinux1_x86_64.whl"" --torch-backend auto",,2023-11-19T05:58:18Z,29055077
baaa5541ba7e6e38,release,github,0.2.2,0.2.2+cu118,github,cu118,cu118,cp38,cp38,Linux,x86_64,manylinux1_x86_64,vllm-0.2.2+cu118-cp38-cp38-manylinux1_x86_64.whl,,https://github.com/vllm-project/vllm/releases/download/v0.2.2/vllm-0.2.2%2Bcu118-cp38-cp38-manylinux1_x86_64.whl,"uv pip install ""https://github.com/vllm-project/vllm/releases/download/v0.2.2/vllm-0.2.2%2Bcu118-cp38-cp38-manylinux1_x86_64.whl"" --torch-backend auto",,2023-11-19T05:58:18Z,28996389
c639ff9b03339849,release,github,0.2.2,0.2.2+cu118,github,cu118,cu118,cp39,cp39,Linux,x86_64,manylinux1_x86_64,vllm-0.2.2+cu118-cp39-cp39-manylinux1_x86_64.whl,,https://github.com/vllm-project/vllm/releases/download/v0.2.2/vllm-0.2.2%2Bcu118-cp39-cp39-manylinux1_x86_64.whl,"uv pip install ""https://github.com/vllm-project/vllm/releases/download/v0.2.2/vllm-0.2.2%2Bcu118-cp39-cp39-manylinux1_x86_64.whl"" --torch-backend auto",,2023-11-19T05:58:18Z,28994961
f14d79062193c006,release,github,0.2.2,0.2.2,github,default,,cp310,cp310,Linux,x86_64,manylinux1_x86_64,vllm-0.2.2-cp310-cp310-manylinux1_x86_64.whl,,https://github.com/vllm-project/vllm/releases/download/v0.2.2/vllm-0.2.2-cp310-cp310-manylinux1_x86_64.whl,"uv pip install ""https://github.com/vllm-project/vllm/releases/download/v0.2.2/vllm-0.2.2-cp310-cp310-manylinux1_x86_64.whl"" --torch-backend auto",,2023-11-19T05:58:18Z,29003572
64ffe1d6397326af,release,github,0.2.2,0.2.2,github,default,,cp311,cp311,Linux,x86_64,manylinux1_x86_64,vllm-0.2.2-cp311-cp311-manylinux1_x86_64.whl,,https://github.com/vllm-project/vllm/releases/download/v0.2.2/vllm-0.2.2-cp311-cp311-manylinux1_x86_64.whl,"uv pip install ""https://github.com/vllm-project/vllm/releases/download/v0.2.2/vllm-0.2.2-cp311-cp311-manylinux1_x86_64.whl"" --torch-backend auto",,2023-11-19T05:58:18Z,29058183
912f651760ce9405,release,github,0.2.2,0.2.2,github,default,,cp38,cp38,Linux,x86_64,manylinux1_x86_64,vllm-0.2.2-cp38-cp38-manylinux1_x86_64.whl,,https://github.com/vllm-project/vllm/releases/download/v0.2.2/vllm-0.2.2-cp38-cp38-manylinux1_x86_64.whl,"uv pip install ""https://github.com/vllm-project/vllm/releases/download/v0.2.2/vllm-0.2.2-cp38-cp38-manylinux1_x86_64.whl"" --torch-backend auto",,2023-11-19T05:58:18Z,28998672
4cc88f8bbceab1ab,release,github,0.2.2,0.2.2,github,default,,cp39,cp39,Linux,x86_64,manylinux1_x86_64,vllm-0.2.2-cp39-cp39-manylinux1_x86_64.whl,,https://github.com/vllm-project/vllm/releases/download/v0.2.2/vllm-0.2.2-cp39-cp39-manylinux1_x86_64.whl,"uv pip install ""https://github.com/vllm-project/vllm/releases/download/v0.2.2/vllm-0.2.2-cp39-cp39-manylinux1_x86_64.whl"" --torch-backend auto",,2023-11-19T05:58:18Z,28993033
f07798d7ed6063cb,release,github,0.2.1.post1,0.2.1.post1,github,default,,cp310,cp310,Linux,x86_64,manylinux1_x86_64,vllm-0.2.1.post1-cp310-cp310-manylinux1_x86_64.whl,,https://github.com/vllm-project/vllm/releases/download/v0.2.1.post1/vllm-0.2.1.post1-cp310-cp310-manylinux1_x86_64.whl,"uv pip install ""https://github.com/vllm-project/vllm/releases/download/v0.2.1.post1/vllm-0.2.1.post1-cp310-cp310-manylinux1_x86_64.whl"" --torch-backend auto",,2023-10-17T16:31:52Z,28646263
da6b6fbfcc4d104e,release,github,0.2.1.post1,0.2.1.post1,github,default,,cp311,cp311,Linux,x86_64,manylinux1_x86_64,vllm-0.2.1.post1-cp311-cp311-manylinux1_x86_64.whl,,https://github.com/vllm-project/vllm/releases/download/v0.2.1.post1/vllm-0.2.1.post1-cp311-cp311-manylinux1_x86_64.whl,"uv pip install ""https://github.com/vllm-project/vllm/releases/download/v0.2.1.post1/vllm-0.2.1.post1-cp311-cp311-manylinux1_x86_64.whl"" --torch-backend auto",,2023-10-17T16:31:52Z,28662321
aa2037af50501e6f,release,github,0.2.1.post1,0.2.1.post1,github,default,,cp38,cp38,Linux,x86_64,manylinux1_x86_64,vllm-0.2.1.post1-cp38-cp38-manylinux1_x86_64.whl,,https://github.com/vllm-project/vllm/releases/download/v0.2.1.post1/vllm-0.2.1.post1-cp38-cp38-manylinux1_x86_64.whl,"uv pip install ""https://github.com/vllm-project/vllm/releases/download/v0.2.1.post1/vllm-0.2.1.post1-cp38-cp38-manylinux1_x86_64.whl"" --torch-backend auto",,2023-10-17T16:31:52Z,28645957
f14327c8197f2d35,release,github,0.2.1.post1,0.2.1.post1,github,default,,cp39,cp39,Linux,x86_64,manylinux1_x86_64,vllm-0.2.1.post1-cp39-cp39-manylinux1_x86_64.whl,,https://github.com/vllm-project/vllm/releases/download/v0.2.1.post1/vllm-0.2.1.post1-cp39-cp39-manylinux1_x86_64.whl,"uv pip install ""https://github.com/vllm-project/vllm/releases/download/v0.2.1.post1/vllm-0.2.1.post1-cp39-cp39-manylinux1_x86_64.whl"" --torch-backend auto",,2023-10-17T16:31:52Z,28639860
12d852cc203a62ad,release,github,0.2.1,0.2.1,github,default,,cp310,cp310,Linux,x86_64,manylinux1_x86_64,vllm-0.2.1-cp310-cp310-manylinux1_x86_64.whl,,https://github.com/vllm-project/vllm/releases/download/v0.2.1/vllm-0.2.1-cp310-cp310-manylinux1_x86_64.whl,"uv pip install ""https://github.com/vllm-project/vllm/releases/download/v0.2.1/vllm-0.2.1-cp310-cp310-manylinux1_x86_64.whl"" --torch-backend auto",,2023-10-16T20:01:21Z,28649313
f7514c5734ef6bc5,release,github,0.2.1,0.2.1,github,default,,cp311,cp311,Linux,x86_64,manylinux1_x86_64,vllm-0.2.1-cp311-cp311-manylinux1_x86_64.whl,,https://github.com/vllm-project/vllm/releases/download/v0.2.1/vllm-0.2.1-cp311-cp311-manylinux1_x86_64.whl,"uv pip install ""https://github.com/vllm-project/vllm/releases/download/v0.2.1/vllm-0.2.1-cp311-cp311-manylinux1_x86_64.whl"" --torch-backend auto",,2023-10-16T20:01:21Z,28665001
4477163f40b19a16,release,github,0.2.1,0.2.1,github,default,,cp38,cp38,Linux,x86_64,manylinux1_x86_64,vllm-0.2.1-cp38-cp38-manylinux1_x86_64.whl,,https://github.com/vllm-project/vllm/releases/download/v0.2.1/vllm-0.2.1-cp38-cp38-manylinux1_x86_64.whl,"uv pip install ""https://github.com/vllm-project/vllm/releases/download/v0.2.1/vllm-0.2.1-cp38-cp38-manylinux1_x86_64.whl"" --torch-backend auto",,2023-10-16T20:01:21Z,28645480
6363a73b0ea653e5,release,github,0.2.1,0.2.1,github,default,,cp39,cp39,Linux,x86_64,manylinux1_x86_64,vllm-0.2.1-cp39-cp39-manylinux1_x86_64.whl,,https://github.com/vllm-project/vllm/releases/download/v0.2.1/vllm-0.2.1-cp39-cp39-manylinux1_x86_64.whl,"uv pip install ""https://github.com/vllm-project/vllm/releases/download/v0.2.1/vllm-0.2.1-cp39-cp39-manylinux1_x86_64.whl"" --torch-backend auto",,2023-10-16T20:01:21Z,28640024
addfdba721508325,release,github,0.2.0,0.2.0,github,default,,cp310,cp310,Linux,x86_64,manylinux1_x86_64,vllm-0.2.0-cp310-cp310-manylinux1_x86_64.whl,,https://github.com/vllm-project/vllm/releases/download/v0.2.0/vllm-0.2.0-cp310-cp310-manylinux1_x86_64.whl,"uv pip install ""https://github.com/vllm-project/vllm/releases/download/v0.2.0/vllm-0.2.0-cp310-cp310-manylinux1_x86_64.whl"" --torch-backend auto",,2023-09-28T22:31:44Z,25557063
f3a0e7bbf393fe95,release,github,0.2.0,0.2.0,github,default,,cp311,cp311,Linux,x86_64,manylinux1_x86_64,vllm-0.2.0-cp311-cp311-manylinux1_x86_64.whl,,https://github.com/vllm-project/vllm/releases/download/v0.2.0/vllm-0.2.0-cp311-cp311-manylinux1_x86_64.whl,"uv pip install ""https://github.com/vllm-project/vllm/releases/download/v0.2.0/vllm-0.2.0-cp311-cp311-manylinux1_x86_64.whl"" --torch-backend auto",,2023-09-28T22:31:44Z,25571402
0001ea0f315667e4,release,github,0.2.0,0.2.0,github,default,,cp38,cp38,Linux,x86_64,manylinux1_x86_64,vllm-0.2.0-cp38-cp38-manylinux1_x86_64.whl,,https://github.com/vllm-project/vllm/releases/download/v0.2.0/vllm-0.2.0-cp38-cp38-manylinux1_x86_64.whl,"uv pip install ""https://github.com/vllm-project/vllm/releases/download/v0.2.0/vllm-0.2.0-cp38-cp38-manylinux1_x86_64.whl"" --torch-backend auto",,2023-09-28T22:31:44Z,25558152
cfd820fe840f514e,release,github,0.2.0,0.2.0,github,default,,cp39,cp39,Linux,x86_64,manylinux1_x86_64,vllm-0.2.0-cp39-cp39-manylinux1_x86_64.whl,,https://github.com/vllm-project/vllm/releases/download/v0.2.0/vllm-0.2.0-cp39-cp39-manylinux1_x86_64.whl,"uv pip install ""https://github.com/vllm-project/vllm/releases/download/v0.2.0/vllm-0.2.0-cp39-cp39-manylinux1_x86_64.whl"" --torch-backend auto",,2023-09-28T22:31:44Z,25543793
7262a9210d751228,release,github,0.1.7,0.1.7,github,default,,cp310,cp310,Linux,x86_64,manylinux1_x86_64,vllm-0.1.7-cp310-cp310-manylinux1_x86_64.whl,,https://github.com/vllm-project/vllm/releases/download/v0.1.7/vllm-0.1.7-cp310-cp310-manylinux1_x86_64.whl,"uv pip install ""https://github.com/vllm-project/vllm/releases/download/v0.1.7/vllm-0.1.7-cp310-cp310-manylinux1_x86_64.whl"" --torch-backend auto",,2023-09-11T07:56:08Z,19067863
0ed5e1916628f916,release,github,0.1.7,0.1.7,github,default,,cp311,cp311,Linux,x86_64,manylinux1_x86_64,vllm-0.1.7-cp311-cp311-manylinux1_x86_64.whl,,https://github.com/vllm-project/vllm/releases/download/v0.1.7/vllm-0.1.7-cp311-cp311-manylinux1_x86_64.whl,"uv pip install ""https://github.com/vllm-project/vllm/releases/download/v0.1.7/vllm-0.1.7-cp311-cp311-manylinux1_x86_64.whl"" --torch-backend auto",,2023-09-11T07:56:08Z,19078957
adb3dbf73eb086be,release,github,0.1.7,0.1.7,github,default,,cp38,cp38,Linux,x86_64,manylinux1_x86_64,vllm-0.1.7-cp38-cp38-manylinux1_x86_64.whl,,https://github.com/vllm-project/vllm/releases/download/v0.1.7/vllm-0.1.7-cp38-cp38-manylinux1_x86_64.whl,"uv pip install ""https://github.com/vllm-project/vllm/releases/download/v0.1.7/vllm-0.1.7-cp38-cp38-manylinux1_x86_64.whl"" --torch-backend auto",,2023-09-11T07:56:08Z,19063676
5e0a8fa6254150e1,release,github,0.1.7,0.1.7,github,default,,cp39,cp39,Linux,x86_64,manylinux1_x86_64,vllm-0.1.7-cp39-cp39-manylinux1_x86_64.whl,,https://github.com/vllm-project/vllm/releases/download/v0.1.7/vllm-0.1.7-cp39-cp39-manylinux1_x86_64.whl,"uv pip install ""https://github.com/vllm-project/vllm/releases/download/v0.1.7/vllm-0.1.7-cp39-cp39-manylinux1_x86_64.whl"" --torch-backend auto",,2023-09-11T07:56:08Z,19059453
a4d15f76767f1bd4,release,github,0.1.6,0.1.6,github,default,,cp310,cp310,Linux,x86_64,manylinux1_x86_64,vllm-0.1.6-cp310-cp310-manylinux1_x86_64.whl,,https://github.com/vllm-project/vllm/releases/download/v0.1.6/vllm-0.1.6-cp310-cp310-manylinux1_x86_64.whl,"uv pip install ""https://github.com/vllm-project/vllm/releases/download/v0.1.6/vllm-0.1.6-cp310-cp310-manylinux1_x86_64.whl"" --torch-backend auto",,2023-09-08T07:08:25Z,19067802
dd77202e0cf5882b,release,github,0.1.6,0.1.6,github,default,,cp311,cp311,Linux,x86_64,manylinux1_x86_64,vllm-0.1.6-cp311-cp311-manylinux1_x86_64.whl,,https://github.com/vllm-project/vllm/releases/download/v0.1.6/vllm-0.1.6-cp311-cp311-manylinux1_x86_64.whl,"uv pip install ""https://github.com/vllm-project/vllm/releases/download/v0.1.6/vllm-0.1.6-cp311-cp311-manylinux1_x86_64.whl"" --torch-backend auto",,2023-09-08T07:08:25Z,19078945
35bb77dd6d05ddca,release,github,0.1.6,0.1.6,github,default,,cp38,cp38,Linux,x86_64,manylinux1_x86_64,vllm-0.1.6-cp38-cp38-manylinux1_x86_64.whl,,https://github.com/vllm-project/vllm/releases/download/v0.1.6/vllm-0.1.6-cp38-cp38-manylinux1_x86_64.whl,"uv pip install ""https://github.com/vllm-project/vllm/releases/download/v0.1.6/vllm-0.1.6-cp38-cp38-manylinux1_x86_64.whl"" --torch-backend auto",,2023-09-08T07:08:25Z,19063525
55bc0797150ab417,release,github,0.1.6,0.1.6,github,default,,cp39,cp39,Linux,x86_64,manylinux1_x86_64,vllm-0.1.6-cp39-cp39-manylinux1_x86_64.whl,,https://github.com/vllm-project/vllm/releases/download/v0.1.6/vllm-0.1.6-cp39-cp39-manylinux1_x86_64.whl,"uv pip install ""https://github.com/vllm-project/vllm/releases/download/v0.1.6/vllm-0.1.6-cp39-cp39-manylinux1_x86_64.whl"" --torch-backend auto",,2023-09-08T07:08:25Z,19059277
701d563028c1e93e,release,github,0.1.5,0.1.5,github,default,,cp310,cp310,Linux,x86_64,manylinux1_x86_64,vllm-0.1.5-cp310-cp310-manylinux1_x86_64.whl,,https://github.com/vllm-project/vllm/releases/download/v0.1.5/vllm-0.1.5-cp310-cp310-manylinux1_x86_64.whl,"uv pip install ""https://github.com/vllm-project/vllm/releases/download/v0.1.5/vllm-0.1.5-cp310-cp310-manylinux1_x86_64.whl"" --torch-backend auto",,2023-09-07T23:16:58Z,19067726
303dee86ecadd1bd,release,github,0.1.5,0.1.5,github,default,,cp311,cp311,Linux,x86_64,manylinux1_x86_64,vllm-0.1.5-cp311-cp311-manylinux1_x86_64.whl,,https://github.com/vllm-project/vllm/releases/download/v0.1.5/vllm-0.1.5-cp311-cp311-manylinux1_x86_64.whl,"uv pip install ""https://github.com/vllm-project/vllm/releases/download/v0.1.5/vllm-0.1.5-cp311-cp311-manylinux1_x86_64.whl"" --torch-backend auto",,2023-09-07T23:16:58Z,19078820
9bb7dd76dd755783,release,github,0.1.5,0.1.5,github,default,,cp38,cp38,Linux,x86_64,manylinux1_x86_64,vllm-0.1.5-cp38-cp38-manylinux1_x86_64.whl,,https://github.com/vllm-project/vllm/releases/download/v0.1.5/vllm-0.1.5-cp38-cp38-manylinux1_x86_64.whl,"uv pip install ""https://github.com/vllm-project/vllm/releases/download/v0.1.5/vllm-0.1.5-cp38-cp38-manylinux1_x86_64.whl"" --torch-backend auto",,2023-09-07T23:16:58Z,19063563
74850aebb4c622ff,release,github,0.1.5,0.1.5,github,default,,cp39,cp39,Linux,x86_64,manylinux1_x86_64,vllm-0.1.5-cp39-cp39-manylinux1_x86_64.whl,,https://github.com/vllm-project/vllm/releases/download/v0.1.5/vllm-0.1.5-cp39-cp39-manylinux1_x86_64.whl,"uv pip install ""https://github.com/vllm-project/vllm/releases/download/v0.1.5/vllm-0.1.5-cp39-cp39-manylinux1_x86_64.whl"" --torch-backend auto",,2023-09-07T23:16:58Z,19059291
87b51aacd8ba72c3,release,github,0.1.4,0.1.4,github,default,,cp310,cp310,Linux,x86_64,manylinux1_x86_64,vllm-0.1.4-cp310-cp310-manylinux1_x86_64.whl,,https://github.com/vllm-project/vllm/releases/download/v0.1.4/vllm-0.1.4-cp310-cp310-manylinux1_x86_64.whl,"uv pip install ""https://github.com/vllm-project/vllm/releases/download/v0.1.4/vllm-0.1.4-cp310-cp310-manylinux1_x86_64.whl"" --torch-backend auto",,2023-08-25T03:31:13Z,18829771
3a43705b81924d47,release,github,0.1.4,0.1.4,github,default,,cp311,cp311,Linux,x86_64,manylinux1_x86_64,vllm-0.1.4-cp311-cp311-manylinux1_x86_64.whl,,https://github.com/vllm-project/vllm/releases/download/v0.1.4/vllm-0.1.4-cp311-cp311-manylinux1_x86_64.whl,"uv pip install ""https://github.com/vllm-project/vllm/releases/download/v0.1.4/vllm-0.1.4-cp311-cp311-manylinux1_x86_64.whl"" --torch-backend auto",,2023-08-25T03:31:13Z,18841397
f5629f9f29478feb,release,github,0.1.4,0.1.4,github,default,,cp38,cp38,Linux,x86_64,manylinux1_x86_64,vllm-0.1.4-cp38-cp38-manylinux1_x86_64.whl,,https://github.com/vllm-project/vllm/releases/download/v0.1.4/vllm-0.1.4-cp38-cp38-manylinux1_x86_64.whl,"uv pip install ""https://github.com/vllm-project/vllm/releases/download/v0.1.4/vllm-0.1.4-cp38-cp38-manylinux1_x86_64.whl"" --torch-backend auto",,2023-08-25T03:31:13Z,18824406
9db3379500a007de,release,github,0.1.4,0.1.4,github,default,,cp39,cp39,Linux,x86_64,manylinux1_x86_64,vllm-0.1.4-cp39-cp39-manylinux1_x86_64.whl,,https://github.com/vllm-project/vllm/releases/download/v0.1.4/vllm-0.1.4-cp39-cp39-manylinux1_x86_64.whl,"uv pip install ""https://github.com/vllm-project/vllm/releases/download/v0.1.4/vllm-0.1.4-cp39-cp39-manylinux1_x86_64.whl"" --torch-backend auto",,2023-08-25T03:31:13Z,18820702
